[{"model": "admin.logentry", "pk": 1, "fields": {"action_time": "2021-08-28T19:01:50.438Z", "user": 1, "content_type": 10, "object_id": "1", "object_repr": "Principiante - Capitulo - 1.A - Mba’éichapa", "action_flag": 2, "change_message": "[{\"changed\": {\"fields\": [\"Description\"]}}]"}}, {"model": "admin.logentry", "pk": 2, "fields": {"action_time": "2021-08-28T21:40:50.457Z", "user": 1, "content_type": 9, "object_id": "1", "object_repr": "Principiante - asd", "action_flag": 2, "change_message": "[{\"changed\": {\"fields\": [\"Description\"]}}]"}}, {"model": "admin.logentry", "pk": 3, "fields": {"action_time": "2021-08-28T21:41:04.187Z", "user": 1, "content_type": 9, "object_id": "1", "object_repr": "Principiante - Mba’éichapa", "action_flag": 2, "change_message": "[{\"changed\": {\"fields\": [\"Description\"]}}]"}}, {"model": "admin.logentry", "pk": 4, "fields": {"action_time": "2021-08-28T21:50:42.501Z", "user": 1, "content_type": 9, "object_id": "1", "object_repr": "Principiante - Mba’éichapa", "action_flag": 2, "change_message": "[{\"changed\": {\"fields\": [\"Chapter image\"]}}]"}}, {"model": "admin.logentry", "pk": 5, "fields": {"action_time": "2021-08-28T21:51:32.278Z", "user": 1, "content_type": 10, "object_id": "1", "object_repr": "Principiante - Mba’éichapa - Ejercitario - 1.A", "action_flag": 2, "change_message": "[{\"changed\": {\"fields\": [\"Description\"]}}]"}}, {"model": "admin.logentry", "pk": 6, "fields": {"action_time": "2021-08-28T21:52:30.418Z", "user": 1, "content_type": 20, "object_id": "1", "object_repr": "media_to_media/1.a.1_result.webp", "action_flag": 2, "change_message": "[{\"changed\": {\"fields\": [\"Filename\"]}}]"}}, {"model": "admin.logentry", "pk": 7, "fields": {"action_time": "2021-08-28T21:55:29.240Z", "user": 1, "content_type": 16, "object_id": "16", "object_repr": "INPUT España-gua", "action_flag": 2, "change_message": "[{\"changed\": {\"fields\": [\"Description\", \"Question\"]}}]"}}, {"model": "admin.logentry", "pk": 8, "fields": {"action_time": "2021-08-28T21:55:39.651Z", "user": 1, "content_type": 16, "object_id": "17", "object_repr": "INPUT Brasil-gua", "action_flag": 2, "change_message": "[{\"changed\": {\"fields\": [\"Description\", \"Question\"]}}]"}}, {"model": "admin.logentry", "pk": 9, "fields": {"action_time": "2021-08-28T21:55:52.334Z", "user": 1, "content_type": 16, "object_id": "15", "object_repr": "¿De dónde son ellos?/ Where are they from?", "action_flag": 2, "change_message": "[{\"changed\": {\"fields\": [\"Question\"]}}]"}}, {"model": "admin.logentry", "pk": 10, "fields": {"action_time": "2021-08-28T21:56:20.338Z", "user": 1, "content_type": 10, "object_id": "3", "object_repr": "Principiante - Capitulo - 1.C - Ejercitario - 1.C", "action_flag": 2, "change_message": "[]"}}, {"model": "admin.logentry", "pk": 11, "fields": {"action_time": "2021-08-29T01:24:53.463Z", "user": 1, "content_type": 16, "object_id": "18", "object_repr": "Ore", "action_flag": 1, "change_message": "[{\"added\": {}}, {\"added\": {\"name\": \"text_to_text_detail\", \"object\": \"Nosotros/Incluyente\"}}, {\"added\": {\"name\": \"text_to_text_detail\", \"object\": \"Nosotros/Excluyente\"}}, {\"added\": {\"name\": \"text_to_text_detail\", \"object\": \"Ellos\"}}]"}}, {"model": "admin.logentry", "pk": 12, "fields": {"action_time": "2021-08-29T01:26:46.480Z", "user": 1, "content_type": 16, "object_id": "19", "object_repr": "Ñande", "action_flag": 1, "change_message": "[{\"added\": {}}, {\"added\": {\"name\": \"text_to_text_detail\", \"object\": \"Nosotros/Incluyente\"}}, {\"added\": {\"name\": \"text_to_text_detail\", \"object\": \"Nosotros/Excluyente\"}}, {\"added\": {\"name\": \"text_to_text_detail\", \"object\": \"Ustedes\"}}]"}}, {"model": "admin.logentry", "pk": 13, "fields": {"action_time": "2021-08-29T01:29:06.066Z", "user": 1, "content_type": 16, "object_id": "20", "object_repr": "Pe´ẽ", "action_flag": 1, "change_message": "[{\"added\": {}}, {\"added\": {\"name\": \"text_to_text_detail\", \"object\": \"Nosotros/Incluyente\"}}, {\"added\": {\"name\": \"text_to_text_detail\", \"object\": \"Nosotros/Excluyente\"}}, {\"added\": {\"name\": \"text_to_text_detail\", \"object\": \"Ustedes\"}}]"}}, {"model": "admin.logentry", "pk": 14, "fields": {"action_time": "2021-08-29T02:10:06.197Z", "user": 1, "content_type": 10, "object_id": "11", "object_repr": "Principiante - Capitulo - 1.D - Ejercicios - 1.D", "action_flag": 1, "change_message": "[{\"added\": {}}, {\"added\": {\"name\": \"exercise_detail\", \"object\": \"Order #1 - Texto / Seleccionar Texto\"}}, {\"added\": {\"name\": \"exercise_detail\", \"object\": \"Order #2 - Texto / Seleccionar Texto\"}}, {\"added\": {\"name\": \"exercise_detail\", \"object\": \"Order #3 - Texto / Seleccionar Texto\"}}, {\"added\": {\"name\": \"exercise_detail\", \"object\": \"Order #2 - Texto / Seleccionar Imagen\"}}]"}}, {"model": "admin.logentry", "pk": 15, "fields": {"action_time": "2021-08-29T17:24:51.821Z", "user": 1, "content_type": 18, "object_id": "13", "object_repr": "13 - question", "action_flag": 1, "change_message": "[{\"added\": {}}, {\"added\": {\"name\": \"text_to_media_detail\", \"object\": \"text_to_media/2.3_-_3.3_-_8_columna_A_resultado_1.png\"}}, {\"added\": {\"name\": \"text_to_media_detail\", \"object\": \"text_to_media/ORE_2.1_._3.1_._7.1_COLUMNA_A_resultado_E1hnUYP.png\"}}, {\"added\": {\"name\": \"text_to_media_detail\", \"object\": \"text_to_media/nosotros_2.2_-_3.2_7.2_Y_COLUMNA_A_resultado.png\"}}]"}}, {"model": "admin.logentry", "pk": 16, "fields": {"action_time": "2021-08-29T17:25:19.923Z", "user": 1, "content_type": 18, "object_id": "13", "object_repr": "13 - Ore Español", "action_flag": 2, "change_message": "[{\"changed\": {\"fields\": [\"Question\"]}}]"}}, {"model": "admin.logentry", "pk": 17, "fields": {"action_time": "2021-08-29T17:27:55.678Z", "user": 1, "content_type": 18, "object_id": "13", "object_repr": "13 - Ore Español", "action_flag": 2, "change_message": "[{\"added\": {\"name\": \"text_to_media_detail\", \"object\": \"text_to_media/2.3_-_3.3_-_8_columna_A_resultado_resultado.webp\"}}, {\"added\": {\"name\": \"text_to_media_detail\", \"object\": \"text_to_media/ORE_2.1_._3.1_._7.1_COLUMNA_A_resultado.webp\"}}, {\"added\": {\"name\": \"text_to_media_detail\", \"object\": \"text_to_media/7.1-7.2_resultado_xJ2LtJf.webp\"}}]"}}, {"model": "admin.logentry", "pk": 18, "fields": {"action_time": "2021-08-29T17:38:05.265Z", "user": 1, "content_type": 18, "object_id": "14", "object_repr": "14 - Ñande Francés", "action_flag": 1, "change_message": "[{\"added\": {}}, {\"added\": {\"name\": \"text_to_media_detail\", \"object\": \"text_to_media/Ellos_-columna_A_resultado.png\"}}, {\"added\": {\"name\": \"text_to_media_detail\", \"object\": \"text_to_media/ORE_2.1_._3.1_._7.1_COLUMNA_A_resultado_resultado.webp\"}}, {\"added\": {\"name\": \"text_to_media_detail\", \"object\": \"text_to_media/nosotros_2.2_-_3.2_7.2_Y_COLUMNA_A_resultado_resultado_resultado.webp\"}}]"}}, {"model": "admin.logentry", "pk": 19, "fields": {"action_time": "2021-08-29T17:42:06.982Z", "user": 1, "content_type": 18, "object_id": "15", "object_repr": "15 - Pe´ẽ brasilero", "action_flag": 1, "change_message": "[{\"added\": {}}, {\"added\": {\"name\": \"text_to_media_detail\", \"object\": \"text_to_media/Ellos_-columna_A_resultado_vW5jBQa.png\"}}, {\"added\": {\"name\": \"text_to_media_detail\", \"object\": \"text_to_media/nosotros_2.2_-_3.2_7.2_Y_COLUMNA_A_resultado_resultado_resultado_1ZGCCJV.webp\"}}, {\"added\": {\"name\": \"text_to_media_detail\", \"object\": \"text_to_media/ORE_2.1_._3.1_._7.1_COLUMNA_A_resultado_resultado_3TNrBll.webp\"}}]"}}, {"model": "admin.logentry", "pk": 20, "fields": {"action_time": "2021-08-29T17:46:45.634Z", "user": 1, "content_type": 20, "object_id": "21", "object_repr": "media_to_media/3.1_1c.m4a", "action_flag": 1, "change_message": "[{\"added\": {}}, {\"added\": {\"name\": \"media_to_media_detail\", \"object\": \"Media_to_media_details/nosotros_2.2_-_3.2_7.2_Y_COLUMNA_A_resultado_resultado_resultado.webp\"}}, {\"added\": {\"name\": \"media_to_media_detail\", \"object\": \"Media_to_media_details/7.1-7.2_resultado.webp\"}}, {\"added\": {\"name\": \"media_to_media_detail\", \"object\": \"Media_to_media_details/ORE_2.1_._3.1_._7.1_COLUMNA_A_resultado_resultado.webp\"}}]"}}, {"model": "admin.logentry", "pk": 21, "fields": {"action_time": "2021-08-29T17:49:10.349Z", "user": 1, "content_type": 10, "object_id": "11", "object_repr": "Principiante - Capitulo - 1.D - Ejercicios - 1.D", "action_flag": 2, "change_message": "[]"}}, {"model": "admin.logentry", "pk": 22, "fields": {"action_time": "2021-08-29T17:56:31.575Z", "user": 1, "content_type": 18, "object_id": "16", "object_repr": "16 - Ore Español", "action_flag": 1, "change_message": "[{\"added\": {}}, {\"added\": {\"name\": \"text_to_media_detail\", \"object\": \"text_to_media/7.1-7.2_resultado_4YOn6au.webp\"}}, {\"added\": {\"name\": \"text_to_media_detail\", \"object\": \"text_to_media/Ellos.png\"}}, {\"added\": {\"name\": \"text_to_media_detail\", \"object\": \"text_to_media/ORE.webp\"}}]"}}, {"model": "admin.logentry", "pk": 23, "fields": {"action_time": "2021-08-29T17:56:38.974Z", "user": 1, "content_type": 10, "object_id": "11", "object_repr": "Principiante - Capitulo - 1.D - Ejercicios - 1.D", "action_flag": 2, "change_message": "[{\"added\": {\"name\": \"exercise_detail\", \"object\": \"Order #1 - Audio / Seleccionar Imagen\"}}]"}}, {"model": "admin.logentry", "pk": 24, "fields": {"action_time": "2021-08-29T18:00:12.789Z", "user": 1, "content_type": 18, "object_id": "17", "object_repr": "17 - Ñande Francés", "action_flag": 1, "change_message": "[{\"added\": {}}, {\"added\": {\"name\": \"text_to_media_detail\", \"object\": \"text_to_media/ORE_5nb3t5F.webp\"}}, {\"added\": {\"name\": \"text_to_media_detail\", \"object\": \"text_to_media/nosotros.webp\"}}, {\"added\": {\"name\": \"text_to_media_detail\", \"object\": \"text_to_media/7.1-7.2_resultado_J1SMGdG.webp\"}}]"}}, {"model": "admin.logentry", "pk": 25, "fields": {"action_time": "2021-08-29T18:00:17.065Z", "user": 1, "content_type": 10, "object_id": "11", "object_repr": "Principiante - Capitulo - 1.D - Ejercicios - 1.D", "action_flag": 2, "change_message": "[{\"added\": {\"name\": \"exercise_detail\", \"object\": \"Order #1 - Texto / Seleccionar Imagen\"}}]"}}, {"model": "admin.logentry", "pk": 26, "fields": {"action_time": "2021-08-29T18:01:58.199Z", "user": 1, "content_type": 18, "object_id": "18", "object_repr": "18 - Pe´ẽ brasilero", "action_flag": 1, "change_message": "[{\"added\": {}}, {\"added\": {\"name\": \"text_to_media_detail\", \"object\": \"text_to_media/4._2-_7.2_y_7.4_ellos_y_columna_A_resultado.webp\"}}, {\"added\": {\"name\": \"text_to_media_detail\", \"object\": \"text_to_media/7.1-7.2_resultado_uv3DKSN.webp\"}}, {\"added\": {\"name\": \"text_to_media_detail\", \"object\": \"text_to_media/El_4.1_-7.1_7.2_rta_correct._10_columna_A_resultado.webp\"}}]"}}, {"model": "admin.logentry", "pk": 27, "fields": {"action_time": "2021-08-29T18:07:40.707Z", "user": 1, "content_type": 18, "object_id": "19", "object_repr": "19 - Pe´ẽ brasilero", "action_flag": 1, "change_message": "[{\"added\": {}}, {\"added\": {\"name\": \"text_to_media_detail\", \"object\": \"text_to_media/EL.webp\"}}, {\"added\": {\"name\": \"text_to_media_detail\", \"object\": \"text_to_media/Ellos.webp\"}}, {\"added\": {\"name\": \"text_to_media_detail\", \"object\": \"text_to_media/yo.webp\"}}]"}}, {"model": "admin.logentry", "pk": 28, "fields": {"action_time": "2021-08-29T18:11:24.966Z", "user": 1, "content_type": 18, "object_id": "20", "object_repr": "20 - Ore Español", "action_flag": 1, "change_message": "[{\"added\": {}}, {\"added\": {\"name\": \"text_to_media_detail\", \"object\": \"text_to_media/EL_A6KiBBm.webp\"}}, {\"added\": {\"name\": \"text_to_media_detail\", \"object\": \"text_to_media/Ellos_9drqSnR.webp\"}}, {\"added\": {\"name\": \"text_to_media_detail\", \"object\": \"text_to_media/yo_HZc4DFf.webp\"}}]"}}, {"model": "admin.logentry", "pk": 29, "fields": {"action_time": "2021-08-29T18:11:35.300Z", "user": 1, "content_type": 10, "object_id": "11", "object_repr": "Principiante - Capitulo - 1.D - Ejercicios - 1.D", "action_flag": 2, "change_message": "[{\"added\": {\"name\": \"exercise_detail\", \"object\": \"Order #1 - Texto / Seleccionar Imagen\"}}]"}}, {"model": "admin.logentry", "pk": 30, "fields": {"action_time": "2021-08-29T18:13:30.126Z", "user": 1, "content_type": 10, "object_id": "11", "object_repr": "Principiante - Capitulo - 1.D - Ejercicios - 1.D", "action_flag": 2, "change_message": "[{\"changed\": {\"name\": \"exercise_detail\", \"object\": \"Order #4 - Texto / Seleccionar Imagen\", \"fields\": [\"Order\"]}}]"}}, {"model": "admin.logentry", "pk": 31, "fields": {"action_time": "2021-08-29T18:13:56.703Z", "user": 1, "content_type": 10, "object_id": "11", "object_repr": "Principiante - Capitulo - 1.D - Ejercicios - 1.D", "action_flag": 2, "change_message": "[{\"changed\": {\"name\": \"exercise_detail\", \"object\": \"Order #5 - Audio / Seleccionar Imagen\", \"fields\": [\"Order\"]}}, {\"changed\": {\"name\": \"exercise_detail\", \"object\": \"Order #6 - Texto / Seleccionar Imagen\", \"fields\": [\"Order\"]}}]"}}, {"model": "admin.logentry", "pk": 32, "fields": {"action_time": "2021-08-29T18:14:37.813Z", "user": 1, "content_type": 10, "object_id": "11", "object_repr": "Principiante - Capitulo - 1.D - Ejercicios - 1.D", "action_flag": 2, "change_message": "[{\"changed\": {\"name\": \"exercise_detail\", \"object\": \"Order #7 - Texto / Seleccionar Imagen\", \"fields\": [\"Order\"]}}]"}}, {"model": "admin.logentry", "pk": 33, "fields": {"action_time": "2021-08-29T18:17:19.035Z", "user": 1, "content_type": 18, "object_id": "21", "object_repr": "21 - Pe´ẽ brasilero", "action_flag": 1, "change_message": "[{\"added\": {}}, {\"added\": {\"name\": \"text_to_media_detail\", \"object\": \"text_to_media/EL_09ArA5k.webp\"}}, {\"added\": {\"name\": \"text_to_media_detail\", \"object\": \"text_to_media/Ellos_flTeeV6.png\"}}, {\"added\": {\"name\": \"text_to_media_detail\", \"object\": \"text_to_media/yo_TQkJ8Wb.webp\"}}]"}}, {"model": "admin.logentry", "pk": 34, "fields": {"action_time": "2021-08-29T18:17:37.704Z", "user": 1, "content_type": 10, "object_id": "11", "object_repr": "Principiante - Capitulo - 1.D - Ejercicios - 1.D", "action_flag": 2, "change_message": "[{\"added\": {\"name\": \"exercise_detail\", \"object\": \"Order #8 - Texto / Seleccionar Imagen\"}}]"}}, {"model": "admin.logentry", "pk": 35, "fields": {"action_time": "2021-08-29T18:22:52.779Z", "user": 1, "content_type": 20, "object_id": "22", "object_repr": "media_to_media/3.1_1c_NJURXeh.m4a", "action_flag": 1, "change_message": "[{\"added\": {}}, {\"added\": {\"name\": \"media_to_media_detail\", \"object\": \"Media_to_media_details/ORE.webp\"}}, {\"added\": {\"name\": \"media_to_media_detail\", \"object\": \"Media_to_media_details/nosotros.webp\"}}, {\"added\": {\"name\": \"media_to_media_detail\", \"object\": \"Media_to_media_details/Ellos.png\"}}]"}}, {"model": "admin.logentry", "pk": 36, "fields": {"action_time": "2021-08-29T18:23:13.123Z", "user": 1, "content_type": 10, "object_id": "11", "object_repr": "Principiante - Capitulo - 1.D - Ejercicios - 1.D", "action_flag": 2, "change_message": "[{\"added\": {\"name\": \"exercise_detail\", \"object\": \"Order #9 - Audio / Seleccionar Imagen\"}}]"}}, {"model": "admin.logentry", "pk": 37, "fields": {"action_time": "2021-08-29T18:47:04.813Z", "user": 1, "content_type": 16, "object_id": "21", "object_repr": "Maitei, che cheréra Carol ha ha´e Sofía. Ore Brasil-gua", "action_flag": 1, "change_message": "[{\"added\": {}}, {\"added\": {\"name\": \"text_to_text_detail\", \"object\": \"a.\\tHola, yo soy Caro y ella es Sof\\u00eda. Nosotras viajamos a Brasil.\"}}, {\"added\": {\"name\": \"text_to_text_detail\", \"object\": \"b.\\tHola, mi nombre es Carol y ella Sof\\u00eda. Nosotras somos de Brasil.\"}}, {\"added\": {\"name\": \"text_to_text_detail\", \"object\": \"c.\\tHola, yo soy Carol. Mi amiga Sof\\u00eda vive en Brasil.\"}}]"}}, {"model": "admin.logentry", "pk": 38, "fields": {"action_time": "2021-08-29T18:47:21.513Z", "user": 1, "content_type": 10, "object_id": "11", "object_repr": "Principiante - Capitulo - 1.D - Ejercicios - 1.D", "action_flag": 2, "change_message": "[{\"added\": {\"name\": \"exercise_detail\", \"object\": \"Order #10 - Texto / Seleccionar Texto\"}}]"}}, {"model": "admin.logentry", "pk": 39, "fields": {"action_time": "2021-08-29T18:54:26.959Z", "user": 1, "content_type": 20, "object_id": "23", "object_repr": "media_to_media/5.1_1c.m4a", "action_flag": 1, "change_message": "[{\"added\": {}}, {\"added\": {\"name\": \"media_to_media_detail\", \"object\": \"Media_to_media_details/5.1_rta.m4a\"}}, {\"added\": {\"name\": \"media_to_media_detail\", \"object\": \"Media_to_media_details/5.1_rta2.m4a\"}}, {\"added\": {\"name\": \"media_to_media_detail\", \"object\": \"Media_to_media_details/5_1_rta_3.m4a\"}}]"}}, {"model": "admin.logentry", "pk": 40, "fields": {"action_time": "2021-08-29T18:59:40.253Z", "user": 1, "content_type": 20, "object_id": "24", "object_repr": "media_to_media/5.1_1c_wPXhJvK.m4a", "action_flag": 1, "change_message": "[{\"added\": {}}, {\"added\": {\"name\": \"media_to_media_detail\", \"object\": \"Media_to_media_details/5.2_rta_1.m4a\"}}, {\"added\": {\"name\": \"media_to_media_detail\", \"object\": \"Media_to_media_details/5.1_rta2_RJrwZxV.m4a\"}}, {\"added\": {\"name\": \"media_to_media_detail\", \"object\": \"Media_to_media_details/5_1_rta_3_G4Igm8e.m4a\"}}]"}}, {"model": "admin.logentry", "pk": 41, "fields": {"action_time": "2021-08-29T19:04:29.160Z", "user": 1, "content_type": 10, "object_id": "11", "object_repr": "Principiante - Capitulo - 1.D - Ejercicios - 1.D", "action_flag": 2, "change_message": "[{\"added\": {\"name\": \"exercise_detail\", \"object\": \"Order #11 - Audio / Seleccionar Audio\"}}]"}}, {"model": "admin.logentry", "pk": 42, "fields": {"action_time": "2021-08-29T19:05:30.867Z", "user": 1, "content_type": 20, "object_id": "1", "object_repr": "media_to_media/1.a.1_result.webp", "action_flag": 2, "change_message": "[{\"changed\": {\"fields\": [\"Description\"]}}, {\"changed\": {\"name\": \"media_to_media_detail\", \"object\": \"Media_to_media_details/1.A.1_rMsTuMJ.m4a\", \"fields\": [\"Description\"]}}]"}}, {"model": "admin.logentry", "pk": 43, "fields": {"action_time": "2021-08-29T19:08:05.420Z", "user": 1, "content_type": 20, "object_id": "1", "object_repr": "media_to_media/1.a.1_result.webp", "action_flag": 2, "change_message": "[]"}}, {"model": "admin.logentry", "pk": 44, "fields": {"action_time": "2021-08-29T19:08:40.557Z", "user": 1, "content_type": 20, "object_id": "25", "object_repr": "media_to_media/5.2_1c.m4a", "action_flag": 1, "change_message": "[{\"added\": {}}, {\"added\": {\"name\": \"media_to_media_detail\", \"object\": \"Media_to_media_details/5.2_rta_1_XI18Pox.m4a\"}}, {\"added\": {\"name\": \"media_to_media_detail\", \"object\": \"Media_to_media_details/5.2_rta_2.m4a\"}}, {\"added\": {\"name\": \"media_to_media_detail\", \"object\": \"Media_to_media_details/5.2_rta_3.m4a\"}}]"}}, {"model": "admin.logentry", "pk": 45, "fields": {"action_time": "2021-08-29T19:09:07.046Z", "user": 1, "content_type": 10, "object_id": "11", "object_repr": "Principiante - Capitulo - 1.D - Ejercicios - 1.D", "action_flag": 2, "change_message": "[{\"added\": {\"name\": \"exercise_detail\", \"object\": \"Order #12 - Audio / Seleccionar Audio\"}}]"}}, {"model": "admin.logentry", "pk": 46, "fields": {"action_time": "2021-08-29T19:25:05.442Z", "user": 1, "content_type": 20, "object_id": "4", "object_repr": "media_to_media/1A4.mp3", "action_flag": 2, "change_message": "[{\"changed\": {\"fields\": [\"Filename\"]}}]"}}, {"model": "admin.logentry", "pk": 47, "fields": {"action_time": "2021-08-29T19:26:07.875Z", "user": 1, "content_type": 20, "object_id": "26", "object_repr": "media_to_media/5.3_1c.m4a", "action_flag": 1, "change_message": "[{\"added\": {}}, {\"added\": {\"name\": \"media_to_media_detail\", \"object\": \"Media_to_media_details/5.3_rta_1.m4a\"}}, {\"added\": {\"name\": \"media_to_media_detail\", \"object\": \"Media_to_media_details/5.3_rta_2.m4a\"}}, {\"added\": {\"name\": \"media_to_media_detail\", \"object\": \"Media_to_media_details/5.3_rta_3.m4a\"}}]"}}, {"model": "admin.logentry", "pk": 48, "fields": {"action_time": "2021-08-29T19:28:26.249Z", "user": 1, "content_type": 20, "object_id": "4", "object_repr": "media_to_media/1.a.4_ud3JYl8.jpg", "action_flag": 2, "change_message": "[{\"changed\": {\"fields\": [\"Filename\"]}}]"}}, {"model": "admin.logentry", "pk": 49, "fields": {"action_time": "2021-08-29T19:30:42.305Z", "user": 1, "content_type": 20, "object_id": "4", "object_repr": "media_to_media/1.a.4_resultado.webp", "action_flag": 2, "change_message": "[{\"changed\": {\"fields\": [\"Filename\"]}}]"}}, {"model": "admin.logentry", "pk": 50, "fields": {"action_time": "2021-08-29T19:31:58.459Z", "user": 1, "content_type": 10, "object_id": "11", "object_repr": "Principiante - Capitulo - 1.D - Ejercicios - 1.D", "action_flag": 2, "change_message": "[{\"added\": {\"name\": \"exercise_detail\", \"object\": \"Order #13 - Audio / Seleccionar Audio\"}}]"}}, {"model": "admin.logentry", "pk": 51, "fields": {"action_time": "2021-08-29T19:32:59.307Z", "user": 1, "content_type": 20, "object_id": "4", "object_repr": "media_to_media/1.a.4_resultado_resultado_resultado_resultado.webp", "action_flag": 2, "change_message": "[{\"changed\": {\"fields\": [\"Filename\"]}}]"}}, {"model": "admin.logentry", "pk": 52, "fields": {"action_time": "2021-08-29T19:37:26.167Z", "user": 1, "content_type": 20, "object_id": "4", "object_repr": "media_to_media/Pedro.png", "action_flag": 2, "change_message": "[{\"changed\": {\"fields\": [\"Filename\"]}}]"}}, {"model": "admin.logentry", "pk": 53, "fields": {"action_time": "2021-08-29T19:38:48.889Z", "user": 1, "content_type": 20, "object_id": "4", "object_repr": "media_to_media/Pedro_resultado.webp", "action_flag": 2, "change_message": "[{\"changed\": {\"fields\": [\"Filename\"]}}]"}}, {"model": "admin.logentry", "pk": 54, "fields": {"action_time": "2021-08-29T19:44:47.218Z", "user": 1, "content_type": 20, "object_id": "4", "object_repr": "media_to_media/Pedro_resultado.webp", "action_flag": 2, "change_message": "[{\"changed\": {\"name\": \"media_to_media_detail\", \"object\": \"Media_to_media_details/1A4.mp3\", \"fields\": [\"Answer filename\"]}}]"}}, {"model": "admin.logentry", "pk": 55, "fields": {"action_time": "2021-08-29T19:58:12.807Z", "user": 1, "content_type": 10, "object_id": "11", "object_repr": "Principiante - Capitulo - 1.D - Ejercicios - 1.D", "action_flag": 2, "change_message": "[]"}}, {"model": "admin.logentry", "pk": 56, "fields": {"action_time": "2021-08-29T20:14:07.720Z", "user": 1, "content_type": 21, "object_id": "2", "object_repr": "media_to_text/1.A.6.m4a", "action_flag": 2, "change_message": "[{\"changed\": {\"name\": \"media_to_text_detail\", \"object\": \"Mba'eteko, Luis.\", \"fields\": [\"Answer\"]}}, {\"changed\": {\"name\": \"media_to_text_detail\", \"object\": \"Maitei, Pedro.\", \"fields\": [\"Answer\"]}}, {\"changed\": {\"name\": \"media_to_text_detail\", \"object\": \"Mba\\u2019\\u00e9ichapa, Juan.\", \"fields\": [\"Answer\"]}}]"}}, {"model": "admin.logentry", "pk": 57, "fields": {"action_time": "2021-08-29T20:33:27.774Z", "user": 1, "content_type": 21, "object_id": "14", "object_repr": "media_to_text/6.1.m4a", "action_flag": 1, "change_message": "[{\"added\": {}}, {\"added\": {\"name\": \"media_to_text_detail\", \"object\": \"Ustedes son de Francias.\"}}, {\"added\": {\"name\": \"media_to_text_detail\", \"object\": \"Nosotros somos franceses.\"}}, {\"added\": {\"name\": \"media_to_text_detail\", \"object\": \"Yo vivo en Francia.\"}}]"}}, {"model": "admin.logentry", "pk": 58, "fields": {"action_time": "2021-08-29T20:34:06.820Z", "user": 1, "content_type": 10, "object_id": "11", "object_repr": "Principiante - Capitulo - 1.D - Ejercicios - 1.D", "action_flag": 2, "change_message": "[{\"added\": {\"name\": \"exercise_detail\", \"object\": \"Order #14 - Audio / Seleccionar Texto\"}}, {\"added\": {\"name\": \"exercise_detail\", \"object\": \"Order #1 - Audio / Seleccionar Texto\"}}]"}}, {"model": "admin.logentry", "pk": 59, "fields": {"action_time": "2021-08-29T20:34:10.297Z", "user": 1, "content_type": 20, "object_id": "5", "object_repr": "media_to_media/1.A.3.7.10.21_3eawAD2.m4a", "action_flag": 2, "change_message": "[{\"changed\": {\"fields\": [\"Filename\"]}}]"}}, {"model": "admin.logentry", "pk": 60, "fields": {"action_time": "2021-08-29T20:36:19.968Z", "user": 1, "content_type": 21, "object_id": "15", "object_repr": "media_to_text/6.2.m4a", "action_flag": 1, "change_message": "[{\"added\": {}}, {\"added\": {\"name\": \"media_to_text_detail\", \"object\": \"Nosotros somos Italianos.\"}}, {\"added\": {\"name\": \"media_to_text_detail\", \"object\": \"Yo soy Italiana.\"}}, {\"added\": {\"name\": \"media_to_text_detail\", \"object\": \"Ellos son Italianos.\"}}]"}}, {"model": "admin.logentry", "pk": 61, "fields": {"action_time": "2021-08-29T20:36:30.680Z", "user": 1, "content_type": 10, "object_id": "11", "object_repr": "Principiante - Capitulo - 1.D - Ejercicios - 1.D", "action_flag": 2, "change_message": "[{\"changed\": {\"name\": \"exercise_detail\", \"object\": \"Order #15 - Audio / Seleccionar Texto\", \"fields\": [\"Exercise id Media to text\", \"Order\"]}}]"}}, {"model": "admin.logentry", "pk": 62, "fields": {"action_time": "2021-08-29T20:39:34.149Z", "user": 1, "content_type": 20, "object_id": "5", "object_repr": "media_to_media/1.A.3.7.10.21_3eawAD2.m4a", "action_flag": 2, "change_message": "[{\"changed\": {\"name\": \"media_to_media_detail\", \"object\": \"Media_to_media_details/1.A.3.7.10.21_FVWGd9m.m4a\", \"fields\": [\"Answer filename\"]}}]"}}, {"model": "admin.logentry", "pk": 63, "fields": {"action_time": "2021-08-29T20:40:18.373Z", "user": 1, "content_type": 21, "object_id": "16", "object_repr": "media_to_text/6.3.m4a", "action_flag": 1, "change_message": "[{\"added\": {}}, {\"added\": {\"name\": \"media_to_text_detail\", \"object\": \"Ella es rusa.\"}}, {\"added\": {\"name\": \"media_to_text_detail\", \"object\": \"Ellos son rusos.\"}}, {\"added\": {\"name\": \"media_to_text_detail\", \"object\": \"Ustedes son rusos.\"}}]"}}, {"model": "admin.logentry", "pk": 64, "fields": {"action_time": "2021-08-29T20:40:31.098Z", "user": 1, "content_type": 10, "object_id": "11", "object_repr": "Principiante - Capitulo - 1.D - Ejercicios - 1.D", "action_flag": 2, "change_message": "[{\"added\": {\"name\": \"exercise_detail\", \"object\": \"Order #1 - Audio / Seleccionar Texto\"}}]"}}, {"model": "admin.logentry", "pk": 65, "fields": {"action_time": "2021-08-29T20:41:49.061Z", "user": 1, "content_type": 20, "object_id": "5", "object_repr": "media_to_media/1.A.3.7.10.21_3eawAD2.m4a", "action_flag": 2, "change_message": "[{\"changed\": {\"name\": \"media_to_media_detail\", \"object\": \"Media_to_media_details/1.A.8.m4a\", \"fields\": [\"Answer filename\"]}}]"}}, {"model": "admin.logentry", "pk": 66, "fields": {"action_time": "2021-08-29T20:43:22.908Z", "user": 1, "content_type": 21, "object_id": "17", "object_repr": "media_to_text/ORE.webp", "action_flag": 1, "change_message": "[{\"added\": {}}, {\"added\": {\"name\": \"media_to_text_detail\", \"object\": \"Ore.\"}}]"}}, {"model": "admin.logentry", "pk": 67, "fields": {"action_time": "2021-08-29T20:43:37.619Z", "user": 1, "content_type": 10, "object_id": "11", "object_repr": "Principiante - Capitulo - 1.D - Ejercicios - 1.D", "action_flag": 2, "change_message": "[{\"added\": {\"name\": \"exercise_detail\", \"object\": \"Order #1 - Imagen / Completar Oracion\"}}]"}}, {"model": "admin.logentry", "pk": 68, "fields": {"action_time": "2021-08-29T20:45:29.460Z", "user": 1, "content_type": 10, "object_id": "11", "object_repr": "Principiante - Capitulo - 1.D - Ejercicios - 1.D", "action_flag": 2, "change_message": "[{\"added\": {\"name\": \"exercise_detail\", \"object\": \"Order #1 - Imagen / Completar Oracion\"}}, {\"changed\": {\"name\": \"exercise_detail\", \"object\": \"Order #16 - Audio / Seleccionar Texto\", \"fields\": [\"Order\"]}}]"}}, {"model": "admin.logentry", "pk": 69, "fields": {"action_time": "2021-08-29T20:46:41.854Z", "user": 1, "content_type": 10, "object_id": "11", "object_repr": "Principiante - Capitulo - 1.D - Ejercicios - 1.D", "action_flag": 2, "change_message": "[{\"changed\": {\"name\": \"exercise_detail\", \"object\": \"Order #17 - Imagen / Completar Oracion\", \"fields\": [\"Order\"]}}]"}}, {"model": "admin.logentry", "pk": 70, "fields": {"action_time": "2021-08-29T20:48:04.820Z", "user": 1, "content_type": 21, "object_id": "18", "object_repr": "media_to_text/nosotros.webp", "action_flag": 1, "change_message": "[{\"added\": {}}, {\"added\": {\"name\": \"media_to_text_detail\", \"object\": \"\\u00d1ANDE.\"}}]"}}, {"model": "admin.logentry", "pk": 71, "fields": {"action_time": "2021-08-29T20:48:22.496Z", "user": 1, "content_type": 10, "object_id": "11", "object_repr": "Principiante - Capitulo - 1.D - Ejercicios - 1.D", "action_flag": 2, "change_message": "[{\"changed\": {\"name\": \"exercise_detail\", \"object\": \"Order #18 - Imagen / Completar Oracion\", \"fields\": [\"Exercise id Media to text\", \"Order\"]}}]"}}, {"model": "admin.logentry", "pk": 72, "fields": {"action_time": "2021-08-29T20:55:52.108Z", "user": 1, "content_type": 21, "object_id": "19", "object_repr": "media_to_text/8_.1.m4a", "action_flag": 1, "change_message": "[{\"added\": {}}, {\"added\": {\"name\": \"media_to_text_detail\", \"object\": \"Yo soy puertorrique\\u00f1o\"}}, {\"added\": {\"name\": \"media_to_text_detail\", \"object\": \"b.\\tNosotros somos puertorrique\\u00f1os.\"}}, {\"added\": {\"name\": \"media_to_text_detail\", \"object\": \"Ustedes son puertorrique\\u00f1os.\"}}]"}}, {"model": "admin.logentry", "pk": 73, "fields": {"action_time": "2021-08-29T20:56:35.240Z", "user": 1, "content_type": 21, "object_id": "19", "object_repr": "media_to_text/8_.1.m4a", "action_flag": 2, "change_message": "[{\"changed\": {\"name\": \"media_to_text_detail\", \"object\": \"Nosotros somos puertorrique\\u00f1os.\", \"fields\": [\"Answer\"]}}, {\"changed\": {\"name\": \"media_to_text_detail\", \"object\": \"Ustedes son puertorrique\\u00f1os.\", \"fields\": [\"Correct answer\"]}}]"}}, {"model": "admin.logentry", "pk": 74, "fields": {"action_time": "2021-08-29T20:56:45.510Z", "user": 1, "content_type": 10, "object_id": "11", "object_repr": "Principiante - Capitulo - 1.D - Ejercicios - 1.D", "action_flag": 2, "change_message": "[{\"added\": {\"name\": \"exercise_detail\", \"object\": \"Order #19 - Audio / Seleccionar Texto\"}}]"}}, {"model": "admin.logentry", "pk": 75, "fields": {"action_time": "2021-08-29T21:05:50.326Z", "user": 1, "content_type": 21, "object_id": "20", "object_repr": "media_to_text/8.2.m4a", "action_flag": 1, "change_message": "[{\"added\": {}}, {\"added\": {\"name\": \"media_to_text_detail\", \"object\": \"Ustedes son uruguayos.\"}}, {\"added\": {\"name\": \"media_to_text_detail\", \"object\": \"Ella es uruguaya\"}}, {\"added\": {\"name\": \"media_to_text_detail\", \"object\": \"Nosotros somos uruguayos.\"}}]"}}, {"model": "admin.logentry", "pk": 76, "fields": {"action_time": "2021-08-29T21:05:54.854Z", "user": 1, "content_type": 10, "object_id": "11", "object_repr": "Principiante - Capitulo - 1.D - Ejercicios - 1.D", "action_flag": 2, "change_message": "[{\"added\": {\"name\": \"exercise_detail\", \"object\": \"Order #20 - Audio / Seleccionar Texto\"}}]"}}, {"model": "admin.logentry", "pk": 77, "fields": {"action_time": "2021-08-29T21:08:02.860Z", "user": 1, "content_type": 21, "object_id": "21", "object_repr": "media_to_text/8_.3.m4a", "action_flag": 1, "change_message": "[{\"added\": {}}, {\"added\": {\"name\": \"media_to_text_detail\", \"object\": \"Nosotros somos de Colombia.\"}}, {\"added\": {\"name\": \"media_to_text_detail\", \"object\": \"\\u00c9l vive en Colombia.\"}}, {\"added\": {\"name\": \"media_to_text_detail\", \"object\": \"Yo soy de Colombia\"}}]"}}, {"model": "admin.logentry", "pk": 78, "fields": {"action_time": "2021-08-29T21:08:08.845Z", "user": 1, "content_type": 10, "object_id": "11", "object_repr": "Principiante - Capitulo - 1.D - Ejercicios - 1.D", "action_flag": 2, "change_message": "[{\"added\": {\"name\": \"exercise_detail\", \"object\": \"Order #21 - Audio / Seleccionar Texto\"}}]"}}, {"model": "admin.logentry", "pk": 79, "fields": {"action_time": "2021-08-29T21:11:14.503Z", "user": 1, "content_type": 10, "object_id": "11", "object_repr": "Principiante - Capitulo - 1.D - Ejercicios - 1.D", "action_flag": 2, "change_message": "[]"}}, {"model": "admin.logentry", "pk": 80, "fields": {"action_time": "2021-08-29T21:18:40.401Z", "user": 1, "content_type": 16, "object_id": "22", "object_repr": "Pateĩ, Pakõi, Paapy, Parandy, Papo", "action_flag": 1, "change_message": "[{\"added\": {}}, {\"added\": {\"name\": \"text_to_text_detail\", \"object\": \"Uno, dos, tres, cuatro, cinco\"}}, {\"added\": {\"name\": \"text_to_text_detail\", \"object\": \"Once, doce, trece, catorce, quince\"}}, {\"added\": {\"name\": \"text_to_text_detail\", \"object\": \"o\\tDiecis\\u00e9is, diecisiete, dieciocho, diecinueve, veinte\"}}]"}}, {"model": "admin.logentry", "pk": 81, "fields": {"action_time": "2021-08-29T21:19:02.452Z", "user": 1, "content_type": 10, "object_id": "11", "object_repr": "Principiante - Capitulo - 1.D - Ejercicios - 1.D", "action_flag": 2, "change_message": "[{\"added\": {\"name\": \"exercise_detail\", \"object\": \"Order #22 - Texto / Seleccionar Texto\"}}]"}}, {"model": "admin.logentry", "pk": 82, "fields": {"action_time": "2021-08-29T21:22:09.371Z", "user": 1, "content_type": 16, "object_id": "23", "object_repr": "\tPapoteĩ, papokõi, papoapy paporundy, mokõipa:", "action_flag": 1, "change_message": "[{\"added\": {}}, {\"added\": {\"name\": \"text_to_text_detail\", \"object\": \"Uno, dos, tres, cuatro, cinco\"}}, {\"added\": {\"name\": \"text_to_text_detail\", \"object\": \"Once, doce, trece, catorce, quince\"}}, {\"added\": {\"name\": \"text_to_text_detail\", \"object\": \"Diecis\\u00e9is, diecisiete, dieciocho, diecinueve, veinte\"}}]"}}, {"model": "admin.logentry", "pk": 83, "fields": {"action_time": "2021-08-29T21:22:14.127Z", "user": 1, "content_type": 10, "object_id": "11", "object_repr": "Principiante - Capitulo - 1.D - Ejercicios - 1.D", "action_flag": 2, "change_message": "[{\"added\": {\"name\": \"exercise_detail\", \"object\": \"Order #1 - Texto / Seleccionar Texto\"}}]"}}, {"model": "admin.logentry", "pk": 84, "fields": {"action_time": "2021-08-29T21:22:44.930Z", "user": 1, "content_type": 16, "object_id": "23", "object_repr": "Papoteĩ, papokõi, papoapy paporundy, mokõipa:", "action_flag": 2, "change_message": "[{\"changed\": {\"fields\": [\"Question\"]}}]"}}, {"model": "admin.logentry", "pk": 85, "fields": {"action_time": "2021-08-29T21:24:04.252Z", "user": 1, "content_type": 10, "object_id": "11", "object_repr": "Principiante - Capitulo - 1.D - Ejercicios - 1.D", "action_flag": 2, "change_message": "[]"}}, {"model": "admin.logentry", "pk": 86, "fields": {"action_time": "2021-08-29T21:24:29.508Z", "user": 1, "content_type": 10, "object_id": "11", "object_repr": "Principiante - Capitulo - 1.D - Ejercicios - 1.D", "action_flag": 2, "change_message": "[{\"changed\": {\"name\": \"exercise_detail\", \"object\": \"Order #23 - Texto / Seleccionar Texto\", \"fields\": [\"Order\"]}}]"}}, {"model": "admin.logentry", "pk": 87, "fields": {"action_time": "2021-08-29T21:27:14.552Z", "user": 1, "content_type": 18, "object_id": "22", "object_repr": "22 - Pablo oguereko pateĩ ary.", "action_flag": 1, "change_message": "[{\"added\": {}}, {\"added\": {\"name\": \"text_to_media_detail\", \"object\": \"text_to_media/quince.webp\"}}, {\"added\": {\"name\": \"text_to_media_detail\", \"object\": \"text_to_media/numero.webp\"}}, {\"added\": {\"name\": \"text_to_media_detail\", \"object\": \"text_to_media/mano.webp\"}}]"}}, {"model": "admin.logentry", "pk": 88, "fields": {"action_time": "2021-08-29T21:28:12.860Z", "user": 1, "content_type": 10, "object_id": "11", "object_repr": "Principiante - Capitulo - 1.D - Ejercicios - 1.D", "action_flag": 2, "change_message": "[{\"added\": {\"name\": \"exercise_detail\", \"object\": \"Order #24 - Texto / Seleccionar Imagen\"}}, {\"added\": {\"name\": \"exercise_detail\", \"object\": \"Order #1 - Texto / Seleccionar Imagen\"}}]"}}, {"model": "admin.logentry", "pk": 89, "fields": {"action_time": "2021-08-29T21:29:22.606Z", "user": 1, "content_type": 18, "object_id": "23", "object_repr": "23 - María oguereko papo ary.", "action_flag": 1, "change_message": "[{\"added\": {}}, {\"added\": {\"name\": \"text_to_media_detail\", \"object\": \"text_to_media/mano_oACRtHf.webp\"}}, {\"added\": {\"name\": \"text_to_media_detail\", \"object\": \"text_to_media/numero_izgR58I.webp\"}}, {\"added\": {\"name\": \"text_to_media_detail\", \"object\": \"text_to_media/quince_bK6WoBL.webp\"}}]"}}, {"model": "admin.logentry", "pk": 90, "fields": {"action_time": "2021-08-29T21:29:35.643Z", "user": 1, "content_type": 10, "object_id": "11", "object_repr": "Principiante - Capitulo - 1.D - Ejercicios - 1.D", "action_flag": 2, "change_message": "[{\"changed\": {\"name\": \"exercise_detail\", \"object\": \"Order #25 - Texto / Seleccionar Imagen\", \"fields\": [\"Exercise id Text to media\", \"Order\"]}}]"}}, {"model": "admin.logentry", "pk": 91, "fields": {"action_time": "2021-08-29T21:30:57.839Z", "user": 1, "content_type": 10, "object_id": "11", "object_repr": "Principiante - Capitulo - 1.D - Ejercicios - 1.D", "action_flag": 2, "change_message": "[{\"added\": {\"name\": \"exercise_detail\", \"object\": \"Order #1 - Audio / Seleccionar Texto\"}}]"}}, {"model": "admin.logentry", "pk": 92, "fields": {"action_time": "2021-08-29T21:32:31.625Z", "user": 1, "content_type": 21, "object_id": "22", "object_repr": "media_to_text/11.1.m4a", "action_flag": 1, "change_message": "[{\"added\": {}}, {\"added\": {\"name\": \"media_to_text_detail\", \"object\": \"11\"}}, {\"added\": {\"name\": \"media_to_text_detail\", \"object\": \"12\"}}, {\"added\": {\"name\": \"media_to_text_detail\", \"object\": \"13\"}}]"}}, {"model": "admin.logentry", "pk": 93, "fields": {"action_time": "2021-08-29T21:32:46.828Z", "user": 1, "content_type": 10, "object_id": "11", "object_repr": "Principiante - Capitulo - 1.D - Ejercicios - 1.D", "action_flag": 2, "change_message": "[{\"changed\": {\"name\": \"exercise_detail\", \"object\": \"Order #26 - Audio / Seleccionar Texto\", \"fields\": [\"Exercise id Media to text\", \"Order\"]}}]"}}, {"model": "admin.logentry", "pk": 94, "fields": {"action_time": "2021-08-29T21:35:27.922Z", "user": 1, "content_type": 21, "object_id": "23", "object_repr": "media_to_text/11.2.m4a", "action_flag": 1, "change_message": "[{\"added\": {}}, {\"added\": {\"name\": \"media_to_text_detail\", \"object\": \"12\"}}, {\"added\": {\"name\": \"media_to_text_detail\", \"object\": \"15\"}}, {\"added\": {\"name\": \"media_to_text_detail\", \"object\": \"20\"}}]"}}, {"model": "admin.logentry", "pk": 95, "fields": {"action_time": "2021-08-29T21:35:33.681Z", "user": 1, "content_type": 10, "object_id": "11", "object_repr": "Principiante - Capitulo - 1.D - Ejercicios - 1.D", "action_flag": 2, "change_message": "[{\"added\": {\"name\": \"exercise_detail\", \"object\": \"Order #27 - Audio / Seleccionar Texto\"}}]"}}, {"model": "admin.logentry", "pk": 96, "fields": {"action_time": "2021-08-29T21:37:16.089Z", "user": 1, "content_type": 21, "object_id": "24", "object_repr": "media_to_text/11.3.m4a", "action_flag": 1, "change_message": "[{\"added\": {}}, {\"added\": {\"name\": \"media_to_text_detail\", \"object\": \"11\"}}, {\"added\": {\"name\": \"media_to_text_detail\", \"object\": \"15\"}}, {\"added\": {\"name\": \"media_to_text_detail\", \"object\": \"20\"}}]"}}, {"model": "admin.logentry", "pk": 97, "fields": {"action_time": "2021-08-29T21:41:40.634Z", "user": 1, "content_type": 21, "object_id": "25", "object_repr": "media_to_text/12.1.m4a", "action_flag": 1, "change_message": "[{\"added\": {}}, {\"added\": {\"name\": \"media_to_text_detail\", \"object\": \"Pak\\u00f5i.\"}}]"}}, {"model": "admin.logentry", "pk": 98, "fields": {"action_time": "2021-08-29T21:43:46.307Z", "user": 1, "content_type": 21, "object_id": "26", "object_repr": "media_to_text/13.1.m4a", "action_flag": 1, "change_message": "[{\"added\": {}}, {\"added\": {\"name\": \"media_to_text_detail\", \"object\": \"Once.\"}}, {\"added\": {\"name\": \"media_to_text_detail\", \"object\": \"Quince.\"}}, {\"added\": {\"name\": \"media_to_text_detail\", \"object\": \"Veinte.\"}}]"}}, {"model": "admin.logentry", "pk": 99, "fields": {"action_time": "2021-08-29T21:43:51.137Z", "user": 1, "content_type": 10, "object_id": "11", "object_repr": "Principiante - Capitulo - 1.D - Ejercicios - 1.D", "action_flag": 2, "change_message": "[{\"added\": {\"name\": \"exercise_detail\", \"object\": \"Order #28 - Audio / Seleccionar Texto\"}}, {\"added\": {\"name\": \"exercise_detail\", \"object\": \"Order #29 - Audio / Completar Oracion\"}}, {\"added\": {\"name\": \"exercise_detail\", \"object\": \"Order #1 - Audio / Seleccionar Texto\"}}]"}}, {"model": "admin.logentry", "pk": 100, "fields": {"action_time": "2021-08-29T21:44:34.859Z", "user": 1, "content_type": 10, "object_id": "11", "object_repr": "Principiante - Capitulo - 1.D - Ejercicios - 1.D", "action_flag": 2, "change_message": "[{\"changed\": {\"name\": \"exercise_detail\", \"object\": \"Order #30 - Audio / Seleccionar Texto\", \"fields\": [\"Order\"]}}]"}}, {"model": "admin.logentry", "pk": 101, "fields": {"action_time": "2021-08-29T21:47:33.982Z", "user": 1, "content_type": 10, "object_id": "11", "object_repr": "Principiante - Capitulo - 1.D - Ejercicios - 1.D", "action_flag": 2, "change_message": "[]"}}, {"model": "admin.logentry", "pk": 102, "fields": {"action_time": "2021-08-29T22:20:33.370Z", "user": 1, "content_type": 20, "object_id": "5", "object_repr": "media_to_media/1.A.3.7.10.21_3eawAD2.m4a", "action_flag": 2, "change_message": "[{\"changed\": {\"name\": \"media_to_media_detail\", \"object\": \"Media_to_media_details/1.A.2_NLspLFm.m4a\", \"fields\": [\"Correct answer\"]}}, {\"changed\": {\"name\": \"media_to_media_detail\", \"object\": \"Media_to_media_details/1A8_saludo_a_Lucia.mp3\", \"fields\": [\"Answer filename\", \"Correct answer\"]}}]"}}, {"model": "admin.logentry", "pk": 103, "fields": {"action_time": "2021-08-29T22:24:15.376Z", "user": 1, "content_type": 20, "object_id": "5", "object_repr": "media_to_media/1.A.3.7.10.21_3eawAD2.m4a", "action_flag": 2, "change_message": "[{\"changed\": {\"name\": \"media_to_media_detail\", \"object\": \"Media_to_media_details/Saludo_a_Lucia.mp3\", \"fields\": [\"Answer filename\"]}}]"}}, {"model": "admin.logentry", "pk": 104, "fields": {"action_time": "2021-08-30T01:23:17.405Z", "user": 1, "content_type": 21, "object_id": "13", "object_repr": "media_to_text/5._1B.m4a", "action_flag": 2, "change_message": "[{\"changed\": {\"fields\": [\"Filename\"]}}]"}}, {"model": "admin.logentry", "pk": 105, "fields": {"action_time": "2021-08-30T15:29:05.269Z", "user": 1, "content_type": 9, "object_id": "13", "object_repr": "Principiante - Capitulo - 3.C", "action_flag": 3, "change_message": ""}}, {"model": "admin.logentry", "pk": 106, "fields": {"action_time": "2021-08-30T15:29:05.285Z", "user": 1, "content_type": 9, "object_id": "12", "object_repr": "Principiante - Capitulo - 3.B", "action_flag": 3, "change_message": ""}}, {"model": "admin.logentry", "pk": 107, "fields": {"action_time": "2021-08-30T15:29:05.291Z", "user": 1, "content_type": 9, "object_id": "11", "object_repr": "Principiante - Capitulo - 3.A", "action_flag": 3, "change_message": ""}}, {"model": "admin.logentry", "pk": 108, "fields": {"action_time": "2021-08-30T15:29:36.496Z", "user": 1, "content_type": 10, "object_id": "4", "object_repr": "Principiante - Capitulo - 1.D - Ejercitario - 1.D", "action_flag": 3, "change_message": ""}}, {"model": "admin.logentry", "pk": 109, "fields": {"action_time": "2021-08-31T00:18:16.230Z", "user": 1, "content_type": 18, "object_id": "20", "object_repr": "20 - Ore Argentino", "action_flag": 2, "change_message": "[{\"changed\": {\"fields\": [\"Question\"]}}]"}}, {"model": "admin.logentry", "pk": 110, "fields": {"action_time": "2021-08-31T00:27:23.096Z", "user": 1, "content_type": 10, "object_id": "11", "object_repr": "Principiante - Capitulo - 1.D - Ejercicios - 1.D", "action_flag": 2, "change_message": "[{\"deleted\": {\"name\": \"exercise_detail\", \"object\": \"Order #4 - Texto / Seleccionar Imagen\"}}]"}}, {"model": "admin.logentry", "pk": 111, "fields": {"action_time": "2021-08-31T00:28:05.936Z", "user": 1, "content_type": 10, "object_id": "11", "object_repr": "Principiante - Capitulo - 1.D - Ejercicios - 1.D", "action_flag": 2, "change_message": "[{\"changed\": {\"name\": \"exercise_detail\", \"object\": \"Order #6 - Audio / Seleccionar Imagen\", \"fields\": [\"Order\"]}}, {\"changed\": {\"name\": \"exercise_detail\", \"object\": \"Order #7 - Texto / Seleccionar Imagen\", \"fields\": [\"Order\"]}}]"}}, {"model": "admin.logentry", "pk": 112, "fields": {"action_time": "2021-08-31T00:29:28.931Z", "user": 1, "content_type": 10, "object_id": "11", "object_repr": "Principiante - Capitulo - 1.D - Ejercicios - 1.D", "action_flag": 2, "change_message": "[{\"changed\": {\"name\": \"exercise_detail\", \"object\": \"Order #4 - Audio / Seleccionar Imagen\", \"fields\": [\"Order\"]}}, {\"changed\": {\"name\": \"exercise_detail\", \"object\": \"Order #5 - Texto / Seleccionar Imagen\", \"fields\": [\"Order\"]}}, {\"changed\": {\"name\": \"exercise_detail\", \"object\": \"Order #6 - Texto / Seleccionar Imagen\", \"fields\": [\"Order\"]}}, {\"changed\": {\"name\": \"exercise_detail\", \"object\": \"Order #7 - Texto / Seleccionar Imagen\", \"fields\": [\"Order\"]}}, {\"changed\": {\"name\": \"exercise_detail\", \"object\": \"Order #8 - Audio / Seleccionar Imagen\", \"fields\": [\"Order\"]}}, {\"changed\": {\"name\": \"exercise_detail\", \"object\": \"Order #9 - Texto / Seleccionar Texto\", \"fields\": [\"Order\"]}}]"}}, {"model": "admin.logentry", "pk": 113, "fields": {"action_time": "2021-08-31T00:31:21.084Z", "user": 1, "content_type": 10, "object_id": "11", "object_repr": "Principiante - Capitulo - 1.D - Ejercicios - 1.D", "action_flag": 2, "change_message": "[{\"changed\": {\"name\": \"exercise_detail\", \"object\": \"Order #10 - Audio / Seleccionar Audio\", \"fields\": [\"Order\"]}}, {\"changed\": {\"name\": \"exercise_detail\", \"object\": \"Order #11 - Audio / Seleccionar Audio\", \"fields\": [\"Order\"]}}, {\"changed\": {\"name\": \"exercise_detail\", \"object\": \"Order #12 - Audio / Seleccionar Audio\", \"fields\": [\"Order\"]}}, {\"changed\": {\"name\": \"exercise_detail\", \"object\": \"Order #13 - Audio / Seleccionar Texto\", \"fields\": [\"Order\"]}}]"}}, {"model": "admin.logentry", "pk": 114, "fields": {"action_time": "2021-08-31T00:32:03.220Z", "user": 1, "content_type": 10, "object_id": "11", "object_repr": "Principiante - Capitulo - 1.D - Ejercicios - 1.D", "action_flag": 2, "change_message": "[{\"changed\": {\"name\": \"exercise_detail\", \"object\": \"Order #14 - Audio / Seleccionar Texto\", \"fields\": [\"Order\"]}}, {\"changed\": {\"name\": \"exercise_detail\", \"object\": \"Order #15 - Audio / Seleccionar Texto\", \"fields\": [\"Order\"]}}, {\"changed\": {\"name\": \"exercise_detail\", \"object\": \"Order #16 - Imagen / Completar Oracion\", \"fields\": [\"Order\"]}}, {\"changed\": {\"name\": \"exercise_detail\", \"object\": \"Order #17 - Imagen / Completar Oracion\", \"fields\": [\"Order\"]}}, {\"changed\": {\"name\": \"exercise_detail\", \"object\": \"Order #18 - Audio / Seleccionar Texto\", \"fields\": [\"Order\"]}}]"}}, {"model": "admin.logentry", "pk": 115, "fields": {"action_time": "2021-08-31T00:32:50.307Z", "user": 1, "content_type": 10, "object_id": "11", "object_repr": "Principiante - Capitulo - 1.D - Ejercicios - 1.D", "action_flag": 2, "change_message": "[{\"changed\": {\"name\": \"exercise_detail\", \"object\": \"Order #19 - Audio / Seleccionar Texto\", \"fields\": [\"Order\"]}}, {\"changed\": {\"name\": \"exercise_detail\", \"object\": \"Order #20 - Audio / Seleccionar Texto\", \"fields\": [\"Order\"]}}, {\"changed\": {\"name\": \"exercise_detail\", \"object\": \"Order #21 - Texto / Seleccionar Texto\", \"fields\": [\"Order\"]}}, {\"changed\": {\"name\": \"exercise_detail\", \"object\": \"Order #22 - Texto / Seleccionar Texto\", \"fields\": [\"Order\"]}}, {\"changed\": {\"name\": \"exercise_detail\", \"object\": \"Order #23 - Texto / Seleccionar Imagen\", \"fields\": [\"Order\"]}}]"}}, {"model": "admin.logentry", "pk": 116, "fields": {"action_time": "2021-08-31T00:34:03.028Z", "user": 1, "content_type": 10, "object_id": "11", "object_repr": "Principiante - Capitulo - 1.D - Ejercicios - 1.D", "action_flag": 2, "change_message": "[{\"changed\": {\"name\": \"exercise_detail\", \"object\": \"Order #24 - Texto / Seleccionar Imagen\", \"fields\": [\"Order\"]}}, {\"changed\": {\"name\": \"exercise_detail\", \"object\": \"Order #25 - Audio / Seleccionar Texto\", \"fields\": [\"Order\"]}}, {\"changed\": {\"name\": \"exercise_detail\", \"object\": \"Order #26 - Audio / Seleccionar Texto\", \"fields\": [\"Order\"]}}, {\"changed\": {\"name\": \"exercise_detail\", \"object\": \"Order #27 - Audio / Seleccionar Texto\", \"fields\": [\"Order\"]}}]"}}, {"model": "admin.logentry", "pk": 117, "fields": {"action_time": "2021-08-31T00:35:38.561Z", "user": 1, "content_type": 10, "object_id": "11", "object_repr": "Principiante - Capitulo - 1.D - Ejercicios - 1.D", "action_flag": 2, "change_message": "[{\"changed\": {\"name\": \"exercise_detail\", \"object\": \"Order #28 - Audio / Completar Oracion\", \"fields\": [\"Order\"]}}, {\"changed\": {\"name\": \"exercise_detail\", \"object\": \"Order #29 - Audio / Seleccionar Texto\", \"fields\": [\"Order\"]}}]"}}, {"model": "admin.logentry", "pk": 118, "fields": {"action_time": "2021-08-31T00:40:00.858Z", "user": 1, "content_type": 10, "object_id": "3", "object_repr": "Principiante - Capitulo - 1.C - Ejercitario - 1.C", "action_flag": 2, "change_message": "[{\"deleted\": {\"name\": \"exercise_detail\", \"object\": \"Order #9 - Audio / Seleccionar Imagen\"}}]"}}, {"model": "admin.logentry", "pk": 119, "fields": {"action_time": "2021-08-31T00:49:03.573Z", "user": 1, "content_type": 21, "object_id": "27", "object_repr": "media_to_text/6._1_cap_1b.m4a", "action_flag": 1, "change_message": "[{\"added\": {}}, {\"added\": {\"name\": \"media_to_text_detail\", \"object\": \"Ha\\u00b4engu\\u00e9ra Espa\\u00f1agua\"}}, {\"added\": {\"name\": \"media_to_text_detail\", \"object\": \"Ha\\u00b4e Espa\\u00f1a-gua\"}}, {\"added\": {\"name\": \"media_to_text_detail\", \"object\": \"Ha\\u00b4eku\\u00e9ra Espa\\u00f1a-gua\"}}]"}}, {"model": "admin.logentry", "pk": 120, "fields": {"action_time": "2021-08-31T00:51:25.679Z", "user": 1, "content_type": 21, "object_id": "28", "object_repr": "media_to_text/6.2_cap_1b.m4a", "action_flag": 1, "change_message": "[{\"added\": {}}, {\"added\": {\"name\": \"media_to_text_detail\", \"object\": \"Ha\\u00b4e Brasil-gua\"}}, {\"added\": {\"name\": \"media_to_text_detail\", \"object\": \"Ha\\u00b4eku\\u00e9ra Brasil-gua\"}}, {\"added\": {\"name\": \"media_to_text_detail\", \"object\": \"Ha\\u00b4e Brasil-guare\"}}]"}}, {"model": "admin.logentry", "pk": 121, "fields": {"action_time": "2021-08-31T00:51:56.205Z", "user": 1, "content_type": 10, "object_id": "3", "object_repr": "Principiante - Capitulo - 1.C - Ejercitario - 1.C", "action_flag": 2, "change_message": "[{\"added\": {\"name\": \"exercise_detail\", \"object\": \"Order #9 - Audio / Seleccionar Texto\"}}, {\"added\": {\"name\": \"exercise_detail\", \"object\": \"Order #10 - Audio / Seleccionar Texto\"}}]"}}, {"model": "auth.permission", "pk": 1, "fields": {"name": "Can add log entry", "content_type": 1, "codename": "add_logentry"}}, {"model": "auth.permission", "pk": 2, "fields": {"name": "Can change log entry", "content_type": 1, "codename": "change_logentry"}}, {"model": "auth.permission", "pk": 3, "fields": {"name": "Can delete log entry", "content_type": 1, "codename": "delete_logentry"}}, {"model": "auth.permission", "pk": 4, "fields": {"name": "Can view log entry", "content_type": 1, "codename": "view_logentry"}}, {"model": "auth.permission", "pk": 5, "fields": {"name": "Can add permission", "content_type": 2, "codename": "add_permission"}}, {"model": "auth.permission", "pk": 6, "fields": {"name": "Can change permission", "content_type": 2, "codename": "change_permission"}}, {"model": "auth.permission", "pk": 7, "fields": {"name": "Can delete permission", "content_type": 2, "codename": "delete_permission"}}, {"model": "auth.permission", "pk": 8, "fields": {"name": "Can view permission", "content_type": 2, "codename": "view_permission"}}, {"model": "auth.permission", "pk": 9, "fields": {"name": "Can add group", "content_type": 3, "codename": "add_group"}}, {"model": "auth.permission", "pk": 10, "fields": {"name": "Can change group", "content_type": 3, "codename": "change_group"}}, {"model": "auth.permission", "pk": 11, "fields": {"name": "Can delete group", "content_type": 3, "codename": "delete_group"}}, {"model": "auth.permission", "pk": 12, "fields": {"name": "Can view group", "content_type": 3, "codename": "view_group"}}, {"model": "auth.permission", "pk": 13, "fields": {"name": "Can add user", "content_type": 4, "codename": "add_user"}}, {"model": "auth.permission", "pk": 14, "fields": {"name": "Can change user", "content_type": 4, "codename": "change_user"}}, {"model": "auth.permission", "pk": 15, "fields": {"name": "Can delete user", "content_type": 4, "codename": "delete_user"}}, {"model": "auth.permission", "pk": 16, "fields": {"name": "Can view user", "content_type": 4, "codename": "view_user"}}, {"model": "auth.permission", "pk": 17, "fields": {"name": "Can add content type", "content_type": 5, "codename": "add_contenttype"}}, {"model": "auth.permission", "pk": 18, "fields": {"name": "Can change content type", "content_type": 5, "codename": "change_contenttype"}}, {"model": "auth.permission", "pk": 19, "fields": {"name": "Can delete content type", "content_type": 5, "codename": "delete_contenttype"}}, {"model": "auth.permission", "pk": 20, "fields": {"name": "Can view content type", "content_type": 5, "codename": "view_contenttype"}}, {"model": "auth.permission", "pk": 21, "fields": {"name": "Can add session", "content_type": 6, "codename": "add_session"}}, {"model": "auth.permission", "pk": 22, "fields": {"name": "Can change session", "content_type": 6, "codename": "change_session"}}, {"model": "auth.permission", "pk": 23, "fields": {"name": "Can delete session", "content_type": 6, "codename": "delete_session"}}, {"model": "auth.permission", "pk": 24, "fields": {"name": "Can view session", "content_type": 6, "codename": "view_session"}}, {"model": "auth.permission", "pk": 25, "fields": {"name": "Can add blacklisted token", "content_type": 7, "codename": "add_blacklistedtoken"}}, {"model": "auth.permission", "pk": 26, "fields": {"name": "Can change blacklisted token", "content_type": 7, "codename": "change_blacklistedtoken"}}, {"model": "auth.permission", "pk": 27, "fields": {"name": "Can delete blacklisted token", "content_type": 7, "codename": "delete_blacklistedtoken"}}, {"model": "auth.permission", "pk": 28, "fields": {"name": "Can view blacklisted token", "content_type": 7, "codename": "view_blacklistedtoken"}}, {"model": "auth.permission", "pk": 29, "fields": {"name": "Can add outstanding token", "content_type": 8, "codename": "add_outstandingtoken"}}, {"model": "auth.permission", "pk": 30, "fields": {"name": "Can change outstanding token", "content_type": 8, "codename": "change_outstandingtoken"}}, {"model": "auth.permission", "pk": 31, "fields": {"name": "Can delete outstanding token", "content_type": 8, "codename": "delete_outstandingtoken"}}, {"model": "auth.permission", "pk": 32, "fields": {"name": "Can view outstanding token", "content_type": 8, "codename": "view_outstandingtoken"}}, {"model": "auth.permission", "pk": 33, "fields": {"name": "Can add chapter", "content_type": 9, "codename": "add_chapter"}}, {"model": "auth.permission", "pk": 34, "fields": {"name": "Can change chapter", "content_type": 9, "codename": "change_chapter"}}, {"model": "auth.permission", "pk": 35, "fields": {"name": "Can delete chapter", "content_type": 9, "codename": "delete_chapter"}}, {"model": "auth.permission", "pk": 36, "fields": {"name": "Can view chapter", "content_type": 9, "codename": "view_chapter"}}, {"model": "auth.permission", "pk": 37, "fields": {"name": "Can add exercise", "content_type": 10, "codename": "add_exercise"}}, {"model": "auth.permission", "pk": 38, "fields": {"name": "Can change exercise", "content_type": 10, "codename": "change_exercise"}}, {"model": "auth.permission", "pk": 39, "fields": {"name": "Can delete exercise", "content_type": 10, "codename": "delete_exercise"}}, {"model": "auth.permission", "pk": 40, "fields": {"name": "Can view exercise", "content_type": 10, "codename": "view_exercise"}}, {"model": "auth.permission", "pk": 41, "fields": {"name": "Can add level", "content_type": 11, "codename": "add_level"}}, {"model": "auth.permission", "pk": 42, "fields": {"name": "Can change level", "content_type": 11, "codename": "change_level"}}, {"model": "auth.permission", "pk": 43, "fields": {"name": "Can delete level", "content_type": 11, "codename": "delete_level"}}, {"model": "auth.permission", "pk": 44, "fields": {"name": "Can view level", "content_type": 11, "codename": "view_level"}}, {"model": "auth.permission", "pk": 45, "fields": {"name": "Can add reactive", "content_type": 12, "codename": "add_reactive"}}, {"model": "auth.permission", "pk": 46, "fields": {"name": "Can change reactive", "content_type": 12, "codename": "change_reactive"}}, {"model": "auth.permission", "pk": 47, "fields": {"name": "Can delete reactive", "content_type": 12, "codename": "delete_reactive"}}, {"model": "auth.permission", "pk": 48, "fields": {"name": "Can view reactive", "content_type": 12, "codename": "view_reactive"}}, {"model": "auth.permission", "pk": 49, "fields": {"name": "Can add exercise_detail", "content_type": 13, "codename": "add_exercise_detail"}}, {"model": "auth.permission", "pk": 50, "fields": {"name": "Can change exercise_detail", "content_type": 13, "codename": "change_exercise_detail"}}, {"model": "auth.permission", "pk": 51, "fields": {"name": "Can delete exercise_detail", "content_type": 13, "codename": "delete_exercise_detail"}}, {"model": "auth.permission", "pk": 52, "fields": {"name": "Can view exercise_detail", "content_type": 13, "codename": "view_exercise_detail"}}, {"model": "auth.permission", "pk": 53, "fields": {"name": "Can add progress", "content_type": 14, "codename": "add_progress"}}, {"model": "auth.permission", "pk": 54, "fields": {"name": "Can change progress", "content_type": 14, "codename": "change_progress"}}, {"model": "auth.permission", "pk": 55, "fields": {"name": "Can delete progress", "content_type": 14, "codename": "delete_progress"}}, {"model": "auth.permission", "pk": 56, "fields": {"name": "Can view progress", "content_type": 14, "codename": "view_progress"}}, {"model": "auth.permission", "pk": 57, "fields": {"name": "Can add record", "content_type": 15, "codename": "add_record"}}, {"model": "auth.permission", "pk": 58, "fields": {"name": "Can change record", "content_type": 15, "codename": "change_record"}}, {"model": "auth.permission", "pk": 59, "fields": {"name": "Can delete record", "content_type": 15, "codename": "delete_record"}}, {"model": "auth.permission", "pk": 60, "fields": {"name": "Can view record", "content_type": 15, "codename": "view_record"}}, {"model": "auth.permission", "pk": 61, "fields": {"name": "Can add text_to_text", "content_type": 16, "codename": "add_text_to_text"}}, {"model": "auth.permission", "pk": 62, "fields": {"name": "Can change text_to_text", "content_type": 16, "codename": "change_text_to_text"}}, {"model": "auth.permission", "pk": 63, "fields": {"name": "Can delete text_to_text", "content_type": 16, "codename": "delete_text_to_text"}}, {"model": "auth.permission", "pk": 64, "fields": {"name": "Can view text_to_text", "content_type": 16, "codename": "view_text_to_text"}}, {"model": "auth.permission", "pk": 65, "fields": {"name": "Can add text_to_text_detail", "content_type": 17, "codename": "add_text_to_text_detail"}}, {"model": "auth.permission", "pk": 66, "fields": {"name": "Can change text_to_text_detail", "content_type": 17, "codename": "change_text_to_text_detail"}}, {"model": "auth.permission", "pk": 67, "fields": {"name": "Can delete text_to_text_detail", "content_type": 17, "codename": "delete_text_to_text_detail"}}, {"model": "auth.permission", "pk": 68, "fields": {"name": "Can view text_to_text_detail", "content_type": 17, "codename": "view_text_to_text_detail"}}, {"model": "auth.permission", "pk": 69, "fields": {"name": "Can add text_to_media", "content_type": 18, "codename": "add_text_to_media"}}, {"model": "auth.permission", "pk": 70, "fields": {"name": "Can change text_to_media", "content_type": 18, "codename": "change_text_to_media"}}, {"model": "auth.permission", "pk": 71, "fields": {"name": "Can delete text_to_media", "content_type": 18, "codename": "delete_text_to_media"}}, {"model": "auth.permission", "pk": 72, "fields": {"name": "Can view text_to_media", "content_type": 18, "codename": "view_text_to_media"}}, {"model": "auth.permission", "pk": 73, "fields": {"name": "Can add text_to_media_detail", "content_type": 19, "codename": "add_text_to_media_detail"}}, {"model": "auth.permission", "pk": 74, "fields": {"name": "Can change text_to_media_detail", "content_type": 19, "codename": "change_text_to_media_detail"}}, {"model": "auth.permission", "pk": 75, "fields": {"name": "Can delete text_to_media_detail", "content_type": 19, "codename": "delete_text_to_media_detail"}}, {"model": "auth.permission", "pk": 76, "fields": {"name": "Can view text_to_media_detail", "content_type": 19, "codename": "view_text_to_media_detail"}}, {"model": "auth.permission", "pk": 77, "fields": {"name": "Can add media_to_media", "content_type": 20, "codename": "add_media_to_media"}}, {"model": "auth.permission", "pk": 78, "fields": {"name": "Can change media_to_media", "content_type": 20, "codename": "change_media_to_media"}}, {"model": "auth.permission", "pk": 79, "fields": {"name": "Can delete media_to_media", "content_type": 20, "codename": "delete_media_to_media"}}, {"model": "auth.permission", "pk": 80, "fields": {"name": "Can view media_to_media", "content_type": 20, "codename": "view_media_to_media"}}, {"model": "auth.permission", "pk": 81, "fields": {"name": "Can add media_to_text", "content_type": 21, "codename": "add_media_to_text"}}, {"model": "auth.permission", "pk": 82, "fields": {"name": "Can change media_to_text", "content_type": 21, "codename": "change_media_to_text"}}, {"model": "auth.permission", "pk": 83, "fields": {"name": "Can delete media_to_text", "content_type": 21, "codename": "delete_media_to_text"}}, {"model": "auth.permission", "pk": 84, "fields": {"name": "Can view media_to_text", "content_type": 21, "codename": "view_media_to_text"}}, {"model": "auth.permission", "pk": 85, "fields": {"name": "Can add media_to_text_detail", "content_type": 22, "codename": "add_media_to_text_detail"}}, {"model": "auth.permission", "pk": 86, "fields": {"name": "Can change media_to_text_detail", "content_type": 22, "codename": "change_media_to_text_detail"}}, {"model": "auth.permission", "pk": 87, "fields": {"name": "Can delete media_to_text_detail", "content_type": 22, "codename": "delete_media_to_text_detail"}}, {"model": "auth.permission", "pk": 88, "fields": {"name": "Can view media_to_text_detail", "content_type": 22, "codename": "view_media_to_text_detail"}}, {"model": "auth.permission", "pk": 89, "fields": {"name": "Can add media_to_media_detail", "content_type": 23, "codename": "add_media_to_media_detail"}}, {"model": "auth.permission", "pk": 90, "fields": {"name": "Can change media_to_media_detail", "content_type": 23, "codename": "change_media_to_media_detail"}}, {"model": "auth.permission", "pk": 91, "fields": {"name": "Can delete media_to_media_detail", "content_type": 23, "codename": "delete_media_to_media_detail"}}, {"model": "auth.permission", "pk": 92, "fields": {"name": "Can view media_to_media_detail", "content_type": 23, "codename": "view_media_to_media_detail"}}, {"model": "auth.user", "pk": 1, "fields": {"password": "pbkdf2_sha256$260000$HxUWCKvqZjSAUWLVs2tDmC$OQhmMkkwmMLOO45l/bnY6bIEPUyvt80LI03mIoGjpkQ=", "last_login": "2021-08-29T17:11:50.093Z", "is_superuser": true, "username": "admin", "first_name": "", "last_name": "", "email": "adh761@gmail.com", "is_staff": true, "is_active": true, "date_joined": "2021-08-27T21:18:21.394Z", "groups": [], "user_permissions": []}}, {"model": "contenttypes.contenttype", "pk": 1, "fields": {"app_label": "admin", "model": "logentry"}}, {"model": "contenttypes.contenttype", "pk": 2, "fields": {"app_label": "auth", "model": "permission"}}, {"model": "contenttypes.contenttype", "pk": 3, "fields": {"app_label": "auth", "model": "group"}}, {"model": "contenttypes.contenttype", "pk": 4, "fields": {"app_label": "auth", "model": "user"}}, {"model": "contenttypes.contenttype", "pk": 5, "fields": {"app_label": "contenttypes", "model": "contenttype"}}, {"model": "contenttypes.contenttype", "pk": 6, "fields": {"app_label": "sessions", "model": "session"}}, {"model": "contenttypes.contenttype", "pk": 7, "fields": {"app_label": "token_blacklist", "model": "blacklistedtoken"}}, {"model": "contenttypes.contenttype", "pk": 8, "fields": {"app_label": "token_blacklist", "model": "outstandingtoken"}}, {"model": "contenttypes.contenttype", "pk": 9, "fields": {"app_label": "exercises", "model": "chapter"}}, {"model": "contenttypes.contenttype", "pk": 10, "fields": {"app_label": "exercises", "model": "exercise"}}, {"model": "contenttypes.contenttype", "pk": 11, "fields": {"app_label": "exercises", "model": "level"}}, {"model": "contenttypes.contenttype", "pk": 12, "fields": {"app_label": "exercises", "model": "reactive"}}, {"model": "contenttypes.contenttype", "pk": 13, "fields": {"app_label": "exercises", "model": "exercise_detail"}}, {"model": "contenttypes.contenttype", "pk": 14, "fields": {"app_label": "progress", "model": "progress"}}, {"model": "contenttypes.contenttype", "pk": 15, "fields": {"app_label": "progress", "model": "record"}}, {"model": "contenttypes.contenttype", "pk": 16, "fields": {"app_label": "reactives", "model": "text_to_text"}}, {"model": "contenttypes.contenttype", "pk": 17, "fields": {"app_label": "reactives", "model": "text_to_text_detail"}}, {"model": "contenttypes.contenttype", "pk": 18, "fields": {"app_label": "reactives", "model": "text_to_media"}}, {"model": "contenttypes.contenttype", "pk": 19, "fields": {"app_label": "reactives", "model": "text_to_media_detail"}}, {"model": "contenttypes.contenttype", "pk": 20, "fields": {"app_label": "reactives", "model": "media_to_media"}}, {"model": "contenttypes.contenttype", "pk": 21, "fields": {"app_label": "reactives", "model": "media_to_text"}}, {"model": "contenttypes.contenttype", "pk": 22, "fields": {"app_label": "reactives", "model": "media_to_text_detail"}}, {"model": "contenttypes.contenttype", "pk": 23, "fields": {"app_label": "reactives", "model": "media_to_media_detail"}}, {"model": "sessions.session", "pk": "9stz2v2mg8hz4ivn9d1uvvivsx3ysk3z", "fields": {"session_data": ".eJxVjMEOwiAQRP-FsyGwbQE9evcbyLK72KqBpLQn47_bJj3obTLvzbxVxHUZ49pkjhOri7Lq9NslpKeUHfADy71qqmWZp6R3RR-06VtleV0P9-9gxDZua4QecgrEGXLwQeA8ALktD0k6cR7JeDFMxvWcLUFCY5D7Dmzy6EynPl_7mzhJ:1mKOLW:8gPvN6ChKShsD3RrPVaLf2NDKLrfrRU4BLDlyVeqMPo", "expire_date": "2021-09-12T17:11:50.103Z"}}, {"model": "sessions.session", "pk": "j73avb0o83ird8j4joto3otncousazye", "fields": {"session_data": ".eJxVjMEOwiAQRP-FsyGwbQE9evcbyLK72KqBpLQn47_bJj3obTLvzbxVxHUZ49pkjhOri7Lq9NslpKeUHfADy71qqmWZp6R3RR-06VtleV0P9-9gxDZua4QecgrEGXLwQeA8ALktD0k6cR7JeDFMxvWcLUFCY5D7Dmzy6EynPl_7mzhJ:1mK61P:yhvAPTTeXEKdD0Bh0oZhChYUtKxh4VyYaQuS0YqzJLY", "expire_date": "2021-09-11T21:37:51.757Z"}}, {"model": "sessions.session", "pk": "td0b19ymqii2xrdpcexn0ug6ape0ojjj", "fields": {"session_data": ".eJxVjMEOwiAQRP-FsyGwbQE9evcbyLK72KqBpLQn47_bJj3obTLvzbxVxHUZ49pkjhOri7Lq9NslpKeUHfADy71qqmWZp6R3RR-06VtleV0P9-9gxDZua4QecgrEGXLwQeA8ALktD0k6cR7JeDFMxvWcLUFCY5D7Dmzy6EynPl_7mzhJ:1mJo0u:ab1ux0DBetHUkKZo0zpomEZ3LggINnwSUYKWJzXL-iY", "expire_date": "2021-09-11T02:24:08.857Z"}}, {"model": "sessions.session", "pk": "vaaroidan0ls9c1khl15ofadpx59stq2", "fields": {"session_data": ".eJxVjMEOwiAQRP-FsyGwbQE9evcbyLK72KqBpLQn47_bJj3obTLvzbxVxHUZ49pkjhOri7Lq9NslpKeUHfADy71qqmWZp6R3RR-06VtleV0P9-9gxDZua4QecgrEGXLwQeA8ALktD0k6cR7JeDFMxvWcLUFCY5D7Dmzy6EynPl_7mzhJ:1mJjMh:WTV2Q0ujB6y8-D0kawFn24aL3_W58F6st6WXwhUJJrI", "expire_date": "2021-09-10T21:26:19.516Z"}}, {"model": "exercises.level", "pk": 1, "fields": {"description": "Principiante", "active": true}}, {"model": "exercises.chapter", "pk": 1, "fields": {"level_id": 1, "description": "Mba’éichapa", "active": true, "chapter_image": "chapter/1.a.1_result.webp"}}, {"model": "exercises.chapter", "pk": 2, "fields": {"level_id": 1, "description": "Capitulo - 1.B", "active": true, "chapter_image": ""}}, {"model": "exercises.chapter", "pk": 3, "fields": {"level_id": 1, "description": "Capitulo - 1.C", "active": true, "chapter_image": ""}}, {"model": "exercises.chapter", "pk": 4, "fields": {"level_id": 1, "description": "Capitulo - 1.D", "active": true, "chapter_image": ""}}, {"model": "exercises.chapter", "pk": 5, "fields": {"level_id": 1, "description": "Capitulo - 2.A", "active": true, "chapter_image": ""}}, {"model": "exercises.chapter", "pk": 6, "fields": {"level_id": 1, "description": "Capitulo - 2.B", "active": true, "chapter_image": ""}}, {"model": "exercises.chapter", "pk": 7, "fields": {"level_id": 1, "description": "Capitulo - 2.C", "active": true, "chapter_image": ""}}, {"model": "exercises.chapter", "pk": 8, "fields": {"level_id": 1, "description": "Capitulo - 3.A", "active": true, "chapter_image": ""}}, {"model": "exercises.chapter", "pk": 9, "fields": {"level_id": 1, "description": "Capitulo - 3.B", "active": true, "chapter_image": ""}}, {"model": "exercises.chapter", "pk": 10, "fields": {"level_id": 1, "description": "Capitulo - 3.C", "active": true, "chapter_image": ""}}, {"model": "exercises.reactive", "pk": 1, "fields": {"description": "Audio / Hablar", "active": true}}, {"model": "exercises.reactive", "pk": 2, "fields": {"description": "Audio / Completar Oracion", "active": true}}, {"model": "exercises.reactive", "pk": 3, "fields": {"description": "Audio / Seleccionar Texto", "active": true}}, {"model": "exercises.reactive", "pk": 4, "fields": {"description": "Audio / Seleccionar Audio", "active": true}}, {"model": "exercises.reactive", "pk": 5, "fields": {"description": "Audio / Seleccionar Imagen", "active": true}}, {"model": "exercises.reactive", "pk": 6, "fields": {"description": "Texto / Seleccionar Imagen", "active": true}}, {"model": "exercises.reactive", "pk": 7, "fields": {"description": "Texto / Seleccionar Texto", "active": true}}, {"model": "exercises.reactive", "pk": 8, "fields": {"description": "Texto /  Completar Oracion", "active": true}}, {"model": "exercises.reactive", "pk": 9, "fields": {"description": "Texto / Seleccionar Audio", "active": true}}, {"model": "exercises.reactive", "pk": 10, "fields": {"description": "Imagen / Seleccionar Texto", "active": true}}, {"model": "exercises.reactive", "pk": 11, "fields": {"description": "Imagen / Completar Oracion", "active": true}}, {"model": "exercises.reactive", "pk": 12, "fields": {"description": "Imagen / Seleccionar Audio", "active": true}}, {"model": "exercises.exercise", "pk": 1, "fields": {"chapter_id": 1, "description": "Ejercitario - 1.A", "active": true}}, {"model": "exercises.exercise", "pk": 2, "fields": {"chapter_id": 2, "description": "Ejercitario - 1.B", "active": true}}, {"model": "exercises.exercise", "pk": 3, "fields": {"chapter_id": 3, "description": "Ejercitario - 1.C", "active": true}}, {"model": "exercises.exercise", "pk": 5, "fields": {"chapter_id": 5, "description": "Ejercitario - 2.A", "active": true}}, {"model": "exercises.exercise", "pk": 6, "fields": {"chapter_id": 6, "description": "Ejercitario - 2.B", "active": true}}, {"model": "exercises.exercise", "pk": 7, "fields": {"chapter_id": 7, "description": "Ejercitario - 2.C", "active": true}}, {"model": "exercises.exercise", "pk": 8, "fields": {"chapter_id": 8, "description": "Ejercitario - 3.A", "active": true}}, {"model": "exercises.exercise", "pk": 9, "fields": {"chapter_id": 9, "description": "Ejercitario - 3.B", "active": true}}, {"model": "exercises.exercise", "pk": 10, "fields": {"chapter_id": 10, "description": "Ejercitario - 3.C", "active": true}}, {"model": "exercises.exercise", "pk": 11, "fields": {"chapter_id": 4, "description": "Ejercicios - 1.D", "active": true}}, {"model": "exercises.exercise_detail", "pk": 1, "fields": {"exercise_id": 1, "reactive_id": 1, "exercise_id_Text_to_text": null, "exercise_id_Text_to_media": null, "exercise_id_Media_to_text": null, "exercise_id_Media_to_media": 1, "order": 1, "experience": 100, "active": true}}, {"model": "exercises.exercise_detail", "pk": 2, "fields": {"exercise_id": 1, "reactive_id": 1, "exercise_id_Text_to_text": null, "exercise_id_Text_to_media": null, "exercise_id_Media_to_text": null, "exercise_id_Media_to_media": 2, "order": 2, "experience": 100, "active": true}}, {"model": "exercises.exercise_detail", "pk": 3, "fields": {"exercise_id": 1, "reactive_id": 1, "exercise_id_Text_to_text": null, "exercise_id_Text_to_media": null, "exercise_id_Media_to_text": null, "exercise_id_Media_to_media": 3, "order": 3, "experience": 100, "active": true}}, {"model": "exercises.exercise_detail", "pk": 4, "fields": {"exercise_id": 1, "reactive_id": 1, "exercise_id_Text_to_text": null, "exercise_id_Text_to_media": null, "exercise_id_Media_to_text": null, "exercise_id_Media_to_media": 4, "order": 4, "experience": 100, "active": true}}, {"model": "exercises.exercise_detail", "pk": 5, "fields": {"exercise_id": 1, "reactive_id": 2, "exercise_id_Text_to_text": null, "exercise_id_Text_to_media": null, "exercise_id_Media_to_text": 1, "exercise_id_Media_to_media": null, "order": 5, "experience": 100, "active": true}}, {"model": "exercises.exercise_detail", "pk": 6, "fields": {"exercise_id": 1, "reactive_id": 3, "exercise_id_Text_to_text": null, "exercise_id_Text_to_media": null, "exercise_id_Media_to_text": 2, "exercise_id_Media_to_media": null, "order": 6, "experience": 100, "active": true}}, {"model": "exercises.exercise_detail", "pk": 7, "fields": {"exercise_id": 1, "reactive_id": 2, "exercise_id_Text_to_text": null, "exercise_id_Text_to_media": null, "exercise_id_Media_to_text": 3, "exercise_id_Media_to_media": null, "order": 7, "experience": 100, "active": true}}, {"model": "exercises.exercise_detail", "pk": 8, "fields": {"exercise_id": 1, "reactive_id": 4, "exercise_id_Text_to_text": null, "exercise_id_Text_to_media": null, "exercise_id_Media_to_text": null, "exercise_id_Media_to_media": 5, "order": 8, "experience": 100, "active": true}}, {"model": "exercises.exercise_detail", "pk": 9, "fields": {"exercise_id": 1, "reactive_id": 1, "exercise_id_Text_to_text": null, "exercise_id_Text_to_media": null, "exercise_id_Media_to_text": null, "exercise_id_Media_to_media": 6, "order": 9, "experience": 100, "active": true}}, {"model": "exercises.exercise_detail", "pk": 10, "fields": {"exercise_id": 1, "reactive_id": 1, "exercise_id_Text_to_text": null, "exercise_id_Text_to_media": null, "exercise_id_Media_to_text": null, "exercise_id_Media_to_media": 7, "order": 10, "experience": 100, "active": true}}, {"model": "exercises.exercise_detail", "pk": 11, "fields": {"exercise_id": 1, "reactive_id": 1, "exercise_id_Text_to_text": null, "exercise_id_Text_to_media": null, "exercise_id_Media_to_text": null, "exercise_id_Media_to_media": 8, "order": 11, "experience": 100, "active": true}}, {"model": "exercises.exercise_detail", "pk": 12, "fields": {"exercise_id": 1, "reactive_id": 3, "exercise_id_Text_to_text": null, "exercise_id_Text_to_media": null, "exercise_id_Media_to_text": 5, "exercise_id_Media_to_media": null, "order": 12, "experience": 100, "active": true}}, {"model": "exercises.exercise_detail", "pk": 15, "fields": {"exercise_id": 1, "reactive_id": 1, "exercise_id_Text_to_text": null, "exercise_id_Text_to_media": null, "exercise_id_Media_to_text": null, "exercise_id_Media_to_media": 14, "order": 13, "experience": 100, "active": true}}, {"model": "exercises.exercise_detail", "pk": 16, "fields": {"exercise_id": 1, "reactive_id": 1, "exercise_id_Text_to_text": null, "exercise_id_Text_to_media": null, "exercise_id_Media_to_text": null, "exercise_id_Media_to_media": 15, "order": 14, "experience": 100, "active": true}}, {"model": "exercises.exercise_detail", "pk": 17, "fields": {"exercise_id": 1, "reactive_id": 1, "exercise_id_Text_to_text": null, "exercise_id_Text_to_media": null, "exercise_id_Media_to_text": null, "exercise_id_Media_to_media": 16, "order": 15, "experience": 100, "active": true}}, {"model": "exercises.exercise_detail", "pk": 18, "fields": {"exercise_id": 1, "reactive_id": 1, "exercise_id_Text_to_text": null, "exercise_id_Text_to_media": null, "exercise_id_Media_to_text": null, "exercise_id_Media_to_media": 17, "order": 16, "experience": 100, "active": true}}, {"model": "exercises.exercise_detail", "pk": 19, "fields": {"exercise_id": 1, "reactive_id": 1, "exercise_id_Text_to_text": null, "exercise_id_Text_to_media": null, "exercise_id_Media_to_text": null, "exercise_id_Media_to_media": 18, "order": 17, "experience": 100, "active": true}}, {"model": "exercises.exercise_detail", "pk": 20, "fields": {"exercise_id": 1, "reactive_id": 1, "exercise_id_Text_to_text": null, "exercise_id_Text_to_media": null, "exercise_id_Media_to_text": null, "exercise_id_Media_to_media": 19, "order": 18, "experience": 100, "active": true}}, {"model": "exercises.exercise_detail", "pk": 21, "fields": {"exercise_id": 1, "reactive_id": 5, "exercise_id_Text_to_text": null, "exercise_id_Text_to_media": null, "exercise_id_Media_to_text": null, "exercise_id_Media_to_media": 9, "order": 19, "experience": 100, "active": true}}, {"model": "exercises.exercise_detail", "pk": 22, "fields": {"exercise_id": 1, "reactive_id": 4, "exercise_id_Text_to_text": null, "exercise_id_Text_to_media": null, "exercise_id_Media_to_text": null, "exercise_id_Media_to_media": 11, "order": 20, "experience": 100, "active": true}}, {"model": "exercises.exercise_detail", "pk": 25, "fields": {"exercise_id": 1, "reactive_id": 4, "exercise_id_Text_to_text": null, "exercise_id_Text_to_media": null, "exercise_id_Media_to_text": null, "exercise_id_Media_to_media": 12, "order": 21, "experience": 100, "active": true}}, {"model": "exercises.exercise_detail", "pk": 26, "fields": {"exercise_id": 1, "reactive_id": 4, "exercise_id_Text_to_text": null, "exercise_id_Text_to_media": null, "exercise_id_Media_to_text": null, "exercise_id_Media_to_media": 13, "order": 22, "experience": 100, "active": true}}, {"model": "exercises.exercise_detail", "pk": 27, "fields": {"exercise_id": 1, "reactive_id": 6, "exercise_id_Text_to_text": null, "exercise_id_Text_to_media": 1, "exercise_id_Media_to_text": null, "exercise_id_Media_to_media": null, "order": 23, "experience": 100, "active": true}}, {"model": "exercises.exercise_detail", "pk": 28, "fields": {"exercise_id": 1, "reactive_id": 7, "exercise_id_Text_to_text": 1, "exercise_id_Text_to_media": null, "exercise_id_Media_to_text": null, "exercise_id_Media_to_media": null, "order": 24, "experience": 100, "active": true}}, {"model": "exercises.exercise_detail", "pk": 29, "fields": {"exercise_id": 1, "reactive_id": 7, "exercise_id_Text_to_text": 2, "exercise_id_Text_to_media": null, "exercise_id_Media_to_text": null, "exercise_id_Media_to_media": null, "order": 25, "experience": 100, "active": true}}, {"model": "exercises.exercise_detail", "pk": 30, "fields": {"exercise_id": 1, "reactive_id": 7, "exercise_id_Text_to_text": 3, "exercise_id_Text_to_media": null, "exercise_id_Media_to_text": null, "exercise_id_Media_to_media": null, "order": 26, "experience": 100, "active": true}}, {"model": "exercises.exercise_detail", "pk": 31, "fields": {"exercise_id": 1, "reactive_id": 8, "exercise_id_Text_to_text": 4, "exercise_id_Text_to_media": null, "exercise_id_Media_to_text": null, "exercise_id_Media_to_media": null, "order": 27, "experience": 100, "active": true}}, {"model": "exercises.exercise_detail", "pk": 32, "fields": {"exercise_id": 1, "reactive_id": 8, "exercise_id_Text_to_text": 5, "exercise_id_Text_to_media": null, "exercise_id_Media_to_text": null, "exercise_id_Media_to_media": null, "order": 28, "experience": 100, "active": true}}, {"model": "exercises.exercise_detail", "pk": 33, "fields": {"exercise_id": 1, "reactive_id": 8, "exercise_id_Text_to_text": 6, "exercise_id_Text_to_media": null, "exercise_id_Media_to_text": null, "exercise_id_Media_to_media": null, "order": 29, "experience": 100, "active": true}}, {"model": "exercises.exercise_detail", "pk": 34, "fields": {"exercise_id": 1, "reactive_id": 8, "exercise_id_Text_to_text": 7, "exercise_id_Text_to_media": null, "exercise_id_Media_to_text": null, "exercise_id_Media_to_media": null, "order": 30, "experience": 100, "active": true}}, {"model": "exercises.exercise_detail", "pk": 35, "fields": {"exercise_id": 1, "reactive_id": 8, "exercise_id_Text_to_text": 8, "exercise_id_Text_to_media": null, "exercise_id_Media_to_text": null, "exercise_id_Media_to_media": null, "order": 31, "experience": 100, "active": true}}, {"model": "exercises.exercise_detail", "pk": 36, "fields": {"exercise_id": 1, "reactive_id": 7, "exercise_id_Text_to_text": 9, "exercise_id_Text_to_media": null, "exercise_id_Media_to_text": null, "exercise_id_Media_to_media": null, "order": 32, "experience": 100, "active": true}}, {"model": "exercises.exercise_detail", "pk": 37, "fields": {"exercise_id": 1, "reactive_id": 7, "exercise_id_Text_to_text": 10, "exercise_id_Text_to_media": null, "exercise_id_Media_to_text": null, "exercise_id_Media_to_media": null, "order": 33, "experience": 100, "active": true}}, {"model": "exercises.exercise_detail", "pk": 38, "fields": {"exercise_id": 1, "reactive_id": 7, "exercise_id_Text_to_text": 11, "exercise_id_Text_to_media": null, "exercise_id_Media_to_text": null, "exercise_id_Media_to_media": null, "order": 34, "experience": 100, "active": true}}, {"model": "exercises.exercise_detail", "pk": 39, "fields": {"exercise_id": 1, "reactive_id": 7, "exercise_id_Text_to_text": 12, "exercise_id_Text_to_media": null, "exercise_id_Media_to_text": null, "exercise_id_Media_to_media": null, "order": 35, "experience": 100, "active": true}}, {"model": "exercises.exercise_detail", "pk": 40, "fields": {"exercise_id": 3, "reactive_id": 7, "exercise_id_Text_to_text": 13, "exercise_id_Text_to_media": null, "exercise_id_Media_to_text": null, "exercise_id_Media_to_media": null, "order": 1, "experience": 100, "active": true}}, {"model": "exercises.exercise_detail", "pk": 41, "fields": {"exercise_id": 3, "reactive_id": 7, "exercise_id_Text_to_text": 14, "exercise_id_Text_to_media": null, "exercise_id_Media_to_text": null, "exercise_id_Media_to_media": null, "order": 2, "experience": 100, "active": true}}, {"model": "exercises.exercise_detail", "pk": 42, "fields": {"exercise_id": 3, "reactive_id": 7, "exercise_id_Text_to_text": 15, "exercise_id_Text_to_media": null, "exercise_id_Media_to_text": null, "exercise_id_Media_to_media": null, "order": 3, "experience": 100, "active": true}}, {"model": "exercises.exercise_detail", "pk": 43, "fields": {"exercise_id": 3, "reactive_id": 8, "exercise_id_Text_to_text": 16, "exercise_id_Text_to_media": null, "exercise_id_Media_to_text": null, "exercise_id_Media_to_media": null, "order": 4, "experience": 100, "active": true}}, {"model": "exercises.exercise_detail", "pk": 44, "fields": {"exercise_id": 3, "reactive_id": 8, "exercise_id_Text_to_text": 17, "exercise_id_Text_to_media": null, "exercise_id_Media_to_text": null, "exercise_id_Media_to_media": null, "order": 5, "experience": 100, "active": true}}, {"model": "exercises.exercise_detail", "pk": 45, "fields": {"exercise_id": 3, "reactive_id": 6, "exercise_id_Text_to_text": null, "exercise_id_Text_to_media": 2, "exercise_id_Media_to_text": null, "exercise_id_Media_to_media": null, "order": 6, "experience": 100, "active": true}}, {"model": "exercises.exercise_detail", "pk": 46, "fields": {"exercise_id": 3, "reactive_id": 6, "exercise_id_Text_to_text": null, "exercise_id_Text_to_media": 3, "exercise_id_Media_to_text": null, "exercise_id_Media_to_media": null, "order": 7, "experience": 100, "active": true}}, {"model": "exercises.exercise_detail", "pk": 47, "fields": {"exercise_id": 3, "reactive_id": 3, "exercise_id_Text_to_text": null, "exercise_id_Text_to_media": null, "exercise_id_Media_to_text": 13, "exercise_id_Media_to_media": null, "order": 8, "experience": 100, "active": true}}, {"model": "exercises.exercise_detail", "pk": 49, "fields": {"exercise_id": 11, "reactive_id": 7, "exercise_id_Text_to_text": 18, "exercise_id_Text_to_media": null, "exercise_id_Media_to_text": null, "exercise_id_Media_to_media": null, "order": 1, "experience": 100, "active": true}}, {"model": "exercises.exercise_detail", "pk": 50, "fields": {"exercise_id": 11, "reactive_id": 7, "exercise_id_Text_to_text": 19, "exercise_id_Text_to_media": null, "exercise_id_Media_to_text": null, "exercise_id_Media_to_media": null, "order": 2, "experience": 100, "active": true}}, {"model": "exercises.exercise_detail", "pk": 51, "fields": {"exercise_id": 11, "reactive_id": 7, "exercise_id_Text_to_text": 20, "exercise_id_Text_to_media": null, "exercise_id_Media_to_text": null, "exercise_id_Media_to_media": null, "order": 3, "experience": 100, "active": true}}, {"model": "exercises.exercise_detail", "pk": 53, "fields": {"exercise_id": 11, "reactive_id": 5, "exercise_id_Text_to_text": null, "exercise_id_Text_to_media": 16, "exercise_id_Media_to_text": null, "exercise_id_Media_to_media": null, "order": 4, "experience": 100, "active": true}}, {"model": "exercises.exercise_detail", "pk": 54, "fields": {"exercise_id": 11, "reactive_id": 6, "exercise_id_Text_to_text": null, "exercise_id_Text_to_media": 17, "exercise_id_Media_to_text": null, "exercise_id_Media_to_media": null, "order": 5, "experience": 100, "active": true}}, {"model": "exercises.exercise_detail", "pk": 57, "fields": {"exercise_id": 11, "reactive_id": 6, "exercise_id_Text_to_text": null, "exercise_id_Text_to_media": 20, "exercise_id_Media_to_text": null, "exercise_id_Media_to_media": null, "order": 6, "experience": 100, "active": true}}, {"model": "exercises.exercise_detail", "pk": 58, "fields": {"exercise_id": 11, "reactive_id": 6, "exercise_id_Text_to_text": null, "exercise_id_Text_to_media": 21, "exercise_id_Media_to_text": null, "exercise_id_Media_to_media": null, "order": 7, "experience": 100, "active": true}}, {"model": "exercises.exercise_detail", "pk": 59, "fields": {"exercise_id": 11, "reactive_id": 5, "exercise_id_Text_to_text": null, "exercise_id_Text_to_media": null, "exercise_id_Media_to_text": null, "exercise_id_Media_to_media": 22, "order": 8, "experience": 100, "active": true}}, {"model": "exercises.exercise_detail", "pk": 60, "fields": {"exercise_id": 11, "reactive_id": 7, "exercise_id_Text_to_text": 21, "exercise_id_Text_to_media": null, "exercise_id_Media_to_text": null, "exercise_id_Media_to_media": null, "order": 9, "experience": 100, "active": true}}, {"model": "exercises.exercise_detail", "pk": 61, "fields": {"exercise_id": 11, "reactive_id": 4, "exercise_id_Text_to_text": null, "exercise_id_Text_to_media": null, "exercise_id_Media_to_text": null, "exercise_id_Media_to_media": 24, "order": 10, "experience": 100, "active": true}}, {"model": "exercises.exercise_detail", "pk": 62, "fields": {"exercise_id": 11, "reactive_id": 4, "exercise_id_Text_to_text": null, "exercise_id_Text_to_media": null, "exercise_id_Media_to_text": null, "exercise_id_Media_to_media": 25, "order": 11, "experience": 100, "active": true}}, {"model": "exercises.exercise_detail", "pk": 63, "fields": {"exercise_id": 11, "reactive_id": 4, "exercise_id_Text_to_text": null, "exercise_id_Text_to_media": null, "exercise_id_Media_to_text": null, "exercise_id_Media_to_media": 26, "order": 12, "experience": 100, "active": true}}, {"model": "exercises.exercise_detail", "pk": 64, "fields": {"exercise_id": 11, "reactive_id": 3, "exercise_id_Text_to_text": null, "exercise_id_Text_to_media": null, "exercise_id_Media_to_text": 14, "exercise_id_Media_to_media": null, "order": 13, "experience": 100, "active": true}}, {"model": "exercises.exercise_detail", "pk": 65, "fields": {"exercise_id": 11, "reactive_id": 3, "exercise_id_Text_to_text": null, "exercise_id_Text_to_media": null, "exercise_id_Media_to_text": 15, "exercise_id_Media_to_media": null, "order": 14, "experience": 100, "active": true}}, {"model": "exercises.exercise_detail", "pk": 66, "fields": {"exercise_id": 11, "reactive_id": 3, "exercise_id_Text_to_text": null, "exercise_id_Text_to_media": null, "exercise_id_Media_to_text": 16, "exercise_id_Media_to_media": null, "order": 15, "experience": 100, "active": true}}, {"model": "exercises.exercise_detail", "pk": 67, "fields": {"exercise_id": 11, "reactive_id": 11, "exercise_id_Text_to_text": null, "exercise_id_Text_to_media": null, "exercise_id_Media_to_text": 17, "exercise_id_Media_to_media": null, "order": 16, "experience": 100, "active": true}}, {"model": "exercises.exercise_detail", "pk": 68, "fields": {"exercise_id": 11, "reactive_id": 11, "exercise_id_Text_to_text": null, "exercise_id_Text_to_media": null, "exercise_id_Media_to_text": 18, "exercise_id_Media_to_media": null, "order": 17, "experience": 100, "active": true}}, {"model": "exercises.exercise_detail", "pk": 69, "fields": {"exercise_id": 11, "reactive_id": 3, "exercise_id_Text_to_text": null, "exercise_id_Text_to_media": null, "exercise_id_Media_to_text": 19, "exercise_id_Media_to_media": null, "order": 18, "experience": 100, "active": true}}, {"model": "exercises.exercise_detail", "pk": 70, "fields": {"exercise_id": 11, "reactive_id": 3, "exercise_id_Text_to_text": null, "exercise_id_Text_to_media": null, "exercise_id_Media_to_text": 20, "exercise_id_Media_to_media": null, "order": 19, "experience": 100, "active": true}}, {"model": "exercises.exercise_detail", "pk": 71, "fields": {"exercise_id": 11, "reactive_id": 3, "exercise_id_Text_to_text": null, "exercise_id_Text_to_media": null, "exercise_id_Media_to_text": 21, "exercise_id_Media_to_media": null, "order": 20, "experience": 100, "active": true}}, {"model": "exercises.exercise_detail", "pk": 72, "fields": {"exercise_id": 11, "reactive_id": 7, "exercise_id_Text_to_text": 22, "exercise_id_Text_to_media": null, "exercise_id_Media_to_text": null, "exercise_id_Media_to_media": null, "order": 21, "experience": 100, "active": true}}, {"model": "exercises.exercise_detail", "pk": 73, "fields": {"exercise_id": 11, "reactive_id": 7, "exercise_id_Text_to_text": 23, "exercise_id_Text_to_media": null, "exercise_id_Media_to_text": null, "exercise_id_Media_to_media": null, "order": 22, "experience": 100, "active": true}}, {"model": "exercises.exercise_detail", "pk": 75, "fields": {"exercise_id": 11, "reactive_id": 6, "exercise_id_Text_to_text": null, "exercise_id_Text_to_media": 22, "exercise_id_Media_to_text": null, "exercise_id_Media_to_media": null, "order": 23, "experience": 100, "active": true}}, {"model": "exercises.exercise_detail", "pk": 76, "fields": {"exercise_id": 11, "reactive_id": 6, "exercise_id_Text_to_text": null, "exercise_id_Text_to_media": 23, "exercise_id_Media_to_text": null, "exercise_id_Media_to_media": null, "order": 24, "experience": 100, "active": true}}, {"model": "exercises.exercise_detail", "pk": 77, "fields": {"exercise_id": 11, "reactive_id": 3, "exercise_id_Text_to_text": null, "exercise_id_Text_to_media": null, "exercise_id_Media_to_text": 22, "exercise_id_Media_to_media": null, "order": 25, "experience": 100, "active": true}}, {"model": "exercises.exercise_detail", "pk": 78, "fields": {"exercise_id": 11, "reactive_id": 3, "exercise_id_Text_to_text": null, "exercise_id_Text_to_media": null, "exercise_id_Media_to_text": 23, "exercise_id_Media_to_media": null, "order": 26, "experience": 100, "active": true}}, {"model": "exercises.exercise_detail", "pk": 79, "fields": {"exercise_id": 11, "reactive_id": 3, "exercise_id_Text_to_text": null, "exercise_id_Text_to_media": null, "exercise_id_Media_to_text": 24, "exercise_id_Media_to_media": null, "order": 27, "experience": 100, "active": true}}, {"model": "exercises.exercise_detail", "pk": 80, "fields": {"exercise_id": 11, "reactive_id": 2, "exercise_id_Text_to_text": null, "exercise_id_Text_to_media": null, "exercise_id_Media_to_text": 25, "exercise_id_Media_to_media": null, "order": 28, "experience": 100, "active": true}}, {"model": "exercises.exercise_detail", "pk": 81, "fields": {"exercise_id": 11, "reactive_id": 3, "exercise_id_Text_to_text": null, "exercise_id_Text_to_media": null, "exercise_id_Media_to_text": 26, "exercise_id_Media_to_media": null, "order": 29, "experience": 100, "active": true}}, {"model": "exercises.exercise_detail", "pk": 82, "fields": {"exercise_id": 3, "reactive_id": 3, "exercise_id_Text_to_text": null, "exercise_id_Text_to_media": null, "exercise_id_Media_to_text": 27, "exercise_id_Media_to_media": null, "order": 9, "experience": 100, "active": true}}, {"model": "exercises.exercise_detail", "pk": 83, "fields": {"exercise_id": 3, "reactive_id": 3, "exercise_id_Text_to_text": null, "exercise_id_Text_to_media": null, "exercise_id_Media_to_text": 28, "exercise_id_Media_to_media": null, "order": 10, "experience": 100, "active": true}}, {"model": "reactives.text_to_text", "pk": 1, "fields": {"description": "", "question": "Mba’éichapa Sara.", "active": true}}, {"model": "reactives.text_to_text", "pk": 2, "fields": {"description": "", "question": "Tereguaheporaite", "active": true}}, {"model": "reactives.text_to_text", "pk": 3, "fields": {"description": "", "question": "Mba’éichapa Sara.", "active": true}}, {"model": "reactives.text_to_text", "pk": 4, "fields": {"description": "", "question": "Mba’eteko. INPUT cheréra Nicolas, ha INPUT", "active": true}}, {"model": "reactives.text_to_text", "pk": 5, "fields": {"description": "", "question": "INPUT cheréra Antonio.", "active": true}}, {"model": "reactives.text_to_text", "pk": 6, "fields": {"description": "", "question": "Maitei. INPUT piko Jazmín.", "active": true}}, {"model": "reactives.text_to_text", "pk": 7, "fields": {"description": "", "question": "Mba’éichapa INPUT réra Luis. Ha  INPUT  .", "active": true}}, {"model": "reactives.text_to_text", "pk": 8, "fields": {"description": "", "question": "Mba’eteko INPUT Kape. Mba’éicha  INPUT réra  .", "active": true}}, {"model": "reactives.text_to_text", "pk": 9, "fields": {"description": "", "question": "¿Cómo se dice “hola” en Guaraní? -  How do you say “hola” in gu", "active": true}}, {"model": "reactives.text_to_text", "pk": 10, "fields": {"description": "", "question": "¿Cómo se dice “muy bien” en Guaraní? -  How do you say “muy", "active": true}}, {"model": "reactives.text_to_text", "pk": 11, "fields": {"description": "", "question": "¿Cómo se dice “Cheréra Ana” en Castellano? -  How do yo", "active": true}}, {"model": "reactives.text_to_text", "pk": 12, "fields": {"description": "", "question": "¿Cómo se dice “Tu nombre es Ruth” en Guaraní? -  H", "active": true}}, {"model": "reactives.text_to_text", "pk": 13, "fields": {"description": "", "question": "Moôguápa nde? /De dónde eres?/Where are you from?", "active": true}}, {"model": "reactives.text_to_text", "pk": 14, "fields": {"description": "", "question": "Moõguápa ha'e /¿De dónde es él?/ Where is he from?", "active": true}}, {"model": "reactives.text_to_text", "pk": 15, "fields": {"description": "", "question": "¿De dónde son ellos?/ Where are they from?", "active": true}}, {"model": "reactives.text_to_text", "pk": 16, "fields": {"description": "Moõguapa José", "question": "INPUT España-gua", "active": true}}, {"model": "reactives.text_to_text", "pk": 17, "fields": {"description": "Moõguápa Ruth", "question": "INPUT Brasil-gua", "active": true}}, {"model": "reactives.text_to_text", "pk": 18, "fields": {"description": "Emoñe’ẽ ha eiporavo ñe’ẽ  ha’etéva- Lee y selecciona la palabra correcta- Read and choose the correct word.", "question": "Ore", "active": true}}, {"model": "reactives.text_to_text", "pk": 19, "fields": {"description": "Emoñe’ẽ ha eiporavo ñe’ẽ  ha’etéva- Lee y selecciona la palabra correcta- Read and choose the correct word.", "question": "Ñande", "active": true}}, {"model": "reactives.text_to_text", "pk": 20, "fields": {"description": "Emoñe’ẽ ha eiporavo ñe’ẽ  ha’etéva- Lee y selecciona la palabra correcta- Read and choose the correct word.", "question": "Pe´ẽ", "active": true}}, {"model": "reactives.text_to_text", "pk": 21, "fields": {"description": "Emoñe’ẽ ha eiporavo ñe’ẽ  ha’etéva- Lee y selecciona la palabra correcta- Read and choose the correct word.", "question": "Maitei, che cheréra Carol ha ha´e Sofía. Ore Brasil-gua", "active": true}}, {"model": "reactives.text_to_text", "pk": 22, "fields": {"description": "", "question": "Pateĩ, Pakõi, Paapy, Parandy, Papo", "active": true}}, {"model": "reactives.text_to_text", "pk": 23, "fields": {"description": "", "question": "Papoteĩ, papokõi, papoapy paporundy, mokõipa:", "active": true}}, {"model": "reactives.text_to_text_detail", "pk": 1, "fields": {"text_to_text_id": 1, "answer": "Cheréra Lucía", "correct_answer": false}}, {"model": "reactives.text_to_text_detail", "pk": 2, "fields": {"text_to_text_id": 1, "answer": "Iporãnte", "correct_answer": true}}, {"model": "reactives.text_to_text_detail", "pk": 3, "fields": {"text_to_text_id": 1, "answer": "Aguyje", "correct_answer": false}}, {"model": "reactives.text_to_text_detail", "pk": 4, "fields": {"text_to_text_id": 2, "answer": "Maiteimi", "correct_answer": false}}, {"model": "reactives.text_to_text_detail", "pk": 5, "fields": {"text_to_text_id": 2, "answer": "Iporãnte", "correct_answer": false}}, {"model": "reactives.text_to_text_detail", "pk": 6, "fields": {"text_to_text_id": 2, "answer": "Aguyje.", "correct_answer": true}}, {"model": "reactives.text_to_text_detail", "pk": 7, "fields": {"text_to_text_id": 3, "answer": "Cheréra Lucía", "correct_answer": false}}, {"model": "reactives.text_to_text_detail", "pk": 8, "fields": {"text_to_text_id": 3, "answer": "Iporãnte", "correct_answer": true}}, {"model": "reactives.text_to_text_detail", "pk": 9, "fields": {"text_to_text_id": 3, "answer": "Aguyje", "correct_answer": false}}, {"model": "reactives.text_to_text_detail", "pk": 10, "fields": {"text_to_text_id": 4, "answer": "Che", "correct_answer": true}}, {"model": "reactives.text_to_text_detail", "pk": 11, "fields": {"text_to_text_id": 4, "answer": "nde", "correct_answer": true}}, {"model": "reactives.text_to_text_detail", "pk": 12, "fields": {"text_to_text_id": 5, "answer": "Che", "correct_answer": true}}, {"model": "reactives.text_to_text_detail", "pk": 13, "fields": {"text_to_text_id": 6, "answer": "nde", "correct_answer": true}}, {"model": "reactives.text_to_text_detail", "pk": 14, "fields": {"text_to_text_id": 7, "answer": "che", "correct_answer": true}}, {"model": "reactives.text_to_text_detail", "pk": 15, "fields": {"text_to_text_id": 7, "answer": "nde", "correct_answer": true}}, {"model": "reactives.text_to_text_detail", "pk": 16, "fields": {"text_to_text_id": 8, "answer": "che", "correct_answer": true}}, {"model": "reactives.text_to_text_detail", "pk": 17, "fields": {"text_to_text_id": 8, "answer": "nde", "correct_answer": true}}, {"model": "reactives.text_to_text_detail", "pk": 18, "fields": {"text_to_text_id": 9, "answer": "Maitei/ mba’eteko", "correct_answer": true}}, {"model": "reactives.text_to_text_detail", "pk": 19, "fields": {"text_to_text_id": 9, "answer": "Iporãnte", "correct_answer": false}}, {"model": "reactives.text_to_text_detail", "pk": 20, "fields": {"text_to_text_id": 9, "answer": "Aguyje", "correct_answer": false}}, {"model": "reactives.text_to_text_detail", "pk": 21, "fields": {"text_to_text_id": 10, "answer": "Mbaeteko", "correct_answer": false}}, {"model": "reactives.text_to_text_detail", "pk": 22, "fields": {"text_to_text_id": 10, "answer": "Aguyje", "correct_answer": false}}, {"model": "reactives.text_to_text_detail", "pk": 23, "fields": {"text_to_text_id": 10, "answer": "Iporã /  Iporãnte / Iporãiterei / Iporãmínte.", "correct_answer": true}}, {"model": "reactives.text_to_text_detail", "pk": 24, "fields": {"text_to_text_id": 11, "answer": "Gracias Ana", "correct_answer": false}}, {"model": "reactives.text_to_text_detail", "pk": 25, "fields": {"text_to_text_id": 11, "answer": "Mi nombre es Ana", "correct_answer": true}}, {"model": "reactives.text_to_text_detail", "pk": 26, "fields": {"text_to_text_id": 11, "answer": "Hola Ana", "correct_answer": false}}, {"model": "reactives.text_to_text_detail", "pk": 27, "fields": {"text_to_text_id": 12, "answer": "Aguyje Ruth", "correct_answer": false}}, {"model": "reactives.text_to_text_detail", "pk": 28, "fields": {"text_to_text_id": 12, "answer": "Maitei Ruth", "correct_answer": false}}, {"model": "reactives.text_to_text_detail", "pk": 29, "fields": {"text_to_text_id": 12, "answer": "Nderéra Ruth", "correct_answer": true}}, {"model": "reactives.text_to_text_detail", "pk": 30, "fields": {"text_to_text_id": 13, "answer": "Che Paraguáigua", "correct_answer": true}}, {"model": "reactives.text_to_text_detail", "pk": 31, "fields": {"text_to_text_id": 13, "answer": "Che Paraguáire", "correct_answer": false}}, {"model": "reactives.text_to_text_detail", "pk": 32, "fields": {"text_to_text_id": 13, "answer": "Che Paraguáirã", "correct_answer": false}}, {"model": "reactives.text_to_text_detail", "pk": 33, "fields": {"text_to_text_id": 14, "answer": "Ha´e Españare", "correct_answer": false}}, {"model": "reactives.text_to_text_detail", "pk": 34, "fields": {"text_to_text_id": 14, "answer": "Ha´e Españagua", "correct_answer": true}}, {"model": "reactives.text_to_text_detail", "pk": 35, "fields": {"text_to_text_id": 14, "answer": "Ha´e Españarã", "correct_answer": false}}, {"model": "reactives.text_to_text_detail", "pk": 36, "fields": {"text_to_text_id": 15, "answer": "Ha´ekuéra Franciarã", "correct_answer": false}}, {"model": "reactives.text_to_text_detail", "pk": 37, "fields": {"text_to_text_id": 15, "answer": "Ha´ekuéra Franciare", "correct_answer": false}}, {"model": "reactives.text_to_text_detail", "pk": 38, "fields": {"text_to_text_id": 15, "answer": "Ha´ekuéra Franciagua", "correct_answer": true}}, {"model": "reactives.text_to_text_detail", "pk": 39, "fields": {"text_to_text_id": 16, "answer": "Ha'e", "correct_answer": true}}, {"model": "reactives.text_to_text_detail", "pk": 41, "fields": {"text_to_text_id": 17, "answer": "Ha'e", "correct_answer": true}}, {"model": "reactives.text_to_text_detail", "pk": 42, "fields": {"text_to_text_id": 18, "answer": "Nosotros/Incluyente", "correct_answer": false}}, {"model": "reactives.text_to_text_detail", "pk": 43, "fields": {"text_to_text_id": 18, "answer": "Nosotros/Excluyente", "correct_answer": true}}, {"model": "reactives.text_to_text_detail", "pk": 44, "fields": {"text_to_text_id": 18, "answer": "Ellos", "correct_answer": false}}, {"model": "reactives.text_to_text_detail", "pk": 45, "fields": {"text_to_text_id": 19, "answer": "Nosotros/Incluyente", "correct_answer": true}}, {"model": "reactives.text_to_text_detail", "pk": 46, "fields": {"text_to_text_id": 19, "answer": "Nosotros/Excluyente", "correct_answer": false}}, {"model": "reactives.text_to_text_detail", "pk": 47, "fields": {"text_to_text_id": 19, "answer": "Ustedes", "correct_answer": false}}, {"model": "reactives.text_to_text_detail", "pk": 48, "fields": {"text_to_text_id": 20, "answer": "Nosotros/Incluyente", "correct_answer": false}}, {"model": "reactives.text_to_text_detail", "pk": 49, "fields": {"text_to_text_id": 20, "answer": "Nosotros/Excluyente", "correct_answer": false}}, {"model": "reactives.text_to_text_detail", "pk": 50, "fields": {"text_to_text_id": 20, "answer": "Ustedes", "correct_answer": true}}, {"model": "reactives.text_to_text_detail", "pk": 51, "fields": {"text_to_text_id": 21, "answer": "a.\tHola, yo soy Caro y ella es Sofía. Nosotras viajamos a Brasil.", "correct_answer": false}}, {"model": "reactives.text_to_text_detail", "pk": 52, "fields": {"text_to_text_id": 21, "answer": "b.\tHola, mi nombre es Carol y ella Sofía. Nosotras somos de Brasil.", "correct_answer": true}}, {"model": "reactives.text_to_text_detail", "pk": 53, "fields": {"text_to_text_id": 21, "answer": "c.\tHola, yo soy Carol. Mi amiga Sofía vive en Brasil.", "correct_answer": false}}, {"model": "reactives.text_to_text_detail", "pk": 54, "fields": {"text_to_text_id": 22, "answer": "Uno, dos, tres, cuatro, cinco", "correct_answer": false}}, {"model": "reactives.text_to_text_detail", "pk": 55, "fields": {"text_to_text_id": 22, "answer": "Once, doce, trece, catorce, quince", "correct_answer": true}}, {"model": "reactives.text_to_text_detail", "pk": 56, "fields": {"text_to_text_id": 22, "answer": "o\tDieciséis, diecisiete, dieciocho, diecinueve, veinte", "correct_answer": false}}, {"model": "reactives.text_to_text_detail", "pk": 57, "fields": {"text_to_text_id": 23, "answer": "Uno, dos, tres, cuatro, cinco", "correct_answer": false}}, {"model": "reactives.text_to_text_detail", "pk": 58, "fields": {"text_to_text_id": 23, "answer": "Once, doce, trece, catorce, quince", "correct_answer": false}}, {"model": "reactives.text_to_text_detail", "pk": 59, "fields": {"text_to_text_id": 23, "answer": "Dieciséis, diecisiete, dieciocho, diecinueve, veinte", "correct_answer": true}}, {"model": "reactives.text_to_media", "pk": 1, "fields": {"question": "Mba’eteko. Cheréra Pedro. Mba’éichapa Cheréra Luis", "active": true}}, {"model": "reactives.text_to_media", "pk": 2, "fields": {"question": "Ha´e España-gua", "active": true}}, {"model": "reactives.text_to_media", "pk": 3, "fields": {"question": "Ha´ekuéra Argentina-gua", "active": true}}, {"model": "reactives.text_to_media", "pk": 13, "fields": {"question": "Ore Español", "active": true}}, {"model": "reactives.text_to_media", "pk": 14, "fields": {"question": "Ñande Francés", "active": true}}, {"model": "reactives.text_to_media", "pk": 15, "fields": {"question": "Pe´ẽ brasilero", "active": true}}, {"model": "reactives.text_to_media", "pk": 16, "fields": {"question": "Ore Español", "active": true}}, {"model": "reactives.text_to_media", "pk": 17, "fields": {"question": "Ñande Francés", "active": true}}, {"model": "reactives.text_to_media", "pk": 18, "fields": {"question": "Pe´ẽ brasilero", "active": true}}, {"model": "reactives.text_to_media", "pk": 19, "fields": {"question": "Pe´ẽ brasilero", "active": true}}, {"model": "reactives.text_to_media", "pk": 20, "fields": {"question": "Ore Argentino", "active": true}}, {"model": "reactives.text_to_media", "pk": 21, "fields": {"question": "Pe´ẽ brasilero", "active": true}}, {"model": "reactives.text_to_media", "pk": 22, "fields": {"question": "Pablo oguereko pateĩ ary.", "active": true}}, {"model": "reactives.text_to_media", "pk": 23, "fields": {"question": "María oguereko papo ary.", "active": true}}, {"model": "reactives.text_to_media_detail", "pk": 1, "fields": {"text_to_media_id": 1, "answer_filename": "text_to_media/1.jpg", "correct_answer": true, "description": ""}}, {"model": "reactives.text_to_media_detail", "pk": 2, "fields": {"text_to_media_id": 1, "answer_filename": "text_to_media/2.png", "correct_answer": false, "description": ""}}, {"model": "reactives.text_to_media_detail", "pk": 3, "fields": {"text_to_media_id": 1, "answer_filename": "text_to_media/3.jpg", "correct_answer": false, "description": ""}}, {"model": "reactives.text_to_media_detail", "pk": 4, "fields": {"text_to_media_id": 2, "answer_filename": "text_to_media/Ha_e_4.1_-7.1_7.2_rta_correcta._10_columna_A.png", "correct_answer": true, "description": ""}}, {"model": "reactives.text_to_media_detail", "pk": 5, "fields": {"text_to_media_id": 2, "answer_filename": "text_to_media/4._2-_7.2_y_7.4_Ha_ekuéra_y_columna_A.png", "correct_answer": false, "description": ""}}, {"model": "reactives.text_to_media_detail", "pk": 6, "fields": {"text_to_media_id": 2, "answer_filename": "text_to_media/Che_7.1-7.1-_opción_incorrecta_y_columna_A.png", "correct_answer": false, "description": ""}}, {"model": "reactives.text_to_media_detail", "pk": 7, "fields": {"text_to_media_id": 3, "answer_filename": "text_to_media/Che_7.1-7.1-_opción_incorrecta_y_columna_A_Sm3TeQ5.png", "correct_answer": false, "description": ""}}, {"model": "reactives.text_to_media_detail", "pk": 8, "fields": {"text_to_media_id": 3, "answer_filename": "text_to_media/4._2-_7.2_y_7.4_Ha_ekuéra_y_columna_A_YrDTE8w.png", "correct_answer": true, "description": ""}}, {"model": "reactives.text_to_media_detail", "pk": 9, "fields": {"text_to_media_id": 3, "answer_filename": "text_to_media/Ha_e_4.1_-7.1_7.2_rta_correcta._10_columna_A_rwgdYeB.png", "correct_answer": false, "description": ""}}, {"model": "reactives.text_to_media_detail", "pk": 16, "fields": {"text_to_media_id": 13, "answer_filename": "text_to_media/2.3_-_3.3_-_8_columna_A_resultado_1.png", "correct_answer": false, "description": ""}}, {"model": "reactives.text_to_media_detail", "pk": 17, "fields": {"text_to_media_id": 13, "answer_filename": "text_to_media/ORE_2.1_._3.1_._7.1_COLUMNA_A_resultado_E1hnUYP.png", "correct_answer": true, "description": ""}}, {"model": "reactives.text_to_media_detail", "pk": 18, "fields": {"text_to_media_id": 13, "answer_filename": "text_to_media/nosotros_2.2_-_3.2_7.2_Y_COLUMNA_A_resultado.png", "correct_answer": false, "description": ""}}, {"model": "reactives.text_to_media_detail", "pk": 19, "fields": {"text_to_media_id": 13, "answer_filename": "text_to_media/2.3_-_3.3_-_8_columna_A_resultado_resultado.webp", "correct_answer": false, "description": ""}}, {"model": "reactives.text_to_media_detail", "pk": 20, "fields": {"text_to_media_id": 13, "answer_filename": "text_to_media/ORE_2.1_._3.1_._7.1_COLUMNA_A_resultado.webp", "correct_answer": true, "description": ""}}, {"model": "reactives.text_to_media_detail", "pk": 21, "fields": {"text_to_media_id": 13, "answer_filename": "text_to_media/7.1-7.2_resultado_xJ2LtJf.webp", "correct_answer": false, "description": ""}}, {"model": "reactives.text_to_media_detail", "pk": 22, "fields": {"text_to_media_id": 14, "answer_filename": "text_to_media/Ellos_-columna_A_resultado.png", "correct_answer": false, "description": ""}}, {"model": "reactives.text_to_media_detail", "pk": 23, "fields": {"text_to_media_id": 14, "answer_filename": "text_to_media/ORE_2.1_._3.1_._7.1_COLUMNA_A_resultado_resultado.webp", "correct_answer": false, "description": ""}}, {"model": "reactives.text_to_media_detail", "pk": 24, "fields": {"text_to_media_id": 14, "answer_filename": "text_to_media/nosotros_2.2_-_3.2_7.2_Y_COLUMNA_A_resultado_resultado_resultado.webp", "correct_answer": true, "description": ""}}, {"model": "reactives.text_to_media_detail", "pk": 25, "fields": {"text_to_media_id": 15, "answer_filename": "text_to_media/Ellos_-columna_A_resultado_vW5jBQa.png", "correct_answer": true, "description": ""}}, {"model": "reactives.text_to_media_detail", "pk": 26, "fields": {"text_to_media_id": 15, "answer_filename": "text_to_media/nosotros_2.2_-_3.2_7.2_Y_COLUMNA_A_resultado_resultado_resultado_1ZGCCJV.webp", "correct_answer": false, "description": ""}}, {"model": "reactives.text_to_media_detail", "pk": 27, "fields": {"text_to_media_id": 15, "answer_filename": "text_to_media/ORE_2.1_._3.1_._7.1_COLUMNA_A_resultado_resultado_3TNrBll.webp", "correct_answer": false, "description": ""}}, {"model": "reactives.text_to_media_detail", "pk": 28, "fields": {"text_to_media_id": 16, "answer_filename": "text_to_media/7.1-7.2_resultado_4YOn6au.webp", "correct_answer": false, "description": ""}}, {"model": "reactives.text_to_media_detail", "pk": 29, "fields": {"text_to_media_id": 16, "answer_filename": "text_to_media/Ellos.png", "correct_answer": false, "description": ""}}, {"model": "reactives.text_to_media_detail", "pk": 30, "fields": {"text_to_media_id": 16, "answer_filename": "text_to_media/ORE.webp", "correct_answer": true, "description": ""}}, {"model": "reactives.text_to_media_detail", "pk": 31, "fields": {"text_to_media_id": 17, "answer_filename": "text_to_media/ORE_5nb3t5F.webp", "correct_answer": false, "description": ""}}, {"model": "reactives.text_to_media_detail", "pk": 32, "fields": {"text_to_media_id": 17, "answer_filename": "text_to_media/nosotros.webp", "correct_answer": true, "description": ""}}, {"model": "reactives.text_to_media_detail", "pk": 33, "fields": {"text_to_media_id": 17, "answer_filename": "text_to_media/7.1-7.2_resultado_J1SMGdG.webp", "correct_answer": false, "description": ""}}, {"model": "reactives.text_to_media_detail", "pk": 34, "fields": {"text_to_media_id": 18, "answer_filename": "text_to_media/4._2-_7.2_y_7.4_ellos_y_columna_A_resultado.webp", "correct_answer": true, "description": ""}}, {"model": "reactives.text_to_media_detail", "pk": 35, "fields": {"text_to_media_id": 18, "answer_filename": "text_to_media/7.1-7.2_resultado_uv3DKSN.webp", "correct_answer": false, "description": ""}}, {"model": "reactives.text_to_media_detail", "pk": 36, "fields": {"text_to_media_id": 18, "answer_filename": "text_to_media/El_4.1_-7.1_7.2_rta_correct._10_columna_A_resultado.webp", "correct_answer": false, "description": ""}}, {"model": "reactives.text_to_media_detail", "pk": 37, "fields": {"text_to_media_id": 19, "answer_filename": "text_to_media/EL.webp", "correct_answer": false, "description": ""}}, {"model": "reactives.text_to_media_detail", "pk": 38, "fields": {"text_to_media_id": 19, "answer_filename": "text_to_media/Ellos.webp", "correct_answer": true, "description": ""}}, {"model": "reactives.text_to_media_detail", "pk": 39, "fields": {"text_to_media_id": 19, "answer_filename": "text_to_media/yo.webp", "correct_answer": false, "description": ""}}, {"model": "reactives.text_to_media_detail", "pk": 40, "fields": {"text_to_media_id": 20, "answer_filename": "text_to_media/EL_A6KiBBm.webp", "correct_answer": false, "description": ""}}, {"model": "reactives.text_to_media_detail", "pk": 41, "fields": {"text_to_media_id": 20, "answer_filename": "text_to_media/Ellos_9drqSnR.webp", "correct_answer": true, "description": ""}}, {"model": "reactives.text_to_media_detail", "pk": 42, "fields": {"text_to_media_id": 20, "answer_filename": "text_to_media/yo_HZc4DFf.webp", "correct_answer": false, "description": ""}}, {"model": "reactives.text_to_media_detail", "pk": 43, "fields": {"text_to_media_id": 21, "answer_filename": "text_to_media/EL_09ArA5k.webp", "correct_answer": false, "description": ""}}, {"model": "reactives.text_to_media_detail", "pk": 44, "fields": {"text_to_media_id": 21, "answer_filename": "text_to_media/Ellos_flTeeV6.png", "correct_answer": true, "description": ""}}, {"model": "reactives.text_to_media_detail", "pk": 45, "fields": {"text_to_media_id": 21, "answer_filename": "text_to_media/yo_TQkJ8Wb.webp", "correct_answer": false, "description": ""}}, {"model": "reactives.text_to_media_detail", "pk": 46, "fields": {"text_to_media_id": 22, "answer_filename": "text_to_media/quince.webp", "correct_answer": false, "description": ""}}, {"model": "reactives.text_to_media_detail", "pk": 47, "fields": {"text_to_media_id": 22, "answer_filename": "text_to_media/numero.webp", "correct_answer": true, "description": ""}}, {"model": "reactives.text_to_media_detail", "pk": 48, "fields": {"text_to_media_id": 22, "answer_filename": "text_to_media/mano.webp", "correct_answer": false, "description": ""}}, {"model": "reactives.text_to_media_detail", "pk": 49, "fields": {"text_to_media_id": 23, "answer_filename": "text_to_media/mano_oACRtHf.webp", "correct_answer": false, "description": ""}}, {"model": "reactives.text_to_media_detail", "pk": 50, "fields": {"text_to_media_id": 23, "answer_filename": "text_to_media/numero_izgR58I.webp", "correct_answer": false, "description": ""}}, {"model": "reactives.text_to_media_detail", "pk": 51, "fields": {"text_to_media_id": 23, "answer_filename": "text_to_media/quince_bK6WoBL.webp", "correct_answer": false, "description": ""}}, {"model": "reactives.media_to_text", "pk": 1, "fields": {"filename": "media_to_text/1.A.5.m4a", "description": "Maitei INPUT Sára.", "active": true}}, {"model": "reactives.media_to_text", "pk": 2, "fields": {"filename": "media_to_text/1.A.6.m4a", "description": "Mba’eteko. Cheréra Pedro", "active": true}}, {"model": "reactives.media_to_text", "pk": 3, "fields": {"filename": "media_to_text/1.A.7.m4a", "description": "Maiteimi. INPUT Sara.", "active": true}}, {"model": "reactives.media_to_text", "pk": 5, "fields": {"filename": "media_to_text/1.A.12.m4a", "description": "Maitei. Mba’éichapa nderéra.", "active": true}}, {"model": "reactives.media_to_text", "pk": 13, "fields": {"filename": "media_to_text/5._1B.m4a", "description": "Maitei Cheréra Belén ha che Paraguáigua", "active": true}}, {"model": "reactives.media_to_text", "pk": 14, "fields": {"filename": "media_to_text/6.1.m4a", "description": "Ehendu ha eiporavo ñembohovái ha’etéva- Escucha y selecciona la respuesta correcta- Listen and choose the correct answer.", "active": true}}, {"model": "reactives.media_to_text", "pk": 15, "fields": {"filename": "media_to_text/6.2.m4a", "description": "Ehendu ha eiporavo ñembohovái ha’etéva- Escucha y selecciona la respuesta correcta- Listen and choose the correct answer.", "active": true}}, {"model": "reactives.media_to_text", "pk": 16, "fields": {"filename": "media_to_text/6.3.m4a", "description": "Ehendu ha eiporavo ñembohovái ha’etéva- Escucha y selecciona la respuesta correcta- Listen and choose the correct answer.", "active": true}}, {"model": "reactives.media_to_text", "pk": 17, "fields": {"filename": "media_to_text/ORE.webp", "description": "Ore. INPUT", "active": true}}, {"model": "reactives.media_to_text", "pk": 18, "fields": {"filename": "media_to_text/nosotros.webp", "description": "Ñande.INPUT", "active": true}}, {"model": "reactives.media_to_text", "pk": 19, "fields": {"filename": "media_to_text/8_.1.m4a", "description": "Ehendu ha eiporavo ñembohovái ha’etéva- Escucha y selecciona la respuesta correcta- Listen and choose the correct answer.", "active": true}}, {"model": "reactives.media_to_text", "pk": 20, "fields": {"filename": "media_to_text/8.2.m4a", "description": "Ehendu ha eiporavo ñembohovái ha’etéva- Escucha y selecciona la respuesta correcta- Listen and choose the correct answer.", "active": true}}, {"model": "reactives.media_to_text", "pk": 21, "fields": {"filename": "media_to_text/8_.3.m4a", "description": "Ehendu ha eiporavo ñembohovái ha’etéva- Escucha y selecciona la respuesta correcta- Listen and choose the correct answer.", "active": true}}, {"model": "reactives.media_to_text", "pk": 22, "fields": {"filename": "media_to_text/11.1.m4a", "description": "", "active": true}}, {"model": "reactives.media_to_text", "pk": 23, "fields": {"filename": "media_to_text/11.2.m4a", "description": "", "active": true}}, {"model": "reactives.media_to_text", "pk": 24, "fields": {"filename": "media_to_text/11.3.m4a", "description": "", "active": true}}, {"model": "reactives.media_to_text", "pk": 25, "fields": {"filename": "media_to_text/12.1.m4a", "description": "Pakõi.INPUT Doce", "active": true}}, {"model": "reactives.media_to_text", "pk": 26, "fields": {"filename": "media_to_text/13.1.m4a", "description": "", "active": true}}, {"model": "reactives.media_to_text", "pk": 27, "fields": {"filename": "media_to_text/6._1_cap_1b.m4a", "description": "", "active": true}}, {"model": "reactives.media_to_text", "pk": 28, "fields": {"filename": "media_to_text/6.2_cap_1b.m4a", "description": "", "active": true}}, {"model": "reactives.media_to_text_detail", "pk": 1, "fields": {"media_to_text_id": 1, "answer": "Cheréra", "correct_answer": true}}, {"model": "reactives.media_to_text_detail", "pk": 4, "fields": {"media_to_text_id": 2, "answer": "Mba'eteko, Luis.", "correct_answer": false}}, {"model": "reactives.media_to_text_detail", "pk": 5, "fields": {"media_to_text_id": 2, "answer": "Maitei, Pedro.", "correct_answer": true}}, {"model": "reactives.media_to_text_detail", "pk": 6, "fields": {"media_to_text_id": 2, "answer": "Mba’éichapa, Juan.", "correct_answer": false}}, {"model": "reactives.media_to_text_detail", "pk": 7, "fields": {"media_to_text_id": 3, "answer": "Cheréra", "correct_answer": true}}, {"model": "reactives.media_to_text_detail", "pk": 11, "fields": {"media_to_text_id": 5, "answer": "Aguyje", "correct_answer": false}}, {"model": "reactives.media_to_text_detail", "pk": 12, "fields": {"media_to_text_id": 5, "answer": "Ha nde.", "correct_answer": false}}, {"model": "reactives.media_to_text_detail", "pk": 13, "fields": {"media_to_text_id": 5, "answer": "Cheréra Aldo", "correct_answer": true}}, {"model": "reactives.media_to_text_detail", "pk": 21, "fields": {"media_to_text_id": 13, "answer": "Hola, me llamo Belén  y soy de Paraguay", "correct_answer": true}}, {"model": "reactives.media_to_text_detail", "pk": 22, "fields": {"media_to_text_id": 13, "answer": "Yo vivo en Paraguay", "correct_answer": false}}, {"model": "reactives.media_to_text_detail", "pk": 23, "fields": {"media_to_text_id": 13, "answer": "Mi nombre es Belén y mi familia vive en Paraguay", "correct_answer": false}}, {"model": "reactives.media_to_text_detail", "pk": 24, "fields": {"media_to_text_id": 14, "answer": "Ustedes son de Francias.", "correct_answer": false}}, {"model": "reactives.media_to_text_detail", "pk": 25, "fields": {"media_to_text_id": 14, "answer": "Nosotros somos franceses.", "correct_answer": true}}, {"model": "reactives.media_to_text_detail", "pk": 26, "fields": {"media_to_text_id": 14, "answer": "Yo vivo en Francia.", "correct_answer": false}}, {"model": "reactives.media_to_text_detail", "pk": 27, "fields": {"media_to_text_id": 15, "answer": "Nosotros somos Italianos.", "correct_answer": true}}, {"model": "reactives.media_to_text_detail", "pk": 28, "fields": {"media_to_text_id": 15, "answer": "Yo soy Italiana.", "correct_answer": false}}, {"model": "reactives.media_to_text_detail", "pk": 29, "fields": {"media_to_text_id": 15, "answer": "Ellos son Italianos.", "correct_answer": false}}, {"model": "reactives.media_to_text_detail", "pk": 30, "fields": {"media_to_text_id": 16, "answer": "Ella es rusa.", "correct_answer": false}}, {"model": "reactives.media_to_text_detail", "pk": 31, "fields": {"media_to_text_id": 16, "answer": "Ellos son rusos.", "correct_answer": false}}, {"model": "reactives.media_to_text_detail", "pk": 32, "fields": {"media_to_text_id": 16, "answer": "Ustedes son rusos.", "correct_answer": true}}, {"model": "reactives.media_to_text_detail", "pk": 33, "fields": {"media_to_text_id": 17, "answer": "Ore.", "correct_answer": true}}, {"model": "reactives.media_to_text_detail", "pk": 34, "fields": {"media_to_text_id": 18, "answer": "ÑANDE.", "correct_answer": true}}, {"model": "reactives.media_to_text_detail", "pk": 35, "fields": {"media_to_text_id": 19, "answer": "Yo soy puertorriqueño", "correct_answer": false}}, {"model": "reactives.media_to_text_detail", "pk": 36, "fields": {"media_to_text_id": 19, "answer": "Nosotros somos puertorriqueños.", "correct_answer": false}}, {"model": "reactives.media_to_text_detail", "pk": 37, "fields": {"media_to_text_id": 19, "answer": "Ustedes son puertorriqueños.", "correct_answer": true}}, {"model": "reactives.media_to_text_detail", "pk": 38, "fields": {"media_to_text_id": 20, "answer": "Ustedes son uruguayos.", "correct_answer": false}}, {"model": "reactives.media_to_text_detail", "pk": 39, "fields": {"media_to_text_id": 20, "answer": "Ella es uruguaya", "correct_answer": false}}, {"model": "reactives.media_to_text_detail", "pk": 40, "fields": {"media_to_text_id": 20, "answer": "Nosotros somos uruguayos.", "correct_answer": true}}, {"model": "reactives.media_to_text_detail", "pk": 41, "fields": {"media_to_text_id": 21, "answer": "Nosotros somos de Colombia.", "correct_answer": true}}, {"model": "reactives.media_to_text_detail", "pk": 42, "fields": {"media_to_text_id": 21, "answer": "Él vive en Colombia.", "correct_answer": false}}, {"model": "reactives.media_to_text_detail", "pk": 43, "fields": {"media_to_text_id": 21, "answer": "Yo soy de Colombia", "correct_answer": false}}, {"model": "reactives.media_to_text_detail", "pk": 44, "fields": {"media_to_text_id": 22, "answer": "11", "correct_answer": true}}, {"model": "reactives.media_to_text_detail", "pk": 45, "fields": {"media_to_text_id": 22, "answer": "12", "correct_answer": false}}, {"model": "reactives.media_to_text_detail", "pk": 46, "fields": {"media_to_text_id": 22, "answer": "13", "correct_answer": false}}, {"model": "reactives.media_to_text_detail", "pk": 47, "fields": {"media_to_text_id": 23, "answer": "12", "correct_answer": false}}, {"model": "reactives.media_to_text_detail", "pk": 48, "fields": {"media_to_text_id": 23, "answer": "15", "correct_answer": false}}, {"model": "reactives.media_to_text_detail", "pk": 49, "fields": {"media_to_text_id": 23, "answer": "20", "correct_answer": true}}, {"model": "reactives.media_to_text_detail", "pk": 50, "fields": {"media_to_text_id": 24, "answer": "11", "correct_answer": false}}, {"model": "reactives.media_to_text_detail", "pk": 51, "fields": {"media_to_text_id": 24, "answer": "15", "correct_answer": true}}, {"model": "reactives.media_to_text_detail", "pk": 52, "fields": {"media_to_text_id": 24, "answer": "20", "correct_answer": false}}, {"model": "reactives.media_to_text_detail", "pk": 53, "fields": {"media_to_text_id": 25, "answer": "Pakõi.", "correct_answer": true}}, {"model": "reactives.media_to_text_detail", "pk": 54, "fields": {"media_to_text_id": 26, "answer": "Once.", "correct_answer": false}}, {"model": "reactives.media_to_text_detail", "pk": 55, "fields": {"media_to_text_id": 26, "answer": "Quince.", "correct_answer": true}}, {"model": "reactives.media_to_text_detail", "pk": 56, "fields": {"media_to_text_id": 26, "answer": "Veinte.", "correct_answer": false}}, {"model": "reactives.media_to_text_detail", "pk": 57, "fields": {"media_to_text_id": 27, "answer": "Ha´enguéra Españagua", "correct_answer": false}}, {"model": "reactives.media_to_text_detail", "pk": 58, "fields": {"media_to_text_id": 27, "answer": "Ha´e España-gua", "correct_answer": false}}, {"model": "reactives.media_to_text_detail", "pk": 59, "fields": {"media_to_text_id": 27, "answer": "Ha´ekuéra España-gua", "correct_answer": true}}, {"model": "reactives.media_to_text_detail", "pk": 60, "fields": {"media_to_text_id": 28, "answer": "Ha´e Brasil-gua", "correct_answer": true}}, {"model": "reactives.media_to_text_detail", "pk": 61, "fields": {"media_to_text_id": 28, "answer": "Ha´ekuéra Brasil-gua", "correct_answer": false}}, {"model": "reactives.media_to_text_detail", "pk": 62, "fields": {"media_to_text_id": 28, "answer": "Ha´e Brasil-guare", "correct_answer": false}}, {"model": "reactives.media_to_media", "pk": 1, "fields": {"filename": "media_to_media/1.a.1_result.webp", "description": "Escucha y repite / Listen and repeat", "active": true}}, {"model": "reactives.media_to_media", "pk": 2, "fields": {"filename": "media_to_media/1.a.2_Fg7GP8F.jpg", "description": "", "active": true}}, {"model": "reactives.media_to_media", "pk": 3, "fields": {"filename": "media_to_media/1.a.3_9sNjWzl.jpg", "description": "", "active": true}}, {"model": "reactives.media_to_media", "pk": 4, "fields": {"filename": "media_to_media/Pedro_resultado.webp", "description": "", "active": true}}, {"model": "reactives.media_to_media", "pk": 5, "fields": {"filename": "media_to_media/1.A.3.7.10.21_3eawAD2.m4a", "description": "Ejercicio-8", "active": true}}, {"model": "reactives.media_to_media", "pk": 6, "fields": {"filename": "media_to_media/1.a.9.jpg", "description": "", "active": true}}, {"model": "reactives.media_to_media", "pk": 7, "fields": {"filename": "media_to_media/1.a.10.jpg", "description": "", "active": true}}, {"model": "reactives.media_to_media", "pk": 8, "fields": {"filename": "media_to_media/1.a.11.jpg", "description": "", "active": true}}, {"model": "reactives.media_to_media", "pk": 9, "fields": {"filename": "media_to_media/1.A.19.aif", "description": "Lucía Paraguaigua", "active": true}}, {"model": "reactives.media_to_media", "pk": 10, "fields": {"filename": "media_to_media/1.A.19_v68Yrb6.aif", "description": "Lucía Paraguaigua", "active": true}}, {"model": "reactives.media_to_media", "pk": 11, "fields": {"filename": "media_to_media/1.A.20.aif", "description": "Mba’éichapa", "active": true}}, {"model": "reactives.media_to_media", "pk": 12, "fields": {"filename": "media_to_media/1.A.21_rta_correcta.m4a", "description": "Maiteimi. Cheréra Lucía", "active": true}}, {"model": "reactives.media_to_media", "pk": 13, "fields": {"filename": "media_to_media/1.A.22.aif", "description": "Ndépiko Aldo Vega.", "active": true}}, {"model": "reactives.media_to_media", "pk": 14, "fields": {"filename": "media_to_media/1.a.13.jpg", "description": "", "active": true}}, {"model": "reactives.media_to_media", "pk": 15, "fields": {"filename": "media_to_media/1.a.14.jpg", "description": "", "active": true}}, {"model": "reactives.media_to_media", "pk": 16, "fields": {"filename": "media_to_media/1.a.15.jpg", "description": "", "active": true}}, {"model": "reactives.media_to_media", "pk": 17, "fields": {"filename": "media_to_media/1.a.16.jpg", "description": "", "active": true}}, {"model": "reactives.media_to_media", "pk": 18, "fields": {"filename": "media_to_media/1.a.17.jpg", "description": "", "active": true}}, {"model": "reactives.media_to_media", "pk": 19, "fields": {"filename": "media_to_media/1.a.18.jpg", "description": "", "active": true}}, {"model": "reactives.media_to_media", "pk": 20, "fields": {"filename": "media_to_media/7._1_cap_1b.m4a", "description": "Ha'e", "active": true}}, {"model": "reactives.media_to_media", "pk": 21, "fields": {"filename": "media_to_media/3.1_1c.m4a", "description": "Ehendu ha eiporavo ñembohovái ha’eteva- Escucha y selecciona la respuesta correcta - Listen and choose the", "active": true}}, {"model": "reactives.media_to_media", "pk": 22, "fields": {"filename": "media_to_media/3.1_1c_NJURXeh.m4a", "description": "Ehendu ha eiporavo ñembohovái ha’eteva- Escucha y selecciona la respuesta correcta - Listen and choose the", "active": true}}, {"model": "reactives.media_to_media", "pk": 23, "fields": {"filename": "media_to_media/5.1_1c.m4a", "description": "Ehendu ha eiporavo ñembohovái ha’etéva- Escucha y selecciona la respuesta correcta- Listen and choose the correct answer.", "active": true}}, {"model": "reactives.media_to_media", "pk": 24, "fields": {"filename": "media_to_media/5.1_1c_wPXhJvK.m4a", "description": "Ehendu ha eiporavo ñembohovái ha’etéva- Escucha y selecciona la respuesta correcta- Listen and choose the correct answer.", "active": true}}, {"model": "reactives.media_to_media", "pk": 25, "fields": {"filename": "media_to_media/5.2_1c.m4a", "description": "Ehendu ha eiporavo ñembohovái ha’etéva- Escucha y selecciona la respuesta correcta- Listen and choose the correct answer.", "active": true}}, {"model": "reactives.media_to_media", "pk": 26, "fields": {"filename": "media_to_media/5.3_1c.m4a", "description": "Ehendu ha eiporavo ñembohovái ha’etéva- Escucha y selecciona la respuesta correcta- Listen and choose the correct answer.", "active": true}}, {"model": "reactives.media_to_media_detail", "pk": 1, "fields": {"media_to_media_id": 1, "answer_filename": "Media_to_media_details/1.A.1_rMsTuMJ.m4a", "correct_answer": true, "description": "Maitei. Cheréra Sara."}}, {"model": "reactives.media_to_media_detail", "pk": 2, "fields": {"media_to_media_id": 2, "answer_filename": "Media_to_media_details/1.A.2_rYhbJfA.m4a", "correct_answer": true, "description": "Mba’éichapa. Che cheréra Daniel."}}, {"model": "reactives.media_to_media_detail", "pk": 3, "fields": {"media_to_media_id": 3, "answer_filename": "Media_to_media_details/1.A.3.7.10.21_o5YM27l.m4a", "correct_answer": true, "description": "Maiteimi. Cheréra Lucía."}}, {"model": "reactives.media_to_media_detail", "pk": 4, "fields": {"media_to_media_id": 4, "answer_filename": "Media_to_media_details/1A4.mp3", "correct_answer": true, "description": "Mba’eteko. Cheréra Pedro."}}, {"model": "reactives.media_to_media_detail", "pk": 5, "fields": {"media_to_media_id": 5, "answer_filename": "Media_to_media_details/1.A.8.m4a", "correct_answer": false, "description": ""}}, {"model": "reactives.media_to_media_detail", "pk": 6, "fields": {"media_to_media_id": 5, "answer_filename": "Media_to_media_details/1.A.2_NLspLFm.m4a", "correct_answer": false, "description": ""}}, {"model": "reactives.media_to_media_detail", "pk": 7, "fields": {"media_to_media_id": 5, "answer_filename": "Media_to_media_details/Saludo_a_Lucia.mp3", "correct_answer": true, "description": ""}}, {"model": "reactives.media_to_media_detail", "pk": 8, "fields": {"media_to_media_id": 6, "answer_filename": "Media_to_media_details/1.A.9.m4a", "correct_answer": true, "description": "Ruth: Maitei. Mba’éichapa nderéra. Aldo: Aldo."}}, {"model": "reactives.media_to_media_detail", "pk": 9, "fields": {"media_to_media_id": 7, "answer_filename": "Media_to_media_details/1.A.1_VvVWSim.m4a", "correct_answer": true, "description": "Maiteimi. Cheréra Lucía."}}, {"model": "reactives.media_to_media_detail", "pk": 10, "fields": {"media_to_media_id": 8, "answer_filename": "Media_to_media_details/1.A.11..m4a", "correct_answer": true, "description": "Mba’eteko. Cheréra Pedro. Mba’éichapa. Cheréra Luis."}}, {"model": "reactives.media_to_media_detail", "pk": 11, "fields": {"media_to_media_id": 9, "answer_filename": "Media_to_media_details/ENGLAND_FLAG.webp", "correct_answer": false, "description": ""}}, {"model": "reactives.media_to_media_detail", "pk": 12, "fields": {"media_to_media_id": 9, "answer_filename": "Media_to_media_details/PARAGUAY_FLAG.png", "correct_answer": true, "description": ""}}, {"model": "reactives.media_to_media_detail", "pk": 13, "fields": {"media_to_media_id": 9, "answer_filename": "Media_to_media_details/usaflag.png", "correct_answer": false, "description": ""}}, {"model": "reactives.media_to_media_detail", "pk": 14, "fields": {"media_to_media_id": 10, "answer_filename": "Media_to_media_details/ENGLAND_FLAG_zFYvaxA.webp", "correct_answer": false, "description": ""}}, {"model": "reactives.media_to_media_detail", "pk": 15, "fields": {"media_to_media_id": 10, "answer_filename": "Media_to_media_details/PARAGUAY_FLAG_RGUA1nk.png", "correct_answer": true, "description": ""}}, {"model": "reactives.media_to_media_detail", "pk": 16, "fields": {"media_to_media_id": 10, "answer_filename": "Media_to_media_details/US_FLAG_tyzjVhI.png", "correct_answer": false, "description": ""}}, {"model": "reactives.media_to_media_detail", "pk": 17, "fields": {"media_to_media_id": 11, "answer_filename": "Media_to_media_details/1.A.20.aguyje.aif", "correct_answer": false, "description": ""}}, {"model": "reactives.media_to_media_detail", "pk": 18, "fields": {"media_to_media_id": 11, "answer_filename": "Media_to_media_details/1.A.20.iporante.aif", "correct_answer": true, "description": ""}}, {"model": "reactives.media_to_media_detail", "pk": 19, "fields": {"media_to_media_id": 11, "answer_filename": "Media_to_media_details/1.A.20.hee.aif", "correct_answer": false, "description": ""}}, {"model": "reactives.media_to_media_detail", "pk": 20, "fields": {"media_to_media_id": 12, "answer_filename": "Media_to_media_details/1.A.21_rta_correcta.m4a", "correct_answer": true, "description": "Maitei. Che cheréra Sara"}}, {"model": "reactives.media_to_media_detail", "pk": 21, "fields": {"media_to_media_id": 12, "answer_filename": "Media_to_media_details/1.A.21_opción_2.m4a", "correct_answer": false, "description": "Aguyje"}}, {"model": "reactives.media_to_media_detail", "pk": 22, "fields": {"media_to_media_id": 12, "answer_filename": "Media_to_media_details/1.A.21_opción_3.m4a", "correct_answer": false, "description": "Paraguaigua"}}, {"model": "reactives.media_to_media_detail", "pk": 23, "fields": {"media_to_media_id": 13, "answer_filename": "Media_to_media_details/1.A.22.iporante.aif", "correct_answer": true, "description": "Iporãnte"}}, {"model": "reactives.media_to_media_detail", "pk": 24, "fields": {"media_to_media_id": 13, "answer_filename": "Media_to_media_details/1.A.22.mba_eteko.aif", "correct_answer": false, "description": "Mba’eteko"}}, {"model": "reactives.media_to_media_detail", "pk": 25, "fields": {"media_to_media_id": 13, "answer_filename": "Media_to_media_details/1.A.22.nahaniri._che_aldo_vera.aif", "correct_answer": false, "description": "Nahániri. Che Aldo Vera"}}, {"model": "reactives.media_to_media_detail", "pk": 26, "fields": {"media_to_media_id": 14, "answer_filename": "Media_to_media_details/1.A.13.m4a", "correct_answer": true, "description": "Ndépiko Aldo Vera. Nahániri. Che Aldo Vega."}}, {"model": "reactives.media_to_media_detail", "pk": 27, "fields": {"media_to_media_id": 15, "answer_filename": "Media_to_media_details/1.A.14.m4a", "correct_answer": true, "description": "Cheréra Ruth Pereira. <br/> Mba’éichapa Ruth. <br/> Iporãnte, ha nde. <br/> Iporãnte avei."}}, {"model": "reactives.media_to_media_detail", "pk": 28, "fields": {"media_to_media_id": 16, "answer_filename": "Media_to_media_details/1.A.15.m4a", "correct_answer": true, "description": "Tereg̃uahẽ porãite <br/> Aguyje"}}, {"model": "reactives.media_to_media_detail", "pk": 29, "fields": {"media_to_media_id": 17, "answer_filename": "Media_to_media_details/1.A.16.m4a", "correct_answer": true, "description": "Mba’eteko Carlos. <br/> Mba’éiko Carol."}}, {"model": "reactives.media_to_media_detail", "pk": 30, "fields": {"media_to_media_id": 18, "answer_filename": "Media_to_media_details/1.A.17.m4a", "correct_answer": true, "description": "Cheréra Ruth. <br/> Mba’éichapa Ruth. <br/> Iporãnte, ha nde. <br/>  Iporãnte avei."}}, {"model": "reactives.media_to_media_detail", "pk": 31, "fields": {"media_to_media_id": 19, "answer_filename": "Media_to_media_details/1.A.18.m4a", "correct_answer": true, "description": "Ha ndepiko Paraguaja. <br/> Heẽ . Upéicha"}}, {"model": "reactives.media_to_media_detail", "pk": 32, "fields": {"media_to_media_id": 20, "answer_filename": "Media_to_media_details/Ha_e_4.1_-7.1_7.2_rta_correcta._10_columna_A.png", "correct_answer": true, "description": ""}}, {"model": "reactives.media_to_media_detail", "pk": 33, "fields": {"media_to_media_id": 20, "answer_filename": "Media_to_media_details/4._2-_7.2_y_7.4_Ha_ekuéra_y_columna_A.png", "correct_answer": false, "description": ""}}, {"model": "reactives.media_to_media_detail", "pk": 34, "fields": {"media_to_media_id": 20, "answer_filename": "Media_to_media_details/Che_7.1-7.1-_opción_incorrecta_y_columna_A.png", "correct_answer": false, "description": ""}}, {"model": "reactives.media_to_media_detail", "pk": 35, "fields": {"media_to_media_id": 21, "answer_filename": "Media_to_media_details/nosotros_2.2_-_3.2_7.2_Y_COLUMNA_A_resultado_resultado_resultado.webp", "correct_answer": false, "description": ""}}, {"model": "reactives.media_to_media_detail", "pk": 36, "fields": {"media_to_media_id": 21, "answer_filename": "Media_to_media_details/7.1-7.2_resultado.webp", "correct_answer": false, "description": ""}}, {"model": "reactives.media_to_media_detail", "pk": 37, "fields": {"media_to_media_id": 21, "answer_filename": "Media_to_media_details/ORE_2.1_._3.1_._7.1_COLUMNA_A_resultado_resultado.webp", "correct_answer": true, "description": ""}}, {"model": "reactives.media_to_media_detail", "pk": 38, "fields": {"media_to_media_id": 22, "answer_filename": "Media_to_media_details/ORE.webp", "correct_answer": true, "description": ""}}, {"model": "reactives.media_to_media_detail", "pk": 39, "fields": {"media_to_media_id": 22, "answer_filename": "Media_to_media_details/nosotros.webp", "correct_answer": false, "description": ""}}, {"model": "reactives.media_to_media_detail", "pk": 40, "fields": {"media_to_media_id": 22, "answer_filename": "Media_to_media_details/Ellos.png", "correct_answer": false, "description": ""}}, {"model": "reactives.media_to_media_detail", "pk": 41, "fields": {"media_to_media_id": 23, "answer_filename": "Media_to_media_details/5.1_rta.m4a", "correct_answer": true, "description": ""}}, {"model": "reactives.media_to_media_detail", "pk": 42, "fields": {"media_to_media_id": 23, "answer_filename": "Media_to_media_details/5.1_rta2.m4a", "correct_answer": false, "description": ""}}, {"model": "reactives.media_to_media_detail", "pk": 43, "fields": {"media_to_media_id": 23, "answer_filename": "Media_to_media_details/5_1_rta_3.m4a", "correct_answer": false, "description": ""}}, {"model": "reactives.media_to_media_detail", "pk": 44, "fields": {"media_to_media_id": 24, "answer_filename": "Media_to_media_details/5.2_rta_1.m4a", "correct_answer": true, "description": ""}}, {"model": "reactives.media_to_media_detail", "pk": 45, "fields": {"media_to_media_id": 24, "answer_filename": "Media_to_media_details/5.1_rta2_RJrwZxV.m4a", "correct_answer": false, "description": ""}}, {"model": "reactives.media_to_media_detail", "pk": 46, "fields": {"media_to_media_id": 24, "answer_filename": "Media_to_media_details/5_1_rta_3_G4Igm8e.m4a", "correct_answer": false, "description": ""}}, {"model": "reactives.media_to_media_detail", "pk": 47, "fields": {"media_to_media_id": 25, "answer_filename": "Media_to_media_details/5.2_rta_1_XI18Pox.m4a", "correct_answer": false, "description": ""}}, {"model": "reactives.media_to_media_detail", "pk": 48, "fields": {"media_to_media_id": 25, "answer_filename": "Media_to_media_details/5.2_rta_2.m4a", "correct_answer": true, "description": ""}}, {"model": "reactives.media_to_media_detail", "pk": 49, "fields": {"media_to_media_id": 25, "answer_filename": "Media_to_media_details/5.2_rta_3.m4a", "correct_answer": false, "description": ""}}, {"model": "reactives.media_to_media_detail", "pk": 50, "fields": {"media_to_media_id": 26, "answer_filename": "Media_to_media_details/5.3_rta_1.m4a", "correct_answer": false, "description": ""}}, {"model": "reactives.media_to_media_detail", "pk": 51, "fields": {"media_to_media_id": 26, "answer_filename": "Media_to_media_details/5.3_rta_2.m4a", "correct_answer": false, "description": ""}}, {"model": "reactives.media_to_media_detail", "pk": 52, "fields": {"media_to_media_id": 26, "answer_filename": "Media_to_media_details/5.3_rta_3.m4a", "correct_answer": true, "description": ""}}]