[{"model": "admin.logentry", "pk": 1, "fields": {"action_time": "2021-06-25T02:52:27.609Z", "user": 1, "content_type": 4, "object_id": "2", "object_repr": "adrian", "action_flag": 1, "change_message": "[{\"added\": {}}]"}}, {"model": "admin.logentry", "pk": 2, "fields": {"action_time": "2021-06-25T02:53:02.812Z", "user": 1, "content_type": 4, "object_id": "2", "object_repr": "adrian", "action_flag": 2, "change_message": "[{\"changed\": {\"fields\": [\"First name\", \"Last name\", \"Email address\", \"Last login\"]}}]"}}, {"model": "admin.logentry", "pk": 3, "fields": {"action_time": "2021-06-25T02:53:21.341Z", "user": 1, "content_type": 11, "object_id": "1", "object_repr": "Principiante", "action_flag": 1, "change_message": "[{\"added\": {}}]"}}, {"model": "admin.logentry", "pk": 4, "fields": {"action_time": "2021-06-25T02:53:24.648Z", "user": 1, "content_type": 11, "object_id": "2", "object_repr": "Intermedio", "action_flag": 1, "change_message": "[{\"added\": {}}]"}}, {"model": "admin.logentry", "pk": 5, "fields": {"action_time": "2021-06-25T02:53:37.767Z", "user": 1, "content_type": 9, "object_id": "1", "object_repr": "Principiante - Ejercitario - 1.A", "action_flag": 1, "change_message": "[{\"added\": {}}]"}}, {"model": "admin.logentry", "pk": 6, "fields": {"action_time": "2021-06-25T02:53:52.029Z", "user": 1, "content_type": 9, "object_id": "2", "object_repr": "Principiante - Ejercitario - 1.b", "action_flag": 1, "change_message": "[{\"added\": {}}]"}}, {"model": "admin.logentry", "pk": 7, "fields": {"action_time": "2021-06-25T02:54:00.253Z", "user": 1, "content_type": 9, "object_id": "3", "object_repr": "Principiante - Ejercitario - 1.C", "action_flag": 1, "change_message": "[{\"added\": {}}]"}}, {"model": "admin.logentry", "pk": 8, "fields": {"action_time": "2021-06-25T02:54:07.266Z", "user": 1, "content_type": 9, "object_id": "2", "object_repr": "Principiante - Ejercitario - 1.B", "action_flag": 2, "change_message": "[{\"changed\": {\"fields\": [\"Description\"]}}]"}}, {"model": "admin.logentry", "pk": 9, "fields": {"action_time": "2021-06-25T02:54:36.751Z", "user": 1, "content_type": 20, "object_id": "1", "object_repr": "media_to_media/1.a.1_aCVu5p3.jpg", "action_flag": 1, "change_message": "[{\"added\": {}}, {\"added\": {\"name\": \"media_to_media_detail\", \"object\": \"Media_to_media_details/1.A.1_rMsTuMJ.m4a\"}}]"}}, {"model": "admin.logentry", "pk": 10, "fields": {"action_time": "2021-06-25T02:54:53.450Z", "user": 1, "content_type": 20, "object_id": "2", "object_repr": "media_to_media/1.a.2_Fg7GP8F.jpg", "action_flag": 1, "change_message": "[{\"added\": {}}, {\"added\": {\"name\": \"media_to_media_detail\", \"object\": \"Media_to_media_details/1.A.2_rYhbJfA.m4a\"}}]"}}, {"model": "admin.logentry", "pk": 11, "fields": {"action_time": "2021-06-25T02:55:09.460Z", "user": 1, "content_type": 20, "object_id": "3", "object_repr": "media_to_media/1.a.3_9sNjWzl.jpg", "action_flag": 1, "change_message": "[{\"added\": {}}, {\"added\": {\"name\": \"media_to_media_detail\", \"object\": \"Media_to_media_details/1.A.3.7.10.21_o5YM27l.m4a\"}}]"}}, {"model": "admin.logentry", "pk": 12, "fields": {"action_time": "2021-06-25T02:55:28.844Z", "user": 1, "content_type": 20, "object_id": "4", "object_repr": "media_to_media/1.a.4_oJdUstq.jpg", "action_flag": 1, "change_message": "[{\"added\": {}}, {\"added\": {\"name\": \"media_to_media_detail\", \"object\": \"Media_to_media_details/1.A.4.6_brAx8FS.aif\"}}]"}}, {"model": "admin.logentry", "pk": 13, "fields": {"action_time": "2021-06-25T02:55:42.418Z", "user": 1, "content_type": 20, "object_id": "2", "object_repr": "media_to_media/1.a.2_Fg7GP8F.jpg", "action_flag": 2, "change_message": "[{\"changed\": {\"name\": \"media_to_media_detail\", \"object\": \"Media_to_media_details/1.A.2_rYhbJfA.m4a\", \"fields\": [\"Correct answer\"]}}]"}}, {"model": "admin.logentry", "pk": 14, "fields": {"action_time": "2021-06-25T02:56:01.802Z", "user": 1, "content_type": 12, "object_id": "1", "object_repr": "1 - 1. Audio / Hablar", "action_flag": 1, "change_message": "[{\"added\": {}}]"}}, {"model": "admin.logentry", "pk": 15, "fields": {"action_time": "2021-06-25T02:56:08.923Z", "user": 1, "content_type": 12, "object_id": "2", "object_repr": "2 - 2. Audio/ Escribir", "action_flag": 1, "change_message": "[{\"added\": {}}]"}}, {"model": "admin.logentry", "pk": 16, "fields": {"action_time": "2021-06-25T02:56:12.294Z", "user": 1, "content_type": 12, "object_id": "3", "object_repr": "3 - 3. Audio/ Seleccionar Texto", "action_flag": 1, "change_message": "[{\"added\": {}}]"}}, {"model": "admin.logentry", "pk": 17, "fields": {"action_time": "2021-06-25T02:57:59.307Z", "user": 1, "content_type": 10, "object_id": "2", "object_repr": "Principiante - Ejercitario - 1.A - Ejercitario - 1.A", "action_flag": 1, "change_message": "[{\"added\": {}}, {\"added\": {\"name\": \"exercise_detail\", \"object\": \"Order #1 - 1. Audio / Hablar\"}}, {\"added\": {\"name\": \"exercise_detail\", \"object\": \"Order #2 - 1. Audio / Hablar\"}}, {\"added\": {\"name\": \"exercise_detail\", \"object\": \"Order #3 - 1. Audio / Hablar\"}}]"}}, {"model": "admin.logentry", "pk": 18, "fields": {"action_time": "2021-06-25T02:58:13.186Z", "user": 1, "content_type": 10, "object_id": "2", "object_repr": "Principiante - Ejercitario - 1.A - Ejercitario - 1.A", "action_flag": 2, "change_message": "[{\"added\": {\"name\": \"exercise_detail\", \"object\": \"Order #4 - 1. Audio / Hablar\"}}]"}}, {"model": "admin.logentry", "pk": 19, "fields": {"action_time": "2021-07-10T23:56:50.686Z", "user": 1, "content_type": 10, "object_id": "2", "object_repr": "Principiante - Ejercitario - 1.A - Ejercicios - 1.A", "action_flag": 2, "change_message": "[{\"changed\": {\"fields\": [\"Description\"]}}]"}}, {"model": "admin.logentry", "pk": 20, "fields": {"action_time": "2021-07-24T22:21:54.016Z", "user": 1, "content_type": 9, "object_id": "4", "object_repr": "Intermedio - Ejercitario - 1.A", "action_flag": 1, "change_message": "[{\"added\": {}}]"}}, {"model": "admin.logentry", "pk": 21, "fields": {"action_time": "2021-07-24T22:22:01.368Z", "user": 1, "content_type": 9, "object_id": "5", "object_repr": "Intermedio - Ejercitario - 1.B", "action_flag": 1, "change_message": "[{\"added\": {}}]"}}, {"model": "admin.logentry", "pk": 22, "fields": {"action_time": "2021-07-24T22:22:07.466Z", "user": 1, "content_type": 9, "object_id": "6", "object_repr": "Intermedio - Ejercitario - 1.C", "action_flag": 1, "change_message": "[{\"added\": {}}]"}}, {"model": "admin.logentry", "pk": 23, "fields": {"action_time": "2021-07-25T00:00:09.797Z", "user": 1, "content_type": 9, "object_id": "1", "object_repr": "Principiante - Capitulo - 1.A", "action_flag": 2, "change_message": "[{\"changed\": {\"fields\": [\"Description\"]}}]"}}, {"model": "admin.logentry", "pk": 24, "fields": {"action_time": "2021-07-25T00:00:21.369Z", "user": 1, "content_type": 9, "object_id": "2", "object_repr": "Principiante - Capitulo - 1.B", "action_flag": 2, "change_message": "[{\"changed\": {\"fields\": [\"Description\"]}}]"}}, {"model": "admin.logentry", "pk": 25, "fields": {"action_time": "2021-07-25T00:00:26.486Z", "user": 1, "content_type": 9, "object_id": "3", "object_repr": "Principiante - Capitulo - 1.C", "action_flag": 2, "change_message": "[{\"changed\": {\"fields\": [\"Description\"]}}]"}}, {"model": "admin.logentry", "pk": 26, "fields": {"action_time": "2021-07-25T00:00:30.605Z", "user": 1, "content_type": 9, "object_id": "4", "object_repr": "Intermedio - Capitulo - 1.A", "action_flag": 2, "change_message": "[{\"changed\": {\"fields\": [\"Description\"]}}]"}}, {"model": "admin.logentry", "pk": 27, "fields": {"action_time": "2021-07-25T00:00:41.303Z", "user": 1, "content_type": 9, "object_id": "5", "object_repr": "Intermedio - Capitulo - 1.B", "action_flag": 2, "change_message": "[{\"changed\": {\"fields\": [\"Description\"]}}]"}}, {"model": "admin.logentry", "pk": 28, "fields": {"action_time": "2021-07-25T00:00:49.196Z", "user": 1, "content_type": 9, "object_id": "6", "object_repr": "Intermedio - Capitulo - 1.C", "action_flag": 2, "change_message": "[{\"changed\": {\"fields\": [\"Description\"]}}]"}}, {"model": "admin.logentry", "pk": 29, "fields": {"action_time": "2021-07-25T00:02:38.808Z", "user": 1, "content_type": 10, "object_id": "3", "object_repr": "Principiante - Capitulo - 1.B - Principiante", "action_flag": 1, "change_message": "[{\"added\": {}}]"}}, {"model": "admin.logentry", "pk": 30, "fields": {"action_time": "2021-07-25T00:02:55.156Z", "user": 1, "content_type": 10, "object_id": "3", "object_repr": "Principiante - Capitulo - 1.B - Ejercitario - 1.B", "action_flag": 2, "change_message": "[{\"changed\": {\"fields\": [\"Description\"]}}]"}}, {"model": "admin.logentry", "pk": 31, "fields": {"action_time": "2021-07-28T03:30:08.887Z", "user": 1, "content_type": 20, "object_id": "1", "object_repr": "media_to_media/1.a.1_aCVu5p3.jpg", "action_flag": 2, "change_message": "[{\"changed\": {\"name\": \"media_to_media_detail\", \"object\": \"Media_to_media_details/1.A.1_rMsTuMJ.m4a\", \"fields\": [\"Description\"]}}]"}}, {"model": "admin.logentry", "pk": 32, "fields": {"action_time": "2021-07-28T03:30:25.463Z", "user": 1, "content_type": 20, "object_id": "2", "object_repr": "media_to_media/1.a.2_Fg7GP8F.jpg", "action_flag": 2, "change_message": "[{\"changed\": {\"name\": \"media_to_media_detail\", \"object\": \"Media_to_media_details/1.A.2_rYhbJfA.m4a\", \"fields\": [\"Description\"]}}]"}}, {"model": "admin.logentry", "pk": 33, "fields": {"action_time": "2021-07-28T03:30:44.509Z", "user": 1, "content_type": 20, "object_id": "3", "object_repr": "media_to_media/1.a.3_9sNjWzl.jpg", "action_flag": 2, "change_message": "[{\"changed\": {\"name\": \"media_to_media_detail\", \"object\": \"Media_to_media_details/1.A.3.7.10.21_o5YM27l.m4a\", \"fields\": [\"Description\"]}}]"}}, {"model": "admin.logentry", "pk": 34, "fields": {"action_time": "2021-07-28T03:31:32.898Z", "user": 1, "content_type": 20, "object_id": "4", "object_repr": "media_to_media/1.a.4_oJdUstq.jpg", "action_flag": 2, "change_message": "[{\"changed\": {\"name\": \"media_to_media_detail\", \"object\": \"Media_to_media_details/1.A.4.6_brAx8FS.aif\", \"fields\": [\"Description\"]}}]"}}, {"model": "admin.logentry", "pk": 35, "fields": {"action_time": "2021-07-28T23:41:07.066Z", "user": 1, "content_type": 12, "object_id": "2", "object_repr": "2 - 2. Audio/ Completar oracion", "action_flag": 2, "change_message": "[{\"changed\": {\"fields\": [\"Description\"]}}]"}}, {"model": "admin.logentry", "pk": 36, "fields": {"action_time": "2021-07-28T23:41:38.272Z", "user": 1, "content_type": 12, "object_id": "4", "object_repr": "4 - Audio / Audio", "action_flag": 1, "change_message": "[{\"added\": {}}]"}}, {"model": "admin.logentry", "pk": 37, "fields": {"action_time": "2021-07-28T23:41:48.005Z", "user": 1, "content_type": 12, "object_id": "3", "object_repr": "3 - Audio/ Seleccionar Texto", "action_flag": 2, "change_message": "[{\"changed\": {\"fields\": [\"Description\"]}}]"}}, {"model": "admin.logentry", "pk": 38, "fields": {"action_time": "2021-07-28T23:41:52.276Z", "user": 1, "content_type": 12, "object_id": "2", "object_repr": "2 - Audio/ Completar oracion", "action_flag": 2, "change_message": "[{\"changed\": {\"fields\": [\"Description\"]}}]"}}, {"model": "admin.logentry", "pk": 39, "fields": {"action_time": "2021-07-28T23:41:58.251Z", "user": 1, "content_type": 12, "object_id": "1", "object_repr": "1 - Audio / Hablar", "action_flag": 2, "change_message": "[{\"changed\": {\"fields\": [\"Description\"]}}]"}}, {"model": "admin.logentry", "pk": 40, "fields": {"action_time": "2021-07-28T23:43:05.523Z", "user": 1, "content_type": 12, "object_id": "5", "object_repr": "5 - Audio / Seleccionar imagen", "action_flag": 1, "change_message": "[{\"added\": {}}]"}}, {"model": "admin.logentry", "pk": 41, "fields": {"action_time": "2021-07-28T23:43:21.284Z", "user": 1, "content_type": 12, "object_id": "5", "object_repr": "5 - Audio /  Imagen", "action_flag": 2, "change_message": "[{\"changed\": {\"fields\": [\"Description\"]}}]"}}, {"model": "admin.logentry", "pk": 42, "fields": {"action_time": "2021-07-28T23:48:19.179Z", "user": 1, "content_type": 21, "object_id": "1", "object_repr": "media_to_text/1.A.5.m4a", "action_flag": 1, "change_message": "[{\"added\": {}}, {\"added\": {\"name\": \"media_to_text_detail\", \"object\": \"Maitei\"}}, {\"added\": {\"name\": \"media_to_text_detail\", \"object\": \"Cher\\u00e9ra\"}}, {\"added\": {\"name\": \"media_to_text_detail\", \"object\": \"Sara\"}}]"}}, {"model": "admin.logentry", "pk": 43, "fields": {"action_time": "2021-07-28T23:49:39.933Z", "user": 1, "content_type": 21, "object_id": "2", "object_repr": "media_to_text/1.A.6.m4a", "action_flag": 1, "change_message": "[{\"added\": {}}, {\"added\": {\"name\": \"media_to_text_detail\", \"object\": \"Mba\\u2019eteko\"}}, {\"added\": {\"name\": \"media_to_text_detail\", \"object\": \"Cher\\u00e9ra\"}}, {\"added\": {\"name\": \"media_to_text_detail\", \"object\": \"Pedro\"}}]"}}, {"model": "admin.logentry", "pk": 44, "fields": {"action_time": "2021-07-28T23:50:30.837Z", "user": 1, "content_type": 21, "object_id": "3", "object_repr": "media_to_text/1.A.7.m4a", "action_flag": 1, "change_message": "[{\"added\": {}}, {\"added\": {\"name\": \"media_to_text_detail\", \"object\": \"Maiteimi\"}}, {\"added\": {\"name\": \"media_to_text_detail\", \"object\": \"Cher\\u00e9ra\"}}, {\"added\": {\"name\": \"media_to_text_detail\", \"object\": \"Sara\"}}]"}}, {"model": "admin.logentry", "pk": 45, "fields": {"action_time": "2021-07-29T00:55:29.450Z", "user": 1, "content_type": 10, "object_id": "2", "object_repr": "Principiante - Capitulo - 1.A - Ejercicios - 1.A", "action_flag": 2, "change_message": "[{\"added\": {\"name\": \"exercise_detail\", \"object\": \"Order #5 - Audio/ Completar oracion\"}}, {\"added\": {\"name\": \"exercise_detail\", \"object\": \"Order #6 - Audio/ Seleccionar Texto\"}}, {\"added\": {\"name\": \"exercise_detail\", \"object\": \"Order #7 - Audio/ Completar oracion\"}}]"}}, {"model": "admin.logentry", "pk": 46, "fields": {"action_time": "2021-07-30T00:25:17.511Z", "user": 1, "content_type": 20, "object_id": "5", "object_repr": "media_to_media/1.A.1.m4a", "action_flag": 1, "change_message": "[{\"added\": {}}, {\"added\": {\"name\": \"media_to_media_detail\", \"object\": \"Media_to_media_details/1.A.1_Bng7d1v.m4a\"}}, {\"added\": {\"name\": \"media_to_media_detail\", \"object\": \"Media_to_media_details/1.A.2_NLspLFm.m4a\"}}, {\"added\": {\"name\": \"media_to_media_detail\", \"object\": \"Media_to_media_details/1.A.3.7.10.21_h2RlTyy.m4a\"}}]"}}, {"model": "admin.logentry", "pk": 47, "fields": {"action_time": "2021-07-30T00:28:50.877Z", "user": 1, "content_type": 21, "object_id": "4", "object_repr": "media_to_text/1.A.9.m4a", "action_flag": 1, "change_message": "[{\"added\": {}}, {\"added\": {\"name\": \"media_to_text_detail\", \"object\": \"Ella: Maitei. Mba\\u2019\\u00e9ichapa nder\\u00e9ra.   El: Aldo.\"}}]"}}, {"model": "admin.logentry", "pk": 48, "fields": {"action_time": "2021-07-30T00:30:25.326Z", "user": 1, "content_type": 21, "object_id": "4", "object_repr": "media_to_text/1.A.9.m4a", "action_flag": 3, "change_message": ""}}, {"model": "admin.logentry", "pk": 49, "fields": {"action_time": "2021-07-30T00:31:20.049Z", "user": 1, "content_type": 20, "object_id": "6", "object_repr": "media_to_media/1.a.9.jpg", "action_flag": 1, "change_message": "[{\"added\": {}}, {\"added\": {\"name\": \"media_to_media_detail\", \"object\": \"Media_to_media_details/1.A.9.m4a\"}}]"}}, {"model": "admin.logentry", "pk": 50, "fields": {"action_time": "2021-07-30T00:33:16.092Z", "user": 1, "content_type": 20, "object_id": "7", "object_repr": "media_to_media/1.a.10.jpg", "action_flag": 1, "change_message": "[{\"added\": {}}, {\"added\": {\"name\": \"media_to_media_detail\", \"object\": \"Media_to_media_details/1.A.1_VvVWSim.m4a\"}}]"}}, {"model": "admin.logentry", "pk": 51, "fields": {"action_time": "2021-07-30T00:34:08.926Z", "user": 1, "content_type": 20, "object_id": "8", "object_repr": "media_to_media/1.a.11.jpg", "action_flag": 1, "change_message": "[{\"added\": {}}, {\"added\": {\"name\": \"media_to_media_detail\", \"object\": \"Media_to_media_details/1.A.11..m4a\"}}]"}}, {"model": "admin.logentry", "pk": 52, "fields": {"action_time": "2021-07-30T00:36:25.567Z", "user": 1, "content_type": 21, "object_id": "5", "object_repr": "media_to_text/1.A.12.m4a", "action_flag": 1, "change_message": "[{\"added\": {}}, {\"added\": {\"name\": \"media_to_text_detail\", \"object\": \"Aguyje\"}}, {\"added\": {\"name\": \"media_to_text_detail\", \"object\": \"Ha nde.\"}}, {\"added\": {\"name\": \"media_to_text_detail\", \"object\": \"Cher\\u00e9ra Aldo\"}}]"}}, {"model": "admin.logentry", "pk": 53, "fields": {"action_time": "2021-07-30T00:38:17.988Z", "user": 1, "content_type": 21, "object_id": "6", "object_repr": "media_to_text/1.A.13.m4a", "action_flag": 1, "change_message": "[{\"added\": {}}, {\"added\": {\"name\": \"media_to_text_detail\", \"object\": \"Nd\\u00e9piko Aldo Vera. Nah\\u00e1niri. Che Aldo Vega.\"}}]"}}, {"model": "admin.logentry", "pk": 54, "fields": {"action_time": "2021-07-30T00:38:18.068Z", "user": 1, "content_type": 21, "object_id": "7", "object_repr": "media_to_text/1.A.13_IwpWfvF.m4a", "action_flag": 1, "change_message": "[{\"added\": {}}, {\"added\": {\"name\": \"media_to_text_detail\", \"object\": \"Nd\\u00e9piko Aldo Vera. Nah\\u00e1niri. Che Aldo Vega.\"}}]"}}, {"model": "admin.logentry", "pk": 55, "fields": {"action_time": "2021-07-30T00:39:28.889Z", "user": 1, "content_type": 21, "object_id": "8", "object_repr": "media_to_text/1.A.14.m4a", "action_flag": 1, "change_message": "[{\"added\": {}}, {\"added\": {\"name\": \"media_to_text_detail\", \"object\": \"Cher\\u00e9ra Ruth Pereira. Mba\\u2019\\u00e9ichapa Ruth. Ipor\\u00e3nte, ha nde. Ipor\\u00e3nte avei.\"}}]"}}, {"model": "admin.logentry", "pk": 56, "fields": {"action_time": "2021-07-30T00:40:01.127Z", "user": 1, "content_type": 21, "object_id": "9", "object_repr": "media_to_text/1.A.15.m4a", "action_flag": 1, "change_message": "[{\"added\": {}}, {\"added\": {\"name\": \"media_to_text_detail\", \"object\": \"Tereg\\u0303uah\\u1ebd por\\u00e3ite. Aguyje\"}}]"}}, {"model": "admin.logentry", "pk": 57, "fields": {"action_time": "2021-07-30T00:40:29.067Z", "user": 1, "content_type": 21, "object_id": "10", "object_repr": "media_to_text/1.A.16.m4a", "action_flag": 1, "change_message": "[{\"added\": {}}, {\"added\": {\"name\": \"media_to_text_detail\", \"object\": \"Mba\\u2019eteko Carlos.  Mba\\u2019\\u00e9iko Carol.\"}}]"}}, {"model": "admin.logentry", "pk": 58, "fields": {"action_time": "2021-07-30T00:41:12.164Z", "user": 1, "content_type": 21, "object_id": "11", "object_repr": "media_to_text/1.A.17.m4a", "action_flag": 1, "change_message": "[{\"added\": {}}, {\"added\": {\"name\": \"media_to_text_detail\", \"object\": \"Cher\\u00e9ra Ruth. Mba\\u2019\\u00e9ichapa Ruth. Ipor\\u00e3nte, ha nde. Ipor\\u00e3nte avei.\"}}]"}}, {"model": "admin.logentry", "pk": 59, "fields": {"action_time": "2021-07-30T00:41:39.837Z", "user": 1, "content_type": 21, "object_id": "12", "object_repr": "media_to_text/1.A.18.m4a", "action_flag": 1, "change_message": "[{\"added\": {}}, {\"added\": {\"name\": \"media_to_text_detail\", \"object\": \"Ha ndepiko Paraguaja. He\\u1ebd . Up\\u00e9icha\"}}]"}}, {"model": "admin.logentry", "pk": 60, "fields": {"action_time": "2021-07-30T00:42:37.437Z", "user": 1, "content_type": 20, "object_id": "9", "object_repr": "media_to_media/1.A.19.aif", "action_flag": 1, "change_message": "[{\"added\": {}}, {\"added\": {\"name\": \"media_to_media_detail\", \"object\": \"Media_to_media_details/ENGLAND_FLAG.webp\"}}, {\"added\": {\"name\": \"media_to_media_detail\", \"object\": \"Media_to_media_details/PARAGUAY_FLAG.png\"}}, {\"added\": {\"name\": \"media_to_media_detail\", \"object\": \"Media_to_media_details/US_FLAG.png\"}}]"}}, {"model": "admin.logentry", "pk": 61, "fields": {"action_time": "2021-07-30T00:42:37.500Z", "user": 1, "content_type": 20, "object_id": "10", "object_repr": "media_to_media/1.A.19_v68Yrb6.aif", "action_flag": 1, "change_message": "[{\"added\": {}}, {\"added\": {\"name\": \"media_to_media_detail\", \"object\": \"Media_to_media_details/ENGLAND_FLAG_zFYvaxA.webp\"}}, {\"added\": {\"name\": \"media_to_media_detail\", \"object\": \"Media_to_media_details/PARAGUAY_FLAG_RGUA1nk.png\"}}, {\"added\": {\"name\": \"media_to_media_detail\", \"object\": \"Media_to_media_details/US_FLAG_tyzjVhI.png\"}}]"}}, {"model": "admin.logentry", "pk": 62, "fields": {"action_time": "2021-07-30T00:43:14.190Z", "user": 1, "content_type": 20, "object_id": "11", "object_repr": "media_to_media/1.A.20.aif", "action_flag": 1, "change_message": "[{\"added\": {}}, {\"added\": {\"name\": \"media_to_media_detail\", \"object\": \"Media_to_media_details/1.A.20.aguyje.aif\"}}, {\"added\": {\"name\": \"media_to_media_detail\", \"object\": \"Media_to_media_details/1.A.20.iporante.aif\"}}, {\"added\": {\"name\": \"media_to_media_detail\", \"object\": \"Media_to_media_details/1.A.20.hee.aif\"}}]"}}, {"model": "admin.logentry", "pk": 63, "fields": {"action_time": "2021-07-30T00:43:30.867Z", "user": 1, "content_type": 20, "object_id": "11", "object_repr": "media_to_media/1.A.20.aif", "action_flag": 2, "change_message": "[{\"changed\": {\"fields\": [\"Description\"]}}]"}}, {"model": "admin.logentry", "pk": 64, "fields": {"action_time": "2021-07-30T00:48:07.420Z", "user": 1, "content_type": 20, "object_id": "12", "object_repr": "media_to_media/1.A.21_rta_correcta.m4a", "action_flag": 1, "change_message": "[{\"added\": {}}, {\"added\": {\"name\": \"media_to_media_detail\", \"object\": \"Media_to_media_details/1.A.21_rta_correcta.m4a\"}}, {\"added\": {\"name\": \"media_to_media_detail\", \"object\": \"Media_to_media_details/1.A.21_opci\\u00f3n_2.m4a\"}}, {\"added\": {\"name\": \"media_to_media_detail\", \"object\": \"Media_to_media_details/1.A.21_opci\\u00f3n_3.m4a\"}}]"}}, {"model": "admin.logentry", "pk": 65, "fields": {"action_time": "2021-07-30T00:48:07.551Z", "user": 1, "content_type": 20, "object_id": "13", "object_repr": "media_to_media/1.A.21_rta_correcta_AhfwMbB.m4a", "action_flag": 1, "change_message": "[{\"added\": {}}, {\"added\": {\"name\": \"media_to_media_detail\", \"object\": \"Media_to_media_details/1.A.21_rta_correcta_RYsk78A.m4a\"}}, {\"added\": {\"name\": \"media_to_media_detail\", \"object\": \"Media_to_media_details/1.A.21_opci\\u00f3n_2_h2U85Sk.m4a\"}}, {\"added\": {\"name\": \"media_to_media_detail\", \"object\": \"Media_to_media_details/1.A.21_opci\\u00f3n_3_lKetfuK.m4a\"}}]"}}, {"model": "admin.logentry", "pk": 66, "fields": {"action_time": "2021-07-30T00:49:25.002Z", "user": 1, "content_type": 20, "object_id": "13", "object_repr": "media_to_media/1.A.22.aif", "action_flag": 2, "change_message": "[{\"changed\": {\"fields\": [\"Filename\", \"Description\"]}}, {\"changed\": {\"name\": \"media_to_media_detail\", \"object\": \"Media_to_media_details/1.A.22.iporante.aif\", \"fields\": [\"Answer filename\", \"Description\"]}}, {\"changed\": {\"name\": \"media_to_media_detail\", \"object\": \"Media_to_media_details/1.A.22.mba_eteko.aif\", \"fields\": [\"Answer filename\", \"Description\"]}}, {\"changed\": {\"name\": \"media_to_media_detail\", \"object\": \"Media_to_media_details/1.A.22.nahaniri._che_aldo_vera.aif\", \"fields\": [\"Answer filename\", \"Description\"]}}]"}}, {"model": "admin.logentry", "pk": 67, "fields": {"action_time": "2021-07-30T00:50:22.706Z", "user": 1, "content_type": 18, "object_id": "1", "object_repr": "Mba’eteko. Cheréra Pedro. Mba’éichapa Cheréra Luis", "action_flag": 1, "change_message": "[{\"added\": {}}, {\"added\": {\"name\": \"text_to_media_detail\", \"object\": \"text_to_media/1.jpg\"}}, {\"added\": {\"name\": \"text_to_media_detail\", \"object\": \"text_to_media/2.png\"}}, {\"added\": {\"name\": \"text_to_media_detail\", \"object\": \"text_to_media/3.jpg\"}}]"}}, {"model": "admin.logentry", "pk": 68, "fields": {"action_time": "2021-07-30T00:50:52.003Z", "user": 1, "content_type": 16, "object_id": "1", "object_repr": "Mba’éichapa Sara.", "action_flag": 1, "change_message": "[{\"added\": {}}, {\"added\": {\"name\": \"text_to_text_detail\", \"object\": \"Cher\\u00e9ra Luc\\u00eda\"}}, {\"added\": {\"name\": \"text_to_text_detail\", \"object\": \"Ipor\\u00e3nte\"}}, {\"added\": {\"name\": \"text_to_text_detail\", \"object\": \"Aguyje\"}}]"}}, {"model": "admin.logentry", "pk": 69, "fields": {"action_time": "2021-07-30T00:52:20.728Z", "user": 1, "content_type": 16, "object_id": "2", "object_repr": "Tereguaheporaite", "action_flag": 1, "change_message": "[{\"added\": {}}, {\"added\": {\"name\": \"text_to_text_detail\", \"object\": \"Maiteimi\"}}, {\"added\": {\"name\": \"text_to_text_detail\", \"object\": \"Ipor\\u00e3nte\"}}, {\"added\": {\"name\": \"text_to_text_detail\", \"object\": \"Aguyje.\"}}]"}}, {"model": "admin.logentry", "pk": 70, "fields": {"action_time": "2021-07-30T00:52:39.518Z", "user": 1, "content_type": 16, "object_id": "3", "object_repr": "Mba’éichapa Sara.", "action_flag": 1, "change_message": "[{\"added\": {}}, {\"added\": {\"name\": \"text_to_text_detail\", \"object\": \"Cher\\u00e9ra Luc\\u00eda\"}}, {\"added\": {\"name\": \"text_to_text_detail\", \"object\": \"Ipor\\u00e3nte\"}}, {\"added\": {\"name\": \"text_to_text_detail\", \"object\": \"Aguyje\"}}]"}}, {"model": "admin.logentry", "pk": 71, "fields": {"action_time": "2021-07-30T00:55:09.864Z", "user": 1, "content_type": 16, "object_id": "4", "object_repr": "Mba’eteko. ____ cheréra Nicolas, ha ____", "action_flag": 1, "change_message": "[{\"added\": {}}, {\"added\": {\"name\": \"text_to_text_detail\", \"object\": \"Che\"}}, {\"added\": {\"name\": \"text_to_text_detail\", \"object\": \"nde\"}}]"}}, {"model": "admin.logentry", "pk": 72, "fields": {"action_time": "2021-07-30T00:55:31.790Z", "user": 1, "content_type": 16, "object_id": "5", "object_repr": "____ cheréra Antonio.", "action_flag": 1, "change_message": "[{\"added\": {}}, {\"added\": {\"name\": \"text_to_text_detail\", \"object\": \"Che\"}}]"}}, {"model": "admin.logentry", "pk": 73, "fields": {"action_time": "2021-07-30T00:56:08.658Z", "user": 1, "content_type": 16, "object_id": "6", "object_repr": "Maitei. ____piko Jazmín.", "action_flag": 1, "change_message": "[{\"added\": {}}, {\"added\": {\"name\": \"text_to_text_detail\", \"object\": \"nde\"}}]"}}, {"model": "admin.logentry", "pk": 74, "fields": {"action_time": "2021-07-30T00:56:40.129Z", "user": 1, "content_type": 16, "object_id": "7", "object_repr": "Mba’éichapa ___réra Luis. Ha  ___  .", "action_flag": 1, "change_message": "[{\"added\": {}}, {\"added\": {\"name\": \"text_to_text_detail\", \"object\": \"che\"}}, {\"added\": {\"name\": \"text_to_text_detail\", \"object\": \"nde\"}}]"}}, {"model": "admin.logentry", "pk": 75, "fields": {"action_time": "2021-07-30T00:57:13.015Z", "user": 1, "content_type": 16, "object_id": "8", "object_repr": "Mba’eteko ___ Kape. Mba’éicha  ___réra  .", "action_flag": 1, "change_message": "[{\"added\": {}}, {\"added\": {\"name\": \"text_to_text_detail\", \"object\": \"che\"}}, {\"added\": {\"name\": \"text_to_text_detail\", \"object\": \"nde\"}}]"}}, {"model": "admin.logentry", "pk": 76, "fields": {"action_time": "2021-07-30T00:58:32.259Z", "user": 1, "content_type": 16, "object_id": "9", "object_repr": "¿Cómo se dice “hola” en Guaraní? -  How do you say “hola” in gu", "action_flag": 1, "change_message": "[{\"added\": {}}, {\"added\": {\"name\": \"text_to_text_detail\", \"object\": \"Maitei/ mba\\u2019eteko\"}}, {\"added\": {\"name\": \"text_to_text_detail\", \"object\": \"Ipor\\u00e3nte\"}}, {\"added\": {\"name\": \"text_to_text_detail\", \"object\": \"Aguyje\"}}]"}}, {"model": "admin.logentry", "pk": 77, "fields": {"action_time": "2021-07-30T00:59:23.502Z", "user": 1, "content_type": 16, "object_id": "10", "object_repr": "¿Cómo se dice “muy bien” en Guaraní? -  How do you say “muy", "action_flag": 1, "change_message": "[{\"added\": {}}, {\"added\": {\"name\": \"text_to_text_detail\", \"object\": \"Mbaeteko\"}}, {\"added\": {\"name\": \"text_to_text_detail\", \"object\": \"Aguyje\"}}, {\"added\": {\"name\": \"text_to_text_detail\", \"object\": \"Ipor\\u00e3 /  Ipor\\u00e3nte / Ipor\\u00e3iterei / Ipor\\u00e3m\\u00ednte.\"}}]"}}, {"model": "admin.logentry", "pk": 78, "fields": {"action_time": "2021-07-30T01:00:04.301Z", "user": 1, "content_type": 16, "object_id": "11", "object_repr": "¿Cómo se dice “Cheréra Ana” en Castellano? -  How do yo", "action_flag": 1, "change_message": "[{\"added\": {}}, {\"added\": {\"name\": \"text_to_text_detail\", \"object\": \"Gracias Ana\"}}, {\"added\": {\"name\": \"text_to_text_detail\", \"object\": \"Mi nombre es Ana\"}}, {\"added\": {\"name\": \"text_to_text_detail\", \"object\": \"Hola Ana\"}}]"}}, {"model": "admin.logentry", "pk": 79, "fields": {"action_time": "2021-07-30T01:00:55.203Z", "user": 1, "content_type": 16, "object_id": "12", "object_repr": "¿Cómo se dice “Tu nombre es Ruth” en Guaraní? -  H", "action_flag": 1, "change_message": "[{\"added\": {}}, {\"added\": {\"name\": \"text_to_text_detail\", \"object\": \"Aguyje Ruth\"}}, {\"added\": {\"name\": \"text_to_text_detail\", \"object\": \"Maitei Ruth\"}}, {\"added\": {\"name\": \"text_to_text_detail\", \"object\": \"Nder\\u00e9ra Ruth\"}}]"}}, {"model": "admin.logentry", "pk": 80, "fields": {"action_time": "2021-07-30T01:08:21.072Z", "user": 1, "content_type": 10, "object_id": "2", "object_repr": "Principiante - Capitulo - 1.A - Ejercicios - 1.A", "action_flag": 2, "change_message": "[{\"added\": {\"name\": \"exercise_detail\", \"object\": \"Order #8 - Audio / Audio\"}}, {\"added\": {\"name\": \"exercise_detail\", \"object\": \"Order #9 - Audio / Hablar\"}}, {\"added\": {\"name\": \"exercise_detail\", \"object\": \"Order #10 - Audio / Hablar\"}}, {\"added\": {\"name\": \"exercise_detail\", \"object\": \"Order #11 - Audio / Hablar\"}}, {\"added\": {\"name\": \"exercise_detail\", \"object\": \"Order #12 - Audio/ Seleccionar Texto\"}}, {\"added\": {\"name\": \"exercise_detail\", \"object\": \"Order #13 - Audio / Hablar\"}}, {\"added\": {\"name\": \"exercise_detail\", \"object\": \"Order #14 - Audio / Hablar\"}}]"}}, {"model": "admin.logentry", "pk": 81, "fields": {"action_time": "2021-08-08T01:25:36.716Z", "user": 1, "content_type": 21, "object_id": "8", "object_repr": "media_to_text/1.A.14.m4a", "action_flag": 3, "change_message": ""}}, {"model": "admin.logentry", "pk": 82, "fields": {"action_time": "2021-08-08T01:25:36.724Z", "user": 1, "content_type": 21, "object_id": "7", "object_repr": "media_to_text/1.A.13_IwpWfvF.m4a", "action_flag": 3, "change_message": ""}}, {"model": "admin.logentry", "pk": 83, "fields": {"action_time": "2021-08-08T01:25:36.731Z", "user": 1, "content_type": 21, "object_id": "6", "object_repr": "media_to_text/1.A.13.m4a", "action_flag": 3, "change_message": ""}}, {"model": "admin.logentry", "pk": 84, "fields": {"action_time": "2021-08-08T01:33:25.977Z", "user": 1, "content_type": 20, "object_id": "14", "object_repr": "media_to_media/1.a.13.jpg", "action_flag": 1, "change_message": "[{\"added\": {}}, {\"added\": {\"name\": \"media_to_media_detail\", \"object\": \"Media_to_media_details/1.A.13.m4a\"}}]"}}, {"model": "admin.logentry", "pk": 85, "fields": {"action_time": "2021-08-08T01:35:41.695Z", "user": 1, "content_type": 20, "object_id": "15", "object_repr": "media_to_media/1.a.14.jpg", "action_flag": 1, "change_message": "[{\"added\": {}}, {\"added\": {\"name\": \"media_to_media_detail\", \"object\": \"Media_to_media_details/1.A.14.m4a\"}}]"}}, {"model": "admin.logentry", "pk": 86, "fields": {"action_time": "2021-08-08T01:36:28.627Z", "user": 1, "content_type": 10, "object_id": "2", "object_repr": "Principiante - Capitulo - 1.A - Ejercicios - 1.A", "action_flag": 2, "change_message": "[{\"added\": {\"name\": \"exercise_detail\", \"object\": \"Order #13 - Audio / Hablar\"}}, {\"added\": {\"name\": \"exercise_detail\", \"object\": \"Order #14 - Audio / Hablar\"}}]"}}, {"model": "admin.logentry", "pk": 87, "fields": {"action_time": "2021-08-08T01:38:13.389Z", "user": 1, "content_type": 20, "object_id": "14", "object_repr": "media_to_media/1.a.13.jpg", "action_flag": 2, "change_message": "[{\"changed\": {\"name\": \"media_to_media_detail\", \"object\": \"Media_to_media_details/1.A.13.m4a\", \"fields\": [\"Description\"]}}]"}}, {"model": "admin.logentry", "pk": 88, "fields": {"action_time": "2021-08-08T01:38:25.598Z", "user": 1, "content_type": 20, "object_id": "15", "object_repr": "media_to_media/1.a.14.jpg", "action_flag": 2, "change_message": "[{\"changed\": {\"name\": \"media_to_media_detail\", \"object\": \"Media_to_media_details/1.A.14.m4a\", \"fields\": [\"Description\"]}}]"}}, {"model": "admin.logentry", "pk": 89, "fields": {"action_time": "2021-08-08T19:08:32.601Z", "user": 1, "content_type": 21, "object_id": "12", "object_repr": "media_to_text/1.A.18.m4a", "action_flag": 3, "change_message": ""}}, {"model": "admin.logentry", "pk": 90, "fields": {"action_time": "2021-08-08T19:08:32.613Z", "user": 1, "content_type": 21, "object_id": "11", "object_repr": "media_to_text/1.A.17.m4a", "action_flag": 3, "change_message": ""}}, {"model": "admin.logentry", "pk": 91, "fields": {"action_time": "2021-08-08T19:08:32.618Z", "user": 1, "content_type": 21, "object_id": "10", "object_repr": "media_to_text/1.A.16.m4a", "action_flag": 3, "change_message": ""}}, {"model": "admin.logentry", "pk": 92, "fields": {"action_time": "2021-08-08T19:08:32.622Z", "user": 1, "content_type": 21, "object_id": "9", "object_repr": "media_to_text/1.A.15.m4a", "action_flag": 3, "change_message": ""}}, {"model": "admin.logentry", "pk": 93, "fields": {"action_time": "2021-08-08T19:14:39.642Z", "user": 1, "content_type": 20, "object_id": "16", "object_repr": "media_to_media/1.a.15.jpg", "action_flag": 1, "change_message": "[{\"added\": {}}, {\"added\": {\"name\": \"media_to_media_detail\", \"object\": \"Media_to_media_details/1.A.15.m4a\"}}]"}}, {"model": "admin.logentry", "pk": 94, "fields": {"action_time": "2021-08-08T19:15:30.157Z", "user": 1, "content_type": 20, "object_id": "17", "object_repr": "media_to_media/1.a.16.jpg", "action_flag": 1, "change_message": "[{\"added\": {}}, {\"added\": {\"name\": \"media_to_media_detail\", \"object\": \"Media_to_media_details/1.A.16.m4a\"}}]"}}, {"model": "admin.logentry", "pk": 95, "fields": {"action_time": "2021-08-08T19:16:41.091Z", "user": 1, "content_type": 20, "object_id": "18", "object_repr": "media_to_media/1.a.17.jpg", "action_flag": 1, "change_message": "[{\"added\": {}}, {\"added\": {\"name\": \"media_to_media_detail\", \"object\": \"Media_to_media_details/1.A.17.m4a\"}}]"}}, {"model": "admin.logentry", "pk": 96, "fields": {"action_time": "2021-08-08T19:18:20.900Z", "user": 1, "content_type": 20, "object_id": "19", "object_repr": "media_to_media/1.a.18.jpg", "action_flag": 1, "change_message": "[{\"added\": {}}, {\"added\": {\"name\": \"media_to_media_detail\", \"object\": \"Media_to_media_details/1.A.18.m4a\"}}]"}}, {"model": "admin.logentry", "pk": 97, "fields": {"action_time": "2021-08-08T19:19:39.869Z", "user": 1, "content_type": 10, "object_id": "2", "object_repr": "Principiante - Capitulo - 1.A - Ejercicios - 1.A", "action_flag": 2, "change_message": "[{\"added\": {\"name\": \"exercise_detail\", \"object\": \"Order #15 - Audio / Hablar\"}}, {\"added\": {\"name\": \"exercise_detail\", \"object\": \"Order #16 - Audio / Hablar\"}}, {\"added\": {\"name\": \"exercise_detail\", \"object\": \"Order #17 - Audio / Hablar\"}}, {\"added\": {\"name\": \"exercise_detail\", \"object\": \"Order #18 - Audio / Hablar\"}}]"}}, {"model": "admin.logentry", "pk": 98, "fields": {"action_time": "2021-08-08T19:24:06.299Z", "user": 1, "content_type": 10, "object_id": "2", "object_repr": "Principiante - Capitulo - 1.A - Ejercicios - 1.A", "action_flag": 2, "change_message": "[{\"added\": {\"name\": \"exercise_detail\", \"object\": \"Order #19 - Audio /  Imagen\"}}, {\"added\": {\"name\": \"exercise_detail\", \"object\": \"Order #20 - Audio / Audio\"}}]"}}, {"model": "admin.logentry", "pk": 99, "fields": {"action_time": "2021-08-08T19:26:32.377Z", "user": 1, "content_type": 12, "object_id": "6", "object_repr": "6 - Texto a  Imagenes", "action_flag": 1, "change_message": "[{\"added\": {}}]"}}, {"model": "admin.logentry", "pk": 100, "fields": {"action_time": "2021-08-08T19:26:42.989Z", "user": 1, "content_type": 12, "object_id": "6", "object_repr": "6 - Texto / Imagenes", "action_flag": 2, "change_message": "[{\"changed\": {\"fields\": [\"Description\"]}}]"}}, {"model": "admin.logentry", "pk": 101, "fields": {"action_time": "2021-08-08T19:29:03.316Z", "user": 1, "content_type": 10, "object_id": "2", "object_repr": "Principiante - Capitulo - 1.A - Ejercicios - 1.A", "action_flag": 2, "change_message": "[{\"added\": {\"name\": \"exercise_detail\", \"object\": \"Order #21 - Audio / Audio\"}}, {\"added\": {\"name\": \"exercise_detail\", \"object\": \"Order #22 - Audio / Audio\"}}, {\"added\": {\"name\": \"exercise_detail\", \"object\": \"Order #23 - Texto / Imagenes\"}}]"}}, {"model": "admin.logentry", "pk": 102, "fields": {"action_time": "2021-08-08T19:30:31.279Z", "user": 1, "content_type": 12, "object_id": "7", "object_repr": "7 - Texto / Seleccionar texto", "action_flag": 1, "change_message": "[{\"added\": {}}]"}}, {"model": "admin.logentry", "pk": 103, "fields": {"action_time": "2021-08-08T19:33:30.353Z", "user": 1, "content_type": 10, "object_id": "2", "object_repr": "Principiante - Capitulo - 1.A - Ejercicios - 1.A", "action_flag": 2, "change_message": "[{\"added\": {\"name\": \"exercise_detail\", \"object\": \"Order #24 - Texto / Seleccionar texto\"}}, {\"added\": {\"name\": \"exercise_detail\", \"object\": \"Order #25 - Texto / Seleccionar texto\"}}, {\"added\": {\"name\": \"exercise_detail\", \"object\": \"Order #26 - Texto / Seleccionar texto\"}}]"}}, {"model": "admin.logentry", "pk": 104, "fields": {"action_time": "2021-08-08T19:35:09.597Z", "user": 1, "content_type": 12, "object_id": "8", "object_repr": "8 - Texto /  Completar Oracion", "action_flag": 1, "change_message": "[{\"added\": {}}]"}}, {"model": "admin.logentry", "pk": 105, "fields": {"action_time": "2021-08-08T19:41:17.376Z", "user": 1, "content_type": 10, "object_id": "2", "object_repr": "Principiante - Capitulo - 1.A - Ejercicios - 1.A", "action_flag": 2, "change_message": "[{\"added\": {\"name\": \"exercise_detail\", \"object\": \"Order #27 - Texto /  Completar Oracion\"}}, {\"added\": {\"name\": \"exercise_detail\", \"object\": \"Order #28 - Texto /  Completar Oracion\"}}, {\"added\": {\"name\": \"exercise_detail\", \"object\": \"Order #29 - Texto /  Completar Oracion\"}}, {\"added\": {\"name\": \"exercise_detail\", \"object\": \"Order #30 - Texto /  Completar Oracion\"}}, {\"added\": {\"name\": \"exercise_detail\", \"object\": \"Order #31 - Texto /  Completar Oracion\"}}, {\"added\": {\"name\": \"exercise_detail\", \"object\": \"Order #32 - Texto / Seleccionar texto\"}}, {\"added\": {\"name\": \"exercise_detail\", \"object\": \"Order #33 - Texto / Seleccionar texto\"}}, {\"added\": {\"name\": \"exercise_detail\", \"object\": \"Order #34 - Texto / Seleccionar texto\"}}, {\"added\": {\"name\": \"exercise_detail\", \"object\": \"Order #35 - Texto / Seleccionar texto\"}}]"}}, {"model": "admin.logentry", "pk": 106, "fields": {"action_time": "2021-08-08T23:29:56.872Z", "user": 1, "content_type": 16, "object_id": "8", "object_repr": "Mba’eteko INPUT Kape. Mba’éicha  INPUT réra  .", "action_flag": 2, "change_message": "[{\"changed\": {\"fields\": [\"Question\"]}}]"}}, {"model": "admin.logentry", "pk": 107, "fields": {"action_time": "2021-08-08T23:30:14.180Z", "user": 1, "content_type": 16, "object_id": "7", "object_repr": "Mba’éichapa INPUT réra Luis. Ha  INPUT  .", "action_flag": 2, "change_message": "[{\"changed\": {\"fields\": [\"Question\"]}}]"}}, {"model": "admin.logentry", "pk": 108, "fields": {"action_time": "2021-08-08T23:30:28.280Z", "user": 1, "content_type": 16, "object_id": "6", "object_repr": "Maitei. INPUT piko Jazmín.", "action_flag": 2, "change_message": "[{\"changed\": {\"fields\": [\"Question\"]}}]"}}, {"model": "admin.logentry", "pk": 109, "fields": {"action_time": "2021-08-08T23:30:39.464Z", "user": 1, "content_type": 16, "object_id": "5", "object_repr": "INPUT cheréra Antonio.", "action_flag": 2, "change_message": "[{\"changed\": {\"fields\": [\"Question\"]}}]"}}, {"model": "admin.logentry", "pk": 110, "fields": {"action_time": "2021-08-08T23:30:52.443Z", "user": 1, "content_type": 16, "object_id": "4", "object_repr": "Mba’eteko. INPUT cheréra Nicolas, ha INPUT", "action_flag": 2, "change_message": "[{\"changed\": {\"fields\": [\"Question\"]}}]"}}, {"model": "admin.logentry", "pk": 111, "fields": {"action_time": "2021-08-09T00:16:05.948Z", "user": 1, "content_type": 21, "object_id": "2", "object_repr": "media_to_text/1.A.6.m4a", "action_flag": 2, "change_message": "[{\"changed\": {\"name\": \"media_to_text_detail\", \"object\": \"Maitei\", \"fields\": [\"Answer\"]}}, {\"changed\": {\"name\": \"media_to_text_detail\", \"object\": \"Mba\\u2019eteko\", \"fields\": [\"Answer\"]}}, {\"changed\": {\"name\": \"media_to_text_detail\", \"object\": \"Mba\\u2019\\u00e9ichapa\", \"fields\": [\"Answer\"]}}]"}}, {"model": "admin.logentry", "pk": 112, "fields": {"action_time": "2021-08-09T00:17:36.029Z", "user": 1, "content_type": 21, "object_id": "1", "object_repr": "media_to_text/1.A.5.m4a", "action_flag": 2, "change_message": "[{\"changed\": {\"fields\": [\"Description\"]}}, {\"changed\": {\"name\": \"media_to_text_detail\", \"object\": \"Cher\\u00e9ra\", \"fields\": [\"Answer\", \"Correct answer\"]}}, {\"deleted\": {\"name\": \"media_to_text_detail\", \"object\": \"Cher\\u00e9ra\"}}, {\"deleted\": {\"name\": \"media_to_text_detail\", \"object\": \"Sara\"}}]"}}, {"model": "admin.logentry", "pk": 113, "fields": {"action_time": "2021-08-09T00:21:32.113Z", "user": 1, "content_type": 21, "object_id": "3", "object_repr": "media_to_text/1.A.7.m4a", "action_flag": 2, "change_message": "[{\"changed\": {\"fields\": [\"Description\"]}}, {\"changed\": {\"name\": \"media_to_text_detail\", \"object\": \"Maiteimi. Cher\\u00e9ra S\\u00e1ra.\", \"fields\": [\"Answer\"]}}, {\"deleted\": {\"name\": \"media_to_text_detail\", \"object\": \"Cher\\u00e9ra\"}}, {\"deleted\": {\"name\": \"media_to_text_detail\", \"object\": \"Sara\"}}]"}}, {"model": "admin.logentry", "pk": 114, "fields": {"action_time": "2021-08-15T20:38:09.272Z", "user": 1, "content_type": 21, "object_id": "3", "object_repr": "media_to_text/1.A.7.m4a", "action_flag": 2, "change_message": "[{\"changed\": {\"name\": \"media_to_text_detail\", \"object\": \"Cher\\u00e9ra\", \"fields\": [\"Answer\"]}}]"}}, {"model": "admin.logentry", "pk": 115, "fields": {"action_time": "2021-08-15T21:23:33.517Z", "user": 1, "content_type": 20, "object_id": "9", "object_repr": "media_to_media/1.A.19.aif", "action_flag": 2, "change_message": "[{\"changed\": {\"name\": \"media_to_media_detail\", \"object\": \"Media_to_media_details/usaflag.png\", \"fields\": [\"Answer filename\"]}}]"}}, {"model": "admin.logentry", "pk": 116, "fields": {"action_time": "2021-08-21T01:33:21.780Z", "user": 1, "content_type": 20, "object_id": "16", "object_repr": "media_to_media/1.a.15.jpg", "action_flag": 2, "change_message": "[{\"changed\": {\"name\": \"media_to_media_detail\", \"object\": \"Media_to_media_details/1.A.15.m4a\", \"fields\": [\"Description\"]}}]"}}, {"model": "admin.logentry", "pk": 117, "fields": {"action_time": "2021-08-21T01:33:49.480Z", "user": 1, "content_type": 20, "object_id": "16", "object_repr": "media_to_media/1.a.15.jpg", "action_flag": 2, "change_message": "[{\"changed\": {\"name\": \"media_to_media_detail\", \"object\": \"Media_to_media_details/1.A.15.m4a\", \"fields\": [\"Description\"]}}]"}}, {"model": "admin.logentry", "pk": 118, "fields": {"action_time": "2021-08-21T01:37:30.752Z", "user": 1, "content_type": 20, "object_id": "15", "object_repr": "media_to_media/1.a.14.jpg", "action_flag": 2, "change_message": "[{\"changed\": {\"name\": \"media_to_media_detail\", \"object\": \"Media_to_media_details/1.A.14.m4a\", \"fields\": [\"Description\"]}}]"}}, {"model": "admin.logentry", "pk": 119, "fields": {"action_time": "2021-08-21T18:40:00.353Z", "user": 1, "content_type": 20, "object_id": "16", "object_repr": "media_to_media/1.a.15.jpg", "action_flag": 2, "change_message": "[{\"changed\": {\"name\": \"media_to_media_detail\", \"object\": \"Media_to_media_details/1.A.15.m4a\", \"fields\": [\"Description\"]}}]"}}, {"model": "admin.logentry", "pk": 120, "fields": {"action_time": "2021-08-21T18:40:58.434Z", "user": 1, "content_type": 20, "object_id": "15", "object_repr": "media_to_media/1.a.14.jpg", "action_flag": 2, "change_message": "[{\"changed\": {\"name\": \"media_to_media_detail\", \"object\": \"Media_to_media_details/1.A.14.m4a\", \"fields\": [\"Description\"]}}]"}}, {"model": "admin.logentry", "pk": 121, "fields": {"action_time": "2021-08-21T18:41:41.278Z", "user": 1, "content_type": 20, "object_id": "15", "object_repr": "media_to_media/1.a.14.jpg", "action_flag": 2, "change_message": "[{\"changed\": {\"name\": \"media_to_media_detail\", \"object\": \"Media_to_media_details/1.A.14.m4a\", \"fields\": [\"Description\"]}}]"}}, {"model": "admin.logentry", "pk": 122, "fields": {"action_time": "2021-08-21T18:41:55.895Z", "user": 1, "content_type": 20, "object_id": "17", "object_repr": "media_to_media/1.a.16.jpg", "action_flag": 2, "change_message": "[{\"changed\": {\"name\": \"media_to_media_detail\", \"object\": \"Media_to_media_details/1.A.16.m4a\", \"fields\": [\"Description\"]}}]"}}, {"model": "admin.logentry", "pk": 123, "fields": {"action_time": "2021-08-21T18:42:15.833Z", "user": 1, "content_type": 20, "object_id": "18", "object_repr": "media_to_media/1.a.17.jpg", "action_flag": 2, "change_message": "[{\"changed\": {\"name\": \"media_to_media_detail\", \"object\": \"Media_to_media_details/1.A.17.m4a\", \"fields\": [\"Description\"]}}]"}}, {"model": "admin.logentry", "pk": 124, "fields": {"action_time": "2021-08-21T18:42:21.566Z", "user": 1, "content_type": 20, "object_id": "18", "object_repr": "media_to_media/1.a.17.jpg", "action_flag": 2, "change_message": "[]"}}, {"model": "admin.logentry", "pk": 125, "fields": {"action_time": "2021-08-21T18:43:20.622Z", "user": 1, "content_type": 20, "object_id": "19", "object_repr": "media_to_media/1.a.18.jpg", "action_flag": 2, "change_message": "[{\"changed\": {\"name\": \"media_to_media_detail\", \"object\": \"Media_to_media_details/1.A.18.m4a\", \"fields\": [\"Description\"]}}]"}}, {"model": "admin.logentry", "pk": 126, "fields": {"action_time": "2021-08-21T19:31:17.564Z", "user": 1, "content_type": 16, "object_id": "13", "object_repr": "Moôguápa nde? /De dónde eres?/Where are you from?", "action_flag": 1, "change_message": "[{\"added\": {}}, {\"added\": {\"name\": \"text_to_text_detail\", \"object\": \"Che Paragu\\u00e1igua\"}}, {\"added\": {\"name\": \"text_to_text_detail\", \"object\": \"Che Paragu\\u00e1ire\"}}, {\"added\": {\"name\": \"text_to_text_detail\", \"object\": \"Che Paragu\\u00e1ir\\u00e3\"}}]"}}, {"model": "admin.logentry", "pk": 127, "fields": {"action_time": "2021-08-21T19:32:27.917Z", "user": 1, "content_type": 16, "object_id": "14", "object_repr": "Moõguápa ha´e /¿De dónde es él?/ Where is he from?", "action_flag": 1, "change_message": "[{\"added\": {}}, {\"added\": {\"name\": \"text_to_text_detail\", \"object\": \"Ha\\u00b4e Espa\\u00f1are\"}}, {\"added\": {\"name\": \"text_to_text_detail\", \"object\": \"Ha\\u00b4e Espa\\u00f1agua\"}}, {\"added\": {\"name\": \"text_to_text_detail\", \"object\": \"Ha\\u00b4e Espa\\u00f1ar\\u00e3\"}}]"}}, {"model": "admin.logentry", "pk": 128, "fields": {"action_time": "2021-08-21T19:32:58.362Z", "user": 1, "content_type": 16, "object_id": "14", "object_repr": "Moõguápa ha'e /¿De dónde es él?/ Where is he from?", "action_flag": 2, "change_message": "[{\"changed\": {\"fields\": [\"Question\"]}}]"}}, {"model": "admin.logentry", "pk": 129, "fields": {"action_time": "2021-08-21T19:33:58.551Z", "user": 1, "content_type": 16, "object_id": "15", "object_repr": "Moõguápa ha´ekuéra/ ¿De dónde son ellos?/ Where are they from?", "action_flag": 1, "change_message": "[{\"added\": {}}, {\"added\": {\"name\": \"text_to_text_detail\", \"object\": \"Ha\\u00b4eku\\u00e9ra Franciar\\u00e3\"}}, {\"added\": {\"name\": \"text_to_text_detail\", \"object\": \"Ha\\u00b4eku\\u00e9ra Franciare\"}}, {\"added\": {\"name\": \"text_to_text_detail\", \"object\": \"Ha\\u00b4eku\\u00e9ra Franciagua\"}}]"}}, {"model": "admin.logentry", "pk": 130, "fields": {"action_time": "2021-08-21T19:34:13.562Z", "user": 1, "content_type": 16, "object_id": "15", "object_repr": "Moõguápa ha'ekuéra/ ¿De dónde son ellos?/ Where are they from?", "action_flag": 2, "change_message": "[{\"changed\": {\"fields\": [\"Question\"]}}]"}}, {"model": "admin.logentry", "pk": 131, "fields": {"action_time": "2021-08-21T19:34:35.873Z", "user": 1, "content_type": 10, "object_id": "3", "object_repr": "Principiante - Capitulo - 1.B - Ejercitario - 1.B", "action_flag": 2, "change_message": "[{\"added\": {\"name\": \"exercise_detail\", \"object\": \"Order #1 - Texto / Seleccionar texto\"}}, {\"added\": {\"name\": \"exercise_detail\", \"object\": \"Order #2 - Texto / Seleccionar texto\"}}, {\"added\": {\"name\": \"exercise_detail\", \"object\": \"Order #3 - Texto / Seleccionar texto\"}}]"}}, {"model": "admin.logentry", "pk": 132, "fields": {"action_time": "2021-08-21T19:35:19.397Z", "user": 1, "content_type": 10, "object_id": "3", "object_repr": "Principiante - Capitulo - 1.B - Ejercitario - 1.B", "action_flag": 2, "change_message": "[{\"changed\": {\"name\": \"exercise_detail\", \"object\": \"Order #1 - Texto /  Completar Oracion\", \"fields\": [\"Reactive id\"]}}]"}}, {"model": "admin.logentry", "pk": 133, "fields": {"action_time": "2021-08-21T19:35:44.414Z", "user": 1, "content_type": 10, "object_id": "3", "object_repr": "Principiante - Capitulo - 1.B - Ejercitario - 1.B", "action_flag": 2, "change_message": "[{\"changed\": {\"name\": \"exercise_detail\", \"object\": \"Order #1 - Texto / Seleccionar texto\", \"fields\": [\"Reactive id\"]}}]"}}, {"model": "admin.logentry", "pk": 134, "fields": {"action_time": "2021-08-21T19:38:56.389Z", "user": 1, "content_type": 16, "object_id": "16", "object_repr": "INPUT Ha´e  INPUT España-gua", "action_flag": 1, "change_message": "[{\"added\": {}}, {\"added\": {\"name\": \"text_to_text_detail\", \"object\": \"Mo\\u00f5guapa\"}}, {\"added\": {\"name\": \"text_to_text_detail\", \"object\": \"Jos\\u00e9\"}}]"}}, {"model": "admin.logentry", "pk": 135, "fields": {"action_time": "2021-08-21T19:39:11.859Z", "user": 1, "content_type": 10, "object_id": "3", "object_repr": "Principiante - Capitulo - 1.B - Ejercitario - 1.B", "action_flag": 2, "change_message": "[{\"added\": {\"name\": \"exercise_detail\", \"object\": \"Order #4 - Texto /  Completar Oracion\"}}]"}}, {"model": "admin.logentry", "pk": 136, "fields": {"action_time": "2021-08-21T19:41:49.653Z", "user": 1, "content_type": 16, "object_id": "16", "object_repr": "Moõguapa INPUT José. España-gua", "action_flag": 2, "change_message": "[{\"changed\": {\"fields\": [\"Question\"]}}, {\"changed\": {\"name\": \"text_to_text_detail\", \"object\": \"Ha'e\", \"fields\": [\"Answer\"]}}, {\"deleted\": {\"name\": \"text_to_text_detail\", \"object\": \"Jos\\u00e9\"}}]"}}, {"model": "admin.logentry", "pk": 137, "fields": {"action_time": "2021-08-21T19:42:56.090Z", "user": 1, "content_type": 16, "object_id": "16", "object_repr": "Moõguapa José <br/> Moõguapa INPUT José. España-gua", "action_flag": 2, "change_message": "[{\"changed\": {\"fields\": [\"Question\"]}}]"}}, {"model": "admin.logentry", "pk": 138, "fields": {"action_time": "2021-08-21T19:43:35.287Z", "user": 1, "content_type": 16, "object_id": "16", "object_repr": "Moõguapa José <br/>  INPUT España-gua", "action_flag": 2, "change_message": "[{\"changed\": {\"fields\": [\"Question\"]}}]"}}, {"model": "admin.logentry", "pk": 139, "fields": {"action_time": "2021-08-21T19:44:06.043Z", "user": 1, "content_type": 16, "object_id": "17", "object_repr": "Moõguápa Ruth <br/> INPUT Brasil-gua", "action_flag": 1, "change_message": "[{\"added\": {}}, {\"added\": {\"name\": \"text_to_text_detail\", \"object\": \"Ha'e\"}}]"}}, {"model": "admin.logentry", "pk": 140, "fields": {"action_time": "2021-08-21T19:44:14.043Z", "user": 1, "content_type": 10, "object_id": "3", "object_repr": "Principiante - Capitulo - 1.B - Ejercitario - 1.B", "action_flag": 2, "change_message": "[{\"added\": {\"name\": \"exercise_detail\", \"object\": \"Order #5 - Texto /  Completar Oracion\"}}]"}}, {"model": "admin.logentry", "pk": 141, "fields": {"action_time": "2021-08-21T19:48:06.715Z", "user": 1, "content_type": 18, "object_id": "2", "object_repr": "2 - Ha´e España-gua", "action_flag": 1, "change_message": "[{\"added\": {}}, {\"added\": {\"name\": \"text_to_media_detail\", \"object\": \"text_to_media/Ha_e_4.1_-7.1_7.2_rta_correcta._10_columna_A.png\"}}, {\"added\": {\"name\": \"text_to_media_detail\", \"object\": \"text_to_media/4._2-_7.2_y_7.4_Ha_eku\\u00e9ra_y_columna_A.png\"}}, {\"added\": {\"name\": \"text_to_media_detail\", \"object\": \"text_to_media/Che_7.1-7.1-_opci\\u00f3n_incorrecta_y_columna_A.png\"}}]"}}, {"model": "admin.logentry", "pk": 142, "fields": {"action_time": "2021-08-21T19:48:37.897Z", "user": 1, "content_type": 10, "object_id": "3", "object_repr": "Principiante - Capitulo - 1.B - Ejercitario - 1.B", "action_flag": 2, "change_message": "[{\"added\": {\"name\": \"exercise_detail\", \"object\": \"Order #6 - Texto / Imagenes\"}}]"}}, {"model": "admin.logentry", "pk": 143, "fields": {"action_time": "2021-08-21T19:50:29.666Z", "user": 1, "content_type": 18, "object_id": "3", "object_repr": "3 - Ha´ekuéra Argentina-gua", "action_flag": 1, "change_message": "[{\"added\": {}}, {\"added\": {\"name\": \"text_to_media_detail\", \"object\": \"text_to_media/Che_7.1-7.1-_opci\\u00f3n_incorrecta_y_columna_A_Sm3TeQ5.png\"}}, {\"added\": {\"name\": \"text_to_media_detail\", \"object\": \"text_to_media/4._2-_7.2_y_7.4_Ha_eku\\u00e9ra_y_columna_A_YrDTE8w.png\"}}, {\"added\": {\"name\": \"text_to_media_detail\", \"object\": \"text_to_media/Ha_e_4.1_-7.1_7.2_rta_correcta._10_columna_A_rwgdYeB.png\"}}]"}}, {"model": "admin.logentry", "pk": 144, "fields": {"action_time": "2021-08-21T19:50:41.500Z", "user": 1, "content_type": 10, "object_id": "3", "object_repr": "Principiante - Capitulo - 1.B - Ejercitario - 1.B", "action_flag": 2, "change_message": "[{\"added\": {\"name\": \"exercise_detail\", \"object\": \"Order #7 - Texto / Imagenes\"}}]"}}, {"model": "admin.logentry", "pk": 145, "fields": {"action_time": "2021-08-21T19:56:07.942Z", "user": 1, "content_type": 21, "object_id": "13", "object_repr": "media_to_text/Maitei.m4a", "action_flag": 1, "change_message": "[{\"added\": {}}, {\"added\": {\"name\": \"media_to_text_detail\", \"object\": \"Hola, me llamo Bel\\u00e9n  y soy de Paraguay\"}}, {\"added\": {\"name\": \"media_to_text_detail\", \"object\": \"Yo vivo en Paraguay\"}}, {\"added\": {\"name\": \"media_to_text_detail\", \"object\": \"Mi nombre es Bel\\u00e9n y mi familia vive en Paraguay\"}}]"}}, {"model": "admin.logentry", "pk": 146, "fields": {"action_time": "2021-08-21T19:56:33.286Z", "user": 1, "content_type": 10, "object_id": "3", "object_repr": "Principiante - Capitulo - 1.B - Ejercitario - 1.B", "action_flag": 2, "change_message": "[{\"added\": {\"name\": \"exercise_detail\", \"object\": \"Order #8 - Audio/ Seleccionar Texto\"}}]"}}, {"model": "admin.logentry", "pk": 147, "fields": {"action_time": "2021-08-21T20:00:57.879Z", "user": 1, "content_type": 20, "object_id": "20", "object_repr": "media_to_media/7._1_cap_1b.m4a", "action_flag": 1, "change_message": "[{\"added\": {}}, {\"added\": {\"name\": \"media_to_media_detail\", \"object\": \"Media_to_media_details/Ha_e_4.1_-7.1_7.2_rta_correcta._10_columna_A.png\"}}, {\"added\": {\"name\": \"media_to_media_detail\", \"object\": \"Media_to_media_details/4._2-_7.2_y_7.4_Ha_eku\\u00e9ra_y_columna_A.png\"}}, {\"added\": {\"name\": \"media_to_media_detail\", \"object\": \"Media_to_media_details/Che_7.1-7.1-_opci\\u00f3n_incorrecta_y_columna_A.png\"}}]"}}, {"model": "admin.logentry", "pk": 148, "fields": {"action_time": "2021-08-21T20:01:11.464Z", "user": 1, "content_type": 10, "object_id": "3", "object_repr": "Principiante - Capitulo - 1.B - Ejercitario - 1.B", "action_flag": 2, "change_message": "[{\"added\": {\"name\": \"exercise_detail\", \"object\": \"Order #9 - Audio /  Imagen\"}}]"}}, {"model": "admin.logentry", "pk": 149, "fields": {"action_time": "2021-08-21T20:02:52.206Z", "user": 1, "content_type": 10, "object_id": "3", "object_repr": "Principiante - Capitulo - 1.B - Ejercitario - 1.B", "action_flag": 2, "change_message": "[]"}}, {"model": "admin.logentry", "pk": 150, "fields": {"action_time": "2021-08-22T17:38:43.271Z", "user": 1, "content_type": 10, "object_id": "4", "object_repr": "Principiante - Capitulo - 1.A - Ejercitario - 1.B", "action_flag": 1, "change_message": "[{\"added\": {}}]"}}, {"model": "admin.logentry", "pk": 151, "fields": {"action_time": "2021-08-22T17:39:16.078Z", "user": 1, "content_type": 10, "object_id": "3", "object_repr": "Principiante - Capitulo - 1.A - Ejercitario - 1.B", "action_flag": 2, "change_message": "[{\"changed\": {\"fields\": [\"Chapter id\"]}}]"}}, {"model": "admin.logentry", "pk": 152, "fields": {"action_time": "2021-08-22T18:26:28.419Z", "user": 1, "content_type": 10, "object_id": "3", "object_repr": "Principiante - Capitulo - 1.C - Ejercitario - 1.C", "action_flag": 2, "change_message": "[{\"changed\": {\"fields\": [\"Chapter id\", \"Description\"]}}]"}}, {"model": "admin.logentry", "pk": 153, "fields": {"action_time": "2021-08-22T18:26:37.206Z", "user": 1, "content_type": 10, "object_id": "4", "object_repr": "Principiante - Capitulo - 1.B - Ejercitario - 1.B", "action_flag": 2, "change_message": "[{\"changed\": {\"fields\": [\"Chapter id\"]}}]"}}, {"model": "admin.logentry", "pk": 154, "fields": {"action_time": "2021-08-22T18:27:41.641Z", "user": 1, "content_type": 9, "object_id": "7", "object_repr": "Principiante - Capitulo - 1.D", "action_flag": 1, "change_message": "[{\"added\": {}}]"}}, {"model": "admin.logentry", "pk": 155, "fields": {"action_time": "2021-08-22T19:03:40.982Z", "user": 1, "content_type": 10, "object_id": "5", "object_repr": "Principiante - Capitulo - 1.D - Ejercitario - 1.D", "action_flag": 1, "change_message": "[{\"added\": {}}]"}}, {"model": "admin.logentry", "pk": 156, "fields": {"action_time": "2021-08-22T19:04:03.970Z", "user": 1, "content_type": 9, "object_id": "6", "object_repr": "Intermedio - Capitulo - 1.C", "action_flag": 3, "change_message": ""}}, {"model": "admin.logentry", "pk": 157, "fields": {"action_time": "2021-08-22T19:04:03.978Z", "user": 1, "content_type": 9, "object_id": "5", "object_repr": "Intermedio - Capitulo - 1.B", "action_flag": 3, "change_message": ""}}, {"model": "admin.logentry", "pk": 158, "fields": {"action_time": "2021-08-22T19:04:03.983Z", "user": 1, "content_type": 9, "object_id": "4", "object_repr": "Intermedio - Capitulo - 1.A", "action_flag": 3, "change_message": ""}}, {"model": "admin.logentry", "pk": 159, "fields": {"action_time": "2021-08-22T19:04:35.956Z", "user": 1, "content_type": 9, "object_id": "8", "object_repr": "Principiante - Capitulo - 2.A", "action_flag": 1, "change_message": "[{\"added\": {}}]"}}, {"model": "admin.logentry", "pk": 160, "fields": {"action_time": "2021-08-22T19:04:49.189Z", "user": 1, "content_type": 9, "object_id": "9", "object_repr": "Principiante - Capitulo - 2.B", "action_flag": 1, "change_message": "[{\"added\": {}}]"}}, {"model": "admin.logentry", "pk": 161, "fields": {"action_time": "2021-08-22T19:04:55.594Z", "user": 1, "content_type": 9, "object_id": "10", "object_repr": "Principiante - Capitulo - 2.C", "action_flag": 1, "change_message": "[{\"added\": {}}]"}}, {"model": "admin.logentry", "pk": 162, "fields": {"action_time": "2021-08-22T19:05:05.559Z", "user": 1, "content_type": 9, "object_id": "11", "object_repr": "Principiante - Capitulo - 3.A", "action_flag": 1, "change_message": "[{\"added\": {}}]"}}, {"model": "admin.logentry", "pk": 163, "fields": {"action_time": "2021-08-22T19:05:18.738Z", "user": 1, "content_type": 9, "object_id": "12", "object_repr": "Principiante - Capitulo - 3.B", "action_flag": 1, "change_message": "[{\"added\": {}}]"}}, {"model": "admin.logentry", "pk": 164, "fields": {"action_time": "2021-08-22T19:05:36.115Z", "user": 1, "content_type": 9, "object_id": "13", "object_repr": "Principiante - Capitulo - 3C", "action_flag": 1, "change_message": "[{\"added\": {}}]"}}, {"model": "admin.logentry", "pk": 165, "fields": {"action_time": "2021-08-22T19:05:42.606Z", "user": 1, "content_type": 9, "object_id": "13", "object_repr": "Principiante - Capitulo - 3.C", "action_flag": 2, "change_message": "[{\"changed\": {\"fields\": [\"Description\"]}}]"}}, {"model": "admin.logentry", "pk": 166, "fields": {"action_time": "2021-08-22T19:07:23.109Z", "user": 1, "content_type": 10, "object_id": "6", "object_repr": "Principiante - Capitulo - 2.A - Ejercitario - 2.A", "action_flag": 1, "change_message": "[{\"added\": {}}]"}}, {"model": "admin.logentry", "pk": 167, "fields": {"action_time": "2021-08-22T19:07:41.387Z", "user": 1, "content_type": 10, "object_id": "7", "object_repr": "Principiante - Capitulo - 2.B - Ejercitario - 2.B", "action_flag": 1, "change_message": "[{\"added\": {}}]"}}, {"model": "admin.logentry", "pk": 168, "fields": {"action_time": "2021-08-22T19:08:00.596Z", "user": 1, "content_type": 10, "object_id": "8", "object_repr": "Principiante - Capitulo - 2.C - Ejercitario - 2.C", "action_flag": 1, "change_message": "[{\"added\": {}}]"}}, {"model": "admin.logentry", "pk": 169, "fields": {"action_time": "2021-08-22T19:08:13.981Z", "user": 1, "content_type": 10, "object_id": "9", "object_repr": "Principiante - Capitulo - 3.A - Ejercitario - 3.A", "action_flag": 1, "change_message": "[{\"added\": {}}]"}}, {"model": "admin.logentry", "pk": 170, "fields": {"action_time": "2021-08-22T19:08:28.407Z", "user": 1, "content_type": 10, "object_id": "10", "object_repr": "Principiante - Capitulo - 3.B - Ejercitario - 3.B", "action_flag": 1, "change_message": "[{\"added\": {}}]"}}, {"model": "admin.logentry", "pk": 171, "fields": {"action_time": "2021-08-22T19:08:43.704Z", "user": 1, "content_type": 10, "object_id": "11", "object_repr": "Principiante - Capitulo - 3.C - Capitulo - 3.C", "action_flag": 1, "change_message": "[{\"added\": {}}]"}}, {"model": "admin.logentry", "pk": 172, "fields": {"action_time": "2021-08-22T19:08:58.927Z", "user": 1, "content_type": 10, "object_id": "11", "object_repr": "Principiante - Capitulo - 3.C - Ejercitario - 3.C", "action_flag": 2, "change_message": "[{\"changed\": {\"fields\": [\"Description\"]}}]"}}, {"model": "admin.logentry", "pk": 173, "fields": {"action_time": "2021-08-24T22:25:48.714Z", "user": 1, "content_type": 16, "object_id": "18", "object_repr": "Mitã INPUT oho mbo’ehaópe.", "action_flag": 1, "change_message": "[{\"added\": {}}, {\"added\": {\"name\": \"text_to_text_detail\", \"object\": \"ngu\\u00e9ra\"}}]"}}, {"model": "admin.logentry", "pk": 174, "fields": {"action_time": "2021-08-24T22:29:52.834Z", "user": 1, "content_type": 21, "object_id": "14", "object_repr": "media_to_text/2.a.2.Irũnguéra.mp3", "action_flag": 1, "change_message": "[{\"added\": {}}, {\"added\": {\"name\": \"media_to_text_detail\", \"object\": \"Ir\\u0169ku\\u00e9ra\"}}, {\"added\": {\"name\": \"media_to_text_detail\", \"object\": \"Ir\\u00fangu\\u00e9ra\"}}, {\"added\": {\"name\": \"media_to_text_detail\", \"object\": \"Jaguaku\\u00e9ra\"}}]"}}, {"model": "admin.logentry", "pk": 175, "fields": {"action_time": "2021-08-24T22:33:05.146Z", "user": 1, "content_type": 18, "object_id": "4", "object_repr": "4 - Mbarakajakuéra", "action_flag": 1, "change_message": "[{\"added\": {}}, {\"added\": {\"name\": \"text_to_media_detail\", \"object\": \"text_to_media/Gatos.png\"}}, {\"added\": {\"name\": \"text_to_media_detail\", \"object\": \"text_to_media/gallinas.png\"}}, {\"added\": {\"name\": \"text_to_media_detail\", \"object\": \"text_to_media/4_perros.png\"}}]"}}, {"model": "admin.logentry", "pk": 176, "fields": {"action_time": "2021-08-24T22:33:11.175Z", "user": 1, "content_type": 18, "object_id": "5", "object_repr": "5 - Mbarakajakuéra", "action_flag": 1, "change_message": "[{\"added\": {}}, {\"added\": {\"name\": \"text_to_media_detail\", \"object\": \"text_to_media/Gatos_gNahi9w.png\"}}, {\"added\": {\"name\": \"text_to_media_detail\", \"object\": \"text_to_media/gallinas_VAsdJ0s.png\"}}, {\"added\": {\"name\": \"text_to_media_detail\", \"object\": \"text_to_media/4_perros_TmzkEgu.png\"}}]"}}, {"model": "admin.logentry", "pk": 177, "fields": {"action_time": "2021-08-24T22:34:45.492Z", "user": 1, "content_type": 10, "object_id": "5", "object_repr": "Principiante - Capitulo - 2.A - Ejercitario - 2.A", "action_flag": 2, "change_message": "[{\"added\": {\"name\": \"exercise_detail\", \"object\": \"Order #1 - Texto /  Completar Oracion\"}}, {\"added\": {\"name\": \"exercise_detail\", \"object\": \"Order #2 - Audio/ Seleccionar Texto\"}}, {\"added\": {\"name\": \"exercise_detail\", \"object\": \"Order #3 - Texto / Seleccionar Imagen\"}}]"}}, {"model": "admin.logentry", "pk": 178, "fields": {"action_time": "2021-08-24T22:51:42.657Z", "user": 1, "content_type": 20, "object_id": "21", "object_repr": "media_to_media/2.a.4.Aguara.mp3", "action_flag": 1, "change_message": "[{\"added\": {}}, {\"added\": {\"name\": \"media_to_media_detail\", \"object\": \"Media_to_media_details/2.a.4.Perro.mp3\"}}, {\"added\": {\"name\": \"media_to_media_detail\", \"object\": \"Media_to_media_details/2.a.4.Le\\u00f3n.mp3\"}}, {\"added\": {\"name\": \"media_to_media_detail\", \"object\": \"Media_to_media_details/2.a.4.Zorro.mp3\"}}]"}}, {"model": "admin.logentry", "pk": 179, "fields": {"action_time": "2021-08-24T23:06:08.665Z", "user": 1, "content_type": 16, "object_id": "19", "object_repr": "¿Cuál es el sustantivo que está pluralizado correctamente?", "action_flag": 1, "change_message": "[{\"added\": {}}, {\"added\": {\"name\": \"text_to_text_detail\", \"object\": \"Ku\\u00f1aku\\u00e9ra\"}}, {\"added\": {\"name\": \"text_to_text_detail\", \"object\": \"Ku\\u00f1a'i\"}}, {\"added\": {\"name\": \"text_to_text_detail\", \"object\": \"Ku\\u00f1angu\\u00e9ra\"}}]"}}, {"model": "admin.logentry", "pk": 180, "fields": {"action_time": "2021-08-24T23:13:05.450Z", "user": 1, "content_type": 21, "object_id": "15", "object_repr": "media_to_text/2.a.6_Okañy_che_kuatiakuéra.mp3", "action_flag": 1, "change_message": "[{\"added\": {}}, {\"added\": {\"name\": \"media_to_text_detail\", \"object\": \"kuatiaku\\u00e9ra\"}}]"}}, {"model": "admin.logentry", "pk": 181, "fields": {"action_time": "2021-08-24T23:36:44.365Z", "user": 1, "content_type": 21, "object_id": "16", "object_repr": "media_to_text/gallinas.png", "action_flag": 1, "change_message": "[{\"added\": {}}, {\"added\": {\"name\": \"media_to_text_detail\", \"object\": \"Jaguaku\\u00e9ra\"}}, {\"added\": {\"name\": \"media_to_text_detail\", \"object\": \"Ryguasuku\\u00e9ra\"}}, {\"added\": {\"name\": \"media_to_text_detail\", \"object\": \"Mbarakajaku\\u00e9ra\"}}]"}}, {"model": "admin.logentry", "pk": 182, "fields": {"action_time": "2021-08-24T23:39:20.121Z", "user": 1, "content_type": 16, "object_id": "20", "object_repr": "¿Cómo se dice \"cocodrilo\" en guaraní?", "action_flag": 1, "change_message": "[{\"added\": {}}, {\"added\": {\"name\": \"text_to_text_detail\", \"object\": \"Ka'i\"}}, {\"added\": {\"name\": \"text_to_text_detail\", \"object\": \"Jakare\"}}, {\"added\": {\"name\": \"text_to_text_detail\", \"object\": \"Tuk\\u00e3\"}}]"}}, {"model": "admin.logentry", "pk": 183, "fields": {"action_time": "2021-08-24T23:42:38.424Z", "user": 1, "content_type": 18, "object_id": "6", "object_repr": "6 - Jaguaita", "action_flag": 1, "change_message": "[{\"added\": {}}, {\"added\": {\"name\": \"text_to_media_detail\", \"object\": \"text_to_media/Gatos_ZpWDlRA.png\"}}, {\"added\": {\"name\": \"text_to_media_detail\", \"object\": \"text_to_media/4_perros_nIILxMt.png\"}}, {\"added\": {\"name\": \"text_to_media_detail\", \"object\": \"text_to_media/gallinas_k5DAhyz.png\"}}]"}}, {"model": "admin.logentry", "pk": 184, "fields": {"action_time": "2021-08-24T23:42:40.368Z", "user": 1, "content_type": 18, "object_id": "7", "object_repr": "7 - Jaguaita", "action_flag": 1, "change_message": "[{\"added\": {}}, {\"added\": {\"name\": \"text_to_media_detail\", \"object\": \"text_to_media/Gatos_8MTB50g.png\"}}, {\"added\": {\"name\": \"text_to_media_detail\", \"object\": \"text_to_media/4_perros_t4mAENy.png\"}}, {\"added\": {\"name\": \"text_to_media_detail\", \"object\": \"text_to_media/gallinas_DZVlbfv.png\"}}]"}}, {"model": "admin.logentry", "pk": 185, "fields": {"action_time": "2021-08-24T23:45:41.924Z", "user": 1, "content_type": 20, "object_id": "22", "object_repr": "media_to_media/2.a.10.Rugido_de_león.mp3", "action_flag": 1, "change_message": "[{\"added\": {}}, {\"added\": {\"name\": \"media_to_media_detail\", \"object\": \"Media_to_media_details/2.a.10.Jagua.mp3\"}}, {\"added\": {\"name\": \"media_to_media_detail\", \"object\": \"Media_to_media_details/2.a.10.Le\\u00f5.mp3\"}}, {\"added\": {\"name\": \"media_to_media_detail\", \"object\": \"Media_to_media_details/2.a.10.Aguara.mp3\"}}]"}}, {"model": "admin.logentry", "pk": 186, "fields": {"action_time": "2021-08-24T23:48:22.420Z", "user": 1, "content_type": 16, "object_id": "21", "object_repr": "Nde reguereko ryguasu INPUT .", "action_flag": 1, "change_message": "[{\"added\": {}}, {\"added\": {\"name\": \"text_to_text_detail\", \"object\": \"eta\"}}]"}}, {"model": "admin.logentry", "pk": 187, "fields": {"action_time": "2021-08-24T23:51:32.637Z", "user": 1, "content_type": 21, "object_id": "17", "object_repr": "media_to_text/2.a.12.Mboieta.mp3", "action_flag": 1, "change_message": "[{\"added\": {}}, {\"added\": {\"name\": \"media_to_text_detail\", \"object\": \"Riguasueta\"}}, {\"added\": {\"name\": \"media_to_text_detail\", \"object\": \"Jaguaita\"}}, {\"added\": {\"name\": \"media_to_text_detail\", \"object\": \"Mboieta\"}}]"}}, {"model": "admin.logentry", "pk": 188, "fields": {"action_time": "2021-08-24T23:53:28.225Z", "user": 1, "content_type": 21, "object_id": "18", "object_repr": "media_to_text/papel.png", "action_flag": 1, "change_message": "[{\"added\": {}}, {\"added\": {\"name\": \"media_to_text_detail\", \"object\": \"Le\\u00f5ita\"}}, {\"added\": {\"name\": \"media_to_text_detail\", \"object\": \"Kuatiaita\"}}, {\"added\": {\"name\": \"media_to_text_detail\", \"object\": \"Aguaraita\"}}]"}}, {"model": "admin.logentry", "pk": 189, "fields": {"action_time": "2021-08-24T23:56:27.015Z", "user": 1, "content_type": 18, "object_id": "8", "object_repr": "8 - Kóva iñakã.", "action_flag": 1, "change_message": "[{\"added\": {}}, {\"added\": {\"name\": \"text_to_media_detail\", \"object\": \"text_to_media/Mano.png\"}}, {\"added\": {\"name\": \"text_to_media_detail\", \"object\": \"text_to_media/Cara.png\"}}, {\"added\": {\"name\": \"text_to_media_detail\", \"object\": \"text_to_media/pie.png\"}}]"}}, {"model": "admin.logentry", "pk": 190, "fields": {"action_time": "2021-08-24T23:57:33.429Z", "user": 1, "content_type": 16, "object_id": "22", "object_repr": "Kóva iñakã.", "action_flag": 1, "change_message": "[{\"added\": {}}, {\"added\": {\"name\": \"text_to_text_detail\", \"object\": \"Esta es su mano.\"}}, {\"added\": {\"name\": \"text_to_text_detail\", \"object\": \"Este es su pie.\"}}, {\"added\": {\"name\": \"text_to_text_detail\", \"object\": \"Esta es su cabeza.\"}}]"}}, {"model": "admin.logentry", "pk": 191, "fields": {"action_time": "2021-08-24T23:59:12.445Z", "user": 1, "content_type": 21, "object_id": "19", "object_repr": "media_to_text/Mano.png", "action_flag": 1, "change_message": "[{\"added\": {}}, {\"added\": {\"name\": \"media_to_text_detail\", \"object\": \"P\\u00e9va i\\u00f1ak\\u00e3.\"}}, {\"added\": {\"name\": \"media_to_text_detail\", \"object\": \"P\\u00e9va ipy.\"}}, {\"added\": {\"name\": \"media_to_text_detail\", \"object\": \"P\\u00e9va ipo.\"}}]"}}, {"model": "admin.logentry", "pk": 192, "fields": {"action_time": "2021-08-25T00:00:43.296Z", "user": 1, "content_type": 21, "object_id": "20", "object_repr": "media_to_text/2.a.17.Péva_ipo.mp3", "action_flag": 1, "change_message": "[{\"added\": {}}, {\"added\": {\"name\": \"media_to_text_detail\", \"object\": \"Este es su pie.\"}}, {\"added\": {\"name\": \"media_to_text_detail\", \"object\": \"Esta es su mano.\"}}, {\"added\": {\"name\": \"media_to_text_detail\", \"object\": \"Esta es su cabeza.\"}}]"}}, {"model": "admin.logentry", "pk": 193, "fields": {"action_time": "2021-08-25T00:03:00.988Z", "user": 1, "content_type": 20, "object_id": "23", "object_repr": "media_to_media/2.a.18.Koãva.mp3", "action_flag": 1, "change_message": "[{\"added\": {}}, {\"added\": {\"name\": \"media_to_media_detail\", \"object\": \"Media_to_media_details/pie.png\"}}, {\"added\": {\"name\": \"media_to_media_detail\", \"object\": \"Media_to_media_details/Cara.png\"}}, {\"added\": {\"name\": \"media_to_media_detail\", \"object\": \"Media_to_media_details/4_perros.png\"}}]"}}, {"model": "admin.logentry", "pk": 194, "fields": {"action_time": "2021-08-25T00:05:06.817Z", "user": 1, "content_type": 20, "object_id": "24", "object_repr": "media_to_media/2.a.19.Ko_kuimbae.mp3", "action_flag": 1, "change_message": "[{\"added\": {}}, {\"added\": {\"name\": \"media_to_media_detail\", \"object\": \"Media_to_media_details/2.a.19.Um\\u00edva.mp3\"}}, {\"added\": {\"name\": \"media_to_media_detail\", \"object\": \"Media_to_media_details/2.a.18.Ko\\u00e3va.mp3\"}}, {\"added\": {\"name\": \"media_to_media_detail\", \"object\": \"Media_to_media_details/2.a.19.K\\u00f3va.mp3\"}}]"}}, {"model": "admin.logentry", "pk": 195, "fields": {"action_time": "2021-08-25T00:06:50.549Z", "user": 1, "content_type": 21, "object_id": "21", "object_repr": "media_to_text/2.a.20.Umíva_oñemoarandu.mp3", "action_flag": 1, "change_message": "[{\"added\": {}}, {\"added\": {\"name\": \"media_to_text_detail\", \"object\": \"Aquel estudia.\"}}, {\"added\": {\"name\": \"media_to_text_detail\", \"object\": \"Aquella estudia.\"}}, {\"added\": {\"name\": \"media_to_text_detail\", \"object\": \"Aquellos estudian.\"}}]"}}, {"model": "admin.logentry", "pk": 196, "fields": {"action_time": "2021-08-25T00:06:54.012Z", "user": 1, "content_type": 10, "object_id": "5", "object_repr": "Principiante - Capitulo - 2.A - Ejercitario - 2.A", "action_flag": 2, "change_message": "[{\"added\": {\"name\": \"exercise_detail\", \"object\": \"Order #4 - Audio / Seleccionar Audio\"}}, {\"added\": {\"name\": \"exercise_detail\", \"object\": \"Order #5 - Texto / Seleccionar Texto\"}}, {\"added\": {\"name\": \"exercise_detail\", \"object\": \"Order #6 - Audio/ Completar Oracion\"}}, {\"added\": {\"name\": \"exercise_detail\", \"object\": \"Order #7 - Imagen / Seleccionar Texto\"}}, {\"added\": {\"name\": \"exercise_detail\", \"object\": \"Order #8 - Texto / Seleccionar Texto\"}}, {\"added\": {\"name\": \"exercise_detail\", \"object\": \"Order #9 - Texto / Seleccionar Imagen\"}}, {\"added\": {\"name\": \"exercise_detail\", \"object\": \"Order #10 - Audio / Seleccionar Audio\"}}, {\"added\": {\"name\": \"exercise_detail\", \"object\": \"Order #11 - Texto /  Completar Oracion\"}}, {\"added\": {\"name\": \"exercise_detail\", \"object\": \"Order #12 - Audio/ Seleccionar Texto\"}}, {\"added\": {\"name\": \"exercise_detail\", \"object\": \"Order #13 - Texto / Seleccionar Texto\"}}, {\"added\": {\"name\": \"exercise_detail\", \"object\": \"Order #14 - Texto / Seleccionar Imagen\"}}, {\"added\": {\"name\": \"exercise_detail\", \"object\": \"Order #15 - Texto / Seleccionar Texto\"}}, {\"added\": {\"name\": \"exercise_detail\", \"object\": \"Order #16 - Imagen / Seleccionar Texto\"}}, {\"added\": {\"name\": \"exercise_detail\", \"object\": \"Order #17 - Audio/ Seleccionar Texto\"}}, {\"added\": {\"name\": \"exercise_detail\", \"object\": \"Order #18 - Audio / Seleccionar Imagen\"}}, {\"added\": {\"name\": \"exercise_detail\", \"object\": \"Order #19 - Audio / Seleccionar Audio\"}}, {\"added\": {\"name\": \"exercise_detail\", \"object\": \"Order #1 - Audio/ Seleccionar Texto\"}}]"}}, {"model": "admin.logentry", "pk": 197, "fields": {"action_time": "2021-08-25T00:54:45.361Z", "user": 1, "content_type": 10, "object_id": "5", "object_repr": "Principiante - Capitulo - 2.A - Ejercitario - 2.A", "action_flag": 2, "change_message": "[{\"changed\": {\"name\": \"exercise_detail\", \"object\": \"Order #20 - Audio/ Seleccionar Texto\", \"fields\": [\"Order\"]}}]"}}, {"model": "admin.logentry", "pk": 198, "fields": {"action_time": "2021-08-25T00:56:16.262Z", "user": 1, "content_type": 21, "object_id": "15", "object_repr": "media_to_text/2.a.6_Okañy_che_kuatiakuéra.mp3", "action_flag": 2, "change_message": "[]"}}, {"model": "admin.logentry", "pk": 199, "fields": {"action_time": "2021-08-25T01:17:34.259Z", "user": 1, "content_type": 10, "object_id": "5", "object_repr": "Principiante - Capitulo - 2.A - Ejercitario - 2.A", "action_flag": 2, "change_message": "[{\"changed\": {\"name\": \"exercise_detail\", \"object\": \"Order #13 - Imagen / Seleccionar Texto\", \"fields\": [\"Reactive id\"]}}]"}}, {"model": "admin.logentry", "pk": 200, "fields": {"action_time": "2021-08-25T01:20:28.793Z", "user": 1, "content_type": 10, "object_id": "5", "object_repr": "Principiante - Capitulo - 2.A - Ejercitario - 2.A", "action_flag": 2, "change_message": "[]"}}, {"model": "admin.logentry", "pk": 201, "fields": {"action_time": "2021-08-26T03:01:43.201Z", "user": 1, "content_type": 9, "object_id": "13", "object_repr": "Principiante - Capitulo - 3.C", "action_flag": 3, "change_message": ""}}, {"model": "admin.logentry", "pk": 202, "fields": {"action_time": "2021-08-26T03:01:43.210Z", "user": 1, "content_type": 9, "object_id": "12", "object_repr": "Principiante - Capitulo - 3.B", "action_flag": 3, "change_message": ""}}, {"model": "admin.logentry", "pk": 203, "fields": {"action_time": "2021-08-26T03:01:43.214Z", "user": 1, "content_type": 9, "object_id": "11", "object_repr": "Principiante - Capitulo - 3.A", "action_flag": 3, "change_message": ""}}, {"model": "auth.permission", "pk": 1, "fields": {"name": "Can add log entry", "content_type": 1, "codename": "add_logentry"}}, {"model": "auth.permission", "pk": 2, "fields": {"name": "Can change log entry", "content_type": 1, "codename": "change_logentry"}}, {"model": "auth.permission", "pk": 3, "fields": {"name": "Can delete log entry", "content_type": 1, "codename": "delete_logentry"}}, {"model": "auth.permission", "pk": 4, "fields": {"name": "Can view log entry", "content_type": 1, "codename": "view_logentry"}}, {"model": "auth.permission", "pk": 5, "fields": {"name": "Can add permission", "content_type": 2, "codename": "add_permission"}}, {"model": "auth.permission", "pk": 6, "fields": {"name": "Can change permission", "content_type": 2, "codename": "change_permission"}}, {"model": "auth.permission", "pk": 7, "fields": {"name": "Can delete permission", "content_type": 2, "codename": "delete_permission"}}, {"model": "auth.permission", "pk": 8, "fields": {"name": "Can view permission", "content_type": 2, "codename": "view_permission"}}, {"model": "auth.permission", "pk": 9, "fields": {"name": "Can add group", "content_type": 3, "codename": "add_group"}}, {"model": "auth.permission", "pk": 10, "fields": {"name": "Can change group", "content_type": 3, "codename": "change_group"}}, {"model": "auth.permission", "pk": 11, "fields": {"name": "Can delete group", "content_type": 3, "codename": "delete_group"}}, {"model": "auth.permission", "pk": 12, "fields": {"name": "Can view group", "content_type": 3, "codename": "view_group"}}, {"model": "auth.permission", "pk": 13, "fields": {"name": "Can add user", "content_type": 4, "codename": "add_user"}}, {"model": "auth.permission", "pk": 14, "fields": {"name": "Can change user", "content_type": 4, "codename": "change_user"}}, {"model": "auth.permission", "pk": 15, "fields": {"name": "Can delete user", "content_type": 4, "codename": "delete_user"}}, {"model": "auth.permission", "pk": 16, "fields": {"name": "Can view user", "content_type": 4, "codename": "view_user"}}, {"model": "auth.permission", "pk": 17, "fields": {"name": "Can add content type", "content_type": 5, "codename": "add_contenttype"}}, {"model": "auth.permission", "pk": 18, "fields": {"name": "Can change content type", "content_type": 5, "codename": "change_contenttype"}}, {"model": "auth.permission", "pk": 19, "fields": {"name": "Can delete content type", "content_type": 5, "codename": "delete_contenttype"}}, {"model": "auth.permission", "pk": 20, "fields": {"name": "Can view content type", "content_type": 5, "codename": "view_contenttype"}}, {"model": "auth.permission", "pk": 21, "fields": {"name": "Can add session", "content_type": 6, "codename": "add_session"}}, {"model": "auth.permission", "pk": 22, "fields": {"name": "Can change session", "content_type": 6, "codename": "change_session"}}, {"model": "auth.permission", "pk": 23, "fields": {"name": "Can delete session", "content_type": 6, "codename": "delete_session"}}, {"model": "auth.permission", "pk": 24, "fields": {"name": "Can view session", "content_type": 6, "codename": "view_session"}}, {"model": "auth.permission", "pk": 25, "fields": {"name": "Can add blacklisted token", "content_type": 7, "codename": "add_blacklistedtoken"}}, {"model": "auth.permission", "pk": 26, "fields": {"name": "Can change blacklisted token", "content_type": 7, "codename": "change_blacklistedtoken"}}, {"model": "auth.permission", "pk": 27, "fields": {"name": "Can delete blacklisted token", "content_type": 7, "codename": "delete_blacklistedtoken"}}, {"model": "auth.permission", "pk": 28, "fields": {"name": "Can view blacklisted token", "content_type": 7, "codename": "view_blacklistedtoken"}}, {"model": "auth.permission", "pk": 29, "fields": {"name": "Can add outstanding token", "content_type": 8, "codename": "add_outstandingtoken"}}, {"model": "auth.permission", "pk": 30, "fields": {"name": "Can change outstanding token", "content_type": 8, "codename": "change_outstandingtoken"}}, {"model": "auth.permission", "pk": 31, "fields": {"name": "Can delete outstanding token", "content_type": 8, "codename": "delete_outstandingtoken"}}, {"model": "auth.permission", "pk": 32, "fields": {"name": "Can view outstanding token", "content_type": 8, "codename": "view_outstandingtoken"}}, {"model": "auth.permission", "pk": 33, "fields": {"name": "Can add chapter", "content_type": 9, "codename": "add_chapter"}}, {"model": "auth.permission", "pk": 34, "fields": {"name": "Can change chapter", "content_type": 9, "codename": "change_chapter"}}, {"model": "auth.permission", "pk": 35, "fields": {"name": "Can delete chapter", "content_type": 9, "codename": "delete_chapter"}}, {"model": "auth.permission", "pk": 36, "fields": {"name": "Can view chapter", "content_type": 9, "codename": "view_chapter"}}, {"model": "auth.permission", "pk": 37, "fields": {"name": "Can add exercise", "content_type": 10, "codename": "add_exercise"}}, {"model": "auth.permission", "pk": 38, "fields": {"name": "Can change exercise", "content_type": 10, "codename": "change_exercise"}}, {"model": "auth.permission", "pk": 39, "fields": {"name": "Can delete exercise", "content_type": 10, "codename": "delete_exercise"}}, {"model": "auth.permission", "pk": 40, "fields": {"name": "Can view exercise", "content_type": 10, "codename": "view_exercise"}}, {"model": "auth.permission", "pk": 41, "fields": {"name": "Can add level", "content_type": 11, "codename": "add_level"}}, {"model": "auth.permission", "pk": 42, "fields": {"name": "Can change level", "content_type": 11, "codename": "change_level"}}, {"model": "auth.permission", "pk": 43, "fields": {"name": "Can delete level", "content_type": 11, "codename": "delete_level"}}, {"model": "auth.permission", "pk": 44, "fields": {"name": "Can view level", "content_type": 11, "codename": "view_level"}}, {"model": "auth.permission", "pk": 45, "fields": {"name": "Can add reactive", "content_type": 12, "codename": "add_reactive"}}, {"model": "auth.permission", "pk": 46, "fields": {"name": "Can change reactive", "content_type": 12, "codename": "change_reactive"}}, {"model": "auth.permission", "pk": 47, "fields": {"name": "Can delete reactive", "content_type": 12, "codename": "delete_reactive"}}, {"model": "auth.permission", "pk": 48, "fields": {"name": "Can view reactive", "content_type": 12, "codename": "view_reactive"}}, {"model": "auth.permission", "pk": 49, "fields": {"name": "Can add exercise_detail", "content_type": 13, "codename": "add_exercise_detail"}}, {"model": "auth.permission", "pk": 50, "fields": {"name": "Can change exercise_detail", "content_type": 13, "codename": "change_exercise_detail"}}, {"model": "auth.permission", "pk": 51, "fields": {"name": "Can delete exercise_detail", "content_type": 13, "codename": "delete_exercise_detail"}}, {"model": "auth.permission", "pk": 52, "fields": {"name": "Can view exercise_detail", "content_type": 13, "codename": "view_exercise_detail"}}, {"model": "auth.permission", "pk": 53, "fields": {"name": "Can add progress", "content_type": 14, "codename": "add_progress"}}, {"model": "auth.permission", "pk": 54, "fields": {"name": "Can change progress", "content_type": 14, "codename": "change_progress"}}, {"model": "auth.permission", "pk": 55, "fields": {"name": "Can delete progress", "content_type": 14, "codename": "delete_progress"}}, {"model": "auth.permission", "pk": 56, "fields": {"name": "Can view progress", "content_type": 14, "codename": "view_progress"}}, {"model": "auth.permission", "pk": 57, "fields": {"name": "Can add record", "content_type": 15, "codename": "add_record"}}, {"model": "auth.permission", "pk": 58, "fields": {"name": "Can change record", "content_type": 15, "codename": "change_record"}}, {"model": "auth.permission", "pk": 59, "fields": {"name": "Can delete record", "content_type": 15, "codename": "delete_record"}}, {"model": "auth.permission", "pk": 60, "fields": {"name": "Can view record", "content_type": 15, "codename": "view_record"}}, {"model": "auth.permission", "pk": 61, "fields": {"name": "Can add text_to_text", "content_type": 16, "codename": "add_text_to_text"}}, {"model": "auth.permission", "pk": 62, "fields": {"name": "Can change text_to_text", "content_type": 16, "codename": "change_text_to_text"}}, {"model": "auth.permission", "pk": 63, "fields": {"name": "Can delete text_to_text", "content_type": 16, "codename": "delete_text_to_text"}}, {"model": "auth.permission", "pk": 64, "fields": {"name": "Can view text_to_text", "content_type": 16, "codename": "view_text_to_text"}}, {"model": "auth.permission", "pk": 65, "fields": {"name": "Can add text_to_text_detail", "content_type": 17, "codename": "add_text_to_text_detail"}}, {"model": "auth.permission", "pk": 66, "fields": {"name": "Can change text_to_text_detail", "content_type": 17, "codename": "change_text_to_text_detail"}}, {"model": "auth.permission", "pk": 67, "fields": {"name": "Can delete text_to_text_detail", "content_type": 17, "codename": "delete_text_to_text_detail"}}, {"model": "auth.permission", "pk": 68, "fields": {"name": "Can view text_to_text_detail", "content_type": 17, "codename": "view_text_to_text_detail"}}, {"model": "auth.permission", "pk": 69, "fields": {"name": "Can add text_to_media", "content_type": 18, "codename": "add_text_to_media"}}, {"model": "auth.permission", "pk": 70, "fields": {"name": "Can change text_to_media", "content_type": 18, "codename": "change_text_to_media"}}, {"model": "auth.permission", "pk": 71, "fields": {"name": "Can delete text_to_media", "content_type": 18, "codename": "delete_text_to_media"}}, {"model": "auth.permission", "pk": 72, "fields": {"name": "Can view text_to_media", "content_type": 18, "codename": "view_text_to_media"}}, {"model": "auth.permission", "pk": 73, "fields": {"name": "Can add text_to_media_detail", "content_type": 19, "codename": "add_text_to_media_detail"}}, {"model": "auth.permission", "pk": 74, "fields": {"name": "Can change text_to_media_detail", "content_type": 19, "codename": "change_text_to_media_detail"}}, {"model": "auth.permission", "pk": 75, "fields": {"name": "Can delete text_to_media_detail", "content_type": 19, "codename": "delete_text_to_media_detail"}}, {"model": "auth.permission", "pk": 76, "fields": {"name": "Can view text_to_media_detail", "content_type": 19, "codename": "view_text_to_media_detail"}}, {"model": "auth.permission", "pk": 77, "fields": {"name": "Can add media_to_media", "content_type": 20, "codename": "add_media_to_media"}}, {"model": "auth.permission", "pk": 78, "fields": {"name": "Can change media_to_media", "content_type": 20, "codename": "change_media_to_media"}}, {"model": "auth.permission", "pk": 79, "fields": {"name": "Can delete media_to_media", "content_type": 20, "codename": "delete_media_to_media"}}, {"model": "auth.permission", "pk": 80, "fields": {"name": "Can view media_to_media", "content_type": 20, "codename": "view_media_to_media"}}, {"model": "auth.permission", "pk": 81, "fields": {"name": "Can add media_to_text", "content_type": 21, "codename": "add_media_to_text"}}, {"model": "auth.permission", "pk": 82, "fields": {"name": "Can change media_to_text", "content_type": 21, "codename": "change_media_to_text"}}, {"model": "auth.permission", "pk": 83, "fields": {"name": "Can delete media_to_text", "content_type": 21, "codename": "delete_media_to_text"}}, {"model": "auth.permission", "pk": 84, "fields": {"name": "Can view media_to_text", "content_type": 21, "codename": "view_media_to_text"}}, {"model": "auth.permission", "pk": 85, "fields": {"name": "Can add media_to_text_detail", "content_type": 22, "codename": "add_media_to_text_detail"}}, {"model": "auth.permission", "pk": 86, "fields": {"name": "Can change media_to_text_detail", "content_type": 22, "codename": "change_media_to_text_detail"}}, {"model": "auth.permission", "pk": 87, "fields": {"name": "Can delete media_to_text_detail", "content_type": 22, "codename": "delete_media_to_text_detail"}}, {"model": "auth.permission", "pk": 88, "fields": {"name": "Can view media_to_text_detail", "content_type": 22, "codename": "view_media_to_text_detail"}}, {"model": "auth.permission", "pk": 89, "fields": {"name": "Can add media_to_media_detail", "content_type": 23, "codename": "add_media_to_media_detail"}}, {"model": "auth.permission", "pk": 90, "fields": {"name": "Can change media_to_media_detail", "content_type": 23, "codename": "change_media_to_media_detail"}}, {"model": "auth.permission", "pk": 91, "fields": {"name": "Can delete media_to_media_detail", "content_type": 23, "codename": "delete_media_to_media_detail"}}, {"model": "auth.permission", "pk": 92, "fields": {"name": "Can view media_to_media_detail", "content_type": 23, "codename": "view_media_to_media_detail"}}, {"model": "auth.user", "pk": 1, "fields": {"password": "pbkdf2_sha256$260000$6CDlGycmvqvvsdTxrXXQR2$hjhdEC+r68zBC+ui9NYm+qXVtY1rDGzQU2xacl6VaWo=", "last_login": "2021-08-25T00:54:18.268Z", "is_superuser": true, "username": "admin", "first_name": "", "last_name": "", "email": "ahalaburda@uni.edu.py", "is_staff": true, "is_active": true, "date_joined": "2021-06-25T02:51:48.048Z", "groups": [], "user_permissions": []}}, {"model": "auth.user", "pk": 2, "fields": {"password": "pbkdf2_sha256$260000$QoZtUt7hyCjXmVACJVfyAS$YDfyo9sjHt+y9LCyKCu7H7GILlv1tZyaVRcKE/Rc8XA=", "last_login": "2021-06-25T02:53:01Z", "is_superuser": false, "username": "adrian", "first_name": "Adrian", "last_name": "Halaburda", "email": "adh761@gmail.com", "is_staff": false, "is_active": true, "date_joined": "2021-06-25T02:52:27Z", "groups": [], "user_permissions": []}}, {"model": "contenttypes.contenttype", "pk": 1, "fields": {"app_label": "admin", "model": "logentry"}}, {"model": "contenttypes.contenttype", "pk": 2, "fields": {"app_label": "auth", "model": "permission"}}, {"model": "contenttypes.contenttype", "pk": 3, "fields": {"app_label": "auth", "model": "group"}}, {"model": "contenttypes.contenttype", "pk": 4, "fields": {"app_label": "auth", "model": "user"}}, {"model": "contenttypes.contenttype", "pk": 5, "fields": {"app_label": "contenttypes", "model": "contenttype"}}, {"model": "contenttypes.contenttype", "pk": 6, "fields": {"app_label": "sessions", "model": "session"}}, {"model": "contenttypes.contenttype", "pk": 7, "fields": {"app_label": "token_blacklist", "model": "blacklistedtoken"}}, {"model": "contenttypes.contenttype", "pk": 8, "fields": {"app_label": "token_blacklist", "model": "outstandingtoken"}}, {"model": "contenttypes.contenttype", "pk": 9, "fields": {"app_label": "exercises", "model": "chapter"}}, {"model": "contenttypes.contenttype", "pk": 10, "fields": {"app_label": "exercises", "model": "exercise"}}, {"model": "contenttypes.contenttype", "pk": 11, "fields": {"app_label": "exercises", "model": "level"}}, {"model": "contenttypes.contenttype", "pk": 12, "fields": {"app_label": "exercises", "model": "reactive"}}, {"model": "contenttypes.contenttype", "pk": 13, "fields": {"app_label": "exercises", "model": "exercise_detail"}}, {"model": "contenttypes.contenttype", "pk": 14, "fields": {"app_label": "progress", "model": "progress"}}, {"model": "contenttypes.contenttype", "pk": 15, "fields": {"app_label": "progress", "model": "record"}}, {"model": "contenttypes.contenttype", "pk": 16, "fields": {"app_label": "reactives", "model": "text_to_text"}}, {"model": "contenttypes.contenttype", "pk": 17, "fields": {"app_label": "reactives", "model": "text_to_text_detail"}}, {"model": "contenttypes.contenttype", "pk": 18, "fields": {"app_label": "reactives", "model": "text_to_media"}}, {"model": "contenttypes.contenttype", "pk": 19, "fields": {"app_label": "reactives", "model": "text_to_media_detail"}}, {"model": "contenttypes.contenttype", "pk": 20, "fields": {"app_label": "reactives", "model": "media_to_media"}}, {"model": "contenttypes.contenttype", "pk": 21, "fields": {"app_label": "reactives", "model": "media_to_text"}}, {"model": "contenttypes.contenttype", "pk": 22, "fields": {"app_label": "reactives", "model": "media_to_text_detail"}}, {"model": "contenttypes.contenttype", "pk": 23, "fields": {"app_label": "reactives", "model": "media_to_media_detail"}}, {"model": "sessions.session", "pk": "a14zjhfsndds1a0uuqpittjcx71qgf4p", "fields": {"session_data": ".eJxVjEEOgjAQRe_StWk6tAyOS_ecoZnptIIaSCisjHdXEha6_e-9_zKRt3WIW81LHNVcDJjT7yacHnnagd55us02zdO6jGJ3xR602n7W_Lwe7t_BwHX41oVadl4gYIEA0IRCnSPhs3RdAIfqW9AgjhE8JvJEKt6lTAUbQGXz_gC6dzcH:1lwbwu:QYpmf7qwnbEZZdvkw8sZ-bdtuz-sRFlxkImAcbSvjpg", "expire_date": "2021-07-09T02:52:08.932Z"}}, {"model": "sessions.session", "pk": "gpgsdbla0hcas3q5o28wicp5d7u4pvgb", "fields": {"session_data": ".eJxVjEEOgjAQRe_StWk6tAyOS_ecoZnptIIaSCisjHdXEha6_e-9_zKRt3WIW81LHNVcDJjT7yacHnnagd55us02zdO6jGJ3xR602n7W_Lwe7t_BwHX41oVadl4gYIEA0IRCnSPhs3RdAIfqW9AgjhE8JvJEKt6lTAUbQGXz_gC6dzcH:1m7N0h:gfzakXqOkA09xHND4PGitufBeygI6mRbBIA3GMdYPYg", "expire_date": "2021-08-07T19:08:31.175Z"}}, {"model": "sessions.session", "pk": "jzgza9bn66m9zdo39onq3p9bieb5f5fr", "fields": {"session_data": ".eJxVjEEOgjAQRe_StWk6tAyOS_ecoZnptIIaSCisjHdXEha6_e-9_zKRt3WIW81LHNVcDJjT7yacHnnagd55us02zdO6jGJ3xR602n7W_Lwe7t_BwHX41oVadl4gYIEA0IRCnSPhs3RdAIfqW9AgjhE8JvJEKt6lTAUbQGXz_gC6dzcH:1m9GHp:kKkvAmUrUqPWBXg2CuKt7q1tSdAGp56v36bucwTLA9g", "expire_date": "2021-08-13T00:22:01.119Z"}}, {"model": "sessions.session", "pk": "k60dvfbudwfxpm4alhekj84otf53xsoi", "fields": {"session_data": ".eJxVjEEOgjAQRe_StWk6tAyOS_ecoZnptIIaSCisjHdXEha6_e-9_zKRt3WIW81LHNVcDJjT7yacHnnagd55us02zdO6jGJ3xR602n7W_Lwe7t_BwHX41oVadl4gYIEA0IRCnSPhs3RdAIfqW9AgjhE8JvJEKt6lTAUbQGXz_gC6dzcH:1mHsni:47bwf8-bUUda1u3vg4ilDmMG8TdNtD2GMkwGa-4PnHw", "expire_date": "2021-09-05T19:06:34.344Z"}}, {"model": "sessions.session", "pk": "kzsbgt3y05lujsita50q0ct8kpsem3gr", "fields": {"session_data": ".eJxVjEEOgjAQRe_StWk6tAyOS_ecoZnptIIaSCisjHdXEha6_e-9_zKRt3WIW81LHNVcDJjT7yacHnnagd55us02zdO6jGJ3xR602n7W_Lwe7t_BwHX41oVadl4gYIEA0IRCnSPhs3RdAIfqW9AgjhE8JvJEKt6lTAUbQGXz_gC6dzcH:1mHFpL:APQSMDITPZFML-JYBiB8LTDx8et2riL01Lsqv6hBc5w", "expire_date": "2021-09-04T01:29:39.440Z"}}, {"model": "sessions.session", "pk": "o6avhpwd64281mzso6m6ob5ulh3oxeox", "fields": {"session_data": ".eJxVjEEOgjAQRe_StWk6tAyOS_ecoZnptIIaSCisjHdXEha6_e-9_zKRt3WIW81LHNVcDJjT7yacHnnagd55us02zdO6jGJ3xR602n7W_Lwe7t_BwHX41oVadl4gYIEA0IRCnSPhs3RdAIfqW9AgjhE8JvJEKt6lTAUbQGXz_gC6dzcH:1mCXWB:25WG6SAUvyOADezFEIlCneCj44iwxoL0cFbKYq8UUyo", "expire_date": "2021-08-22T01:22:23.770Z"}}, {"model": "sessions.session", "pk": "pkic3k0u2305zsdvcm4gihni7uls0x1y", "fields": {"session_data": ".eJxVjEEOgjAQRe_StWk6tAyOS_ecoZnptIIaSCisjHdXEha6_e-9_zKRt3WIW81LHNVcDJjT7yacHnnagd55us02zdO6jGJ3xR602n7W_Lwe7t_BwHX41oVadl4gYIEA0IRCnSPhs3RdAIfqW9AgjhE8JvJEKt6lTAUbQGXz_gC6dzcH:1mHyLd:ruOJtcExJ1RUXOk5FRQSm4cNwpeuTBWLvbtC8ch-2TI", "expire_date": "2021-09-06T01:01:57.114Z"}}, {"model": "sessions.session", "pk": "qx6y8lqzoisvlzst58d18fpqbgnu2u01", "fields": {"session_data": ".eJxVjEEOgjAQRe_StWk6tAyOS_ecoZnptIIaSCisjHdXEha6_e-9_zKRt3WIW81LHNVcDJjT7yacHnnagd55us02zdO6jGJ3xR602n7W_Lwe7t_BwHX41oVadl4gYIEA0IRCnSPhs3RdAIfqW9AgjhE8JvJEKt6lTAUbQGXz_gC6dzcH:1mHsiO:Z4XKq3OB-KflFL15UR2TuBDnLCnupuVIIMjkZBHnbyk", "expire_date": "2021-09-05T19:01:04.500Z"}}, {"model": "sessions.session", "pk": "wgkdmifag4fnasjgnpx2mfh8w0bh9dkv", "fields": {"session_data": ".eJxVjEEOgjAQRe_StWk6tAyOS_ecoZnptIIaSCisjHdXEha6_e-9_zKRt3WIW81LHNVcDJjT7yacHnnagd55us02zdO6jGJ3xR602n7W_Lwe7t_BwHX41oVadl4gYIEA0IRCnSPhs3RdAIfqW9AgjhE8JvJEKt6lTAUbQGXz_gC6dzcH:1m2KLi:L5ArAZX1jwubWxc_69LzVE4N2myr-y2oktu9m4wyS98", "expire_date": "2021-07-24T21:17:22.741Z"}}, {"model": "sessions.session", "pk": "whcgzz6m9ljdsgfi4nn5qq3mgr3iqunf", "fields": {"session_data": ".eJxVjEEOgjAQRe_StWk6tAyOS_ecoZnptIIaSCisjHdXEha6_e-9_zKRt3WIW81LHNVcDJjT7yacHnnagd55us02zdO6jGJ3xR602n7W_Lwe7t_BwHX41oVadl4gYIEA0IRCnSPhs3RdAIfqW9AgjhE8JvJEKt6lTAUbQGXz_gC6dzcH:1mIKC0:7PEuE7RNYaxMZ45_Ck7di3M_BGa_qDDX42HWv9d59ZI", "expire_date": "2021-09-07T00:21:28.294Z"}}, {"model": "sessions.session", "pk": "wnwfmjltzse15xp2y406gikf72kpahwt", "fields": {"session_data": ".eJxVjEEOgjAQRe_StWk6tAyOS_ecoZnptIIaSCisjHdXEha6_e-9_zKRt3WIW81LHNVcDJjT7yacHnnagd55us02zdO6jGJ3xR602n7W_Lwe7t_BwHX41oVadl4gYIEA0IRCnSPhs3RdAIfqW9AgjhE8JvJEKt6lTAUbQGXz_gC6dzcH:1mIhBK:j9mjs0dywicgBmkOy8NTmumyDQtW3advgBjpWoYI1xQ", "expire_date": "2021-09-08T00:54:18.276Z"}}, {"model": "sessions.session", "pk": "woh875cw27rcx5slo7xhfv9tt1nl40ux", "fields": {"session_data": ".eJxVjEEOgjAQRe_StWk6tAyOS_ecoZnptIIaSCisjHdXEha6_e-9_zKRt3WIW81LHNVcDJjT7yacHnnagd55us02zdO6jGJ3xR602n7W_Lwe7t_BwHX41oVadl4gYIEA0IRCnSPhs3RdAIfqW9AgjhE8JvJEKt6lTAUbQGXz_gC6dzcH:1m8aBA:DjLmzjTfQgtAhuTiZLX5E5Np72wWC9EeF8kzCm9YbcY", "expire_date": "2021-08-11T03:24:20.474Z"}}, {"model": "exercises.level", "pk": 1, "fields": {"description": "Principiante", "active": true}}, {"model": "exercises.level", "pk": 2, "fields": {"description": "Intermedio", "active": true}}, {"model": "exercises.level", "pk": 3, "fields": {"description": "Avanzado", "active": true}}, {"model": "exercises.chapter", "pk": 1, "fields": {"level_id": 1, "description": "Capitulo - 1.A", "active": true, "chapter_image": ""}}, {"model": "exercises.chapter", "pk": 2, "fields": {"level_id": 1, "description": "Capitulo - 1.B", "active": true, "chapter_image": ""}}, {"model": "exercises.chapter", "pk": 3, "fields": {"level_id": 1, "description": "Capitulo - 1.C", "active": true, "chapter_image": ""}}, {"model": "exercises.chapter", "pk": 4, "fields": {"level_id": 1, "description": "Capitulo - 1.D", "active": true, "chapter_image": ""}}, {"model": "exercises.chapter", "pk": 5, "fields": {"level_id": 1, "description": "Capitulo - 2.A", "active": true, "chapter_image": ""}}, {"model": "exercises.chapter", "pk": 6, "fields": {"level_id": 1, "description": "Capitulo - 2.B", "active": true, "chapter_image": ""}}, {"model": "exercises.chapter", "pk": 7, "fields": {"level_id": 1, "description": "Capitulo - 2.C", "active": true, "chapter_image": ""}}, {"model": "exercises.chapter", "pk": 8, "fields": {"level_id": 1, "description": "Capitulo - 3.A", "active": true, "chapter_image": ""}}, {"model": "exercises.chapter", "pk": 9, "fields": {"level_id": 1, "description": "Capitulo - 3.B", "active": true, "chapter_image": ""}}, {"model": "exercises.chapter", "pk": 10, "fields": {"level_id": 1, "description": "Capitulo - 3.C", "active": true, "chapter_image": ""}}, {"model": "exercises.reactive", "pk": 1, "fields": {"description": "Audio / Hablar", "active": true}}, {"model": "exercises.reactive", "pk": 2, "fields": {"description": "Audio/ Completar Oracion", "active": true}}, {"model": "exercises.reactive", "pk": 3, "fields": {"description": "Audio/ Seleccionar Texto", "active": true}}, {"model": "exercises.reactive", "pk": 4, "fields": {"description": "Audio / Seleccionar Audio", "active": true}}, {"model": "exercises.reactive", "pk": 5, "fields": {"description": "Audio / Seleccionar Imagen", "active": true}}, {"model": "exercises.reactive", "pk": 6, "fields": {"description": "Texto / Seleccionar Imagen", "active": true}}, {"model": "exercises.reactive", "pk": 7, "fields": {"description": "Texto / Seleccionar Texto", "active": true}}, {"model": "exercises.reactive", "pk": 8, "fields": {"description": "Texto /  Completar Oracion", "active": true}}, {"model": "exercises.reactive", "pk": 9, "fields": {"description": "Texto / Seleccionar Audio", "active": true}}, {"model": "exercises.reactive", "pk": 10, "fields": {"description": "Imagen / Seleccionar Texto", "active": true}}, {"model": "exercises.reactive", "pk": 11, "fields": {"description": "Imagen / Completar Oracion", "active": true}}, {"model": "exercises.reactive", "pk": 12, "fields": {"description": "Imagen / Seleccionar Audio", "active": true}}, {"model": "exercises.exercise", "pk": 1, "fields": {"chapter_id": 1, "description": "Ejercicios - 1.A", "active": true}}, {"model": "exercises.exercise", "pk": 2, "fields": {"chapter_id": 2, "description": "Ejercitario - 1.B", "active": true}}, {"model": "exercises.exercise", "pk": 3, "fields": {"chapter_id": 3, "description": "Ejercitario - 1.C", "active": true}}, {"model": "exercises.exercise", "pk": 4, "fields": {"chapter_id": 4, "description": "Ejercitario - 1.D", "active": true}}, {"model": "exercises.exercise", "pk": 5, "fields": {"chapter_id": 5, "description": "Ejercitario - 2.A", "active": true}}, {"model": "exercises.exercise", "pk": 6, "fields": {"chapter_id": 6, "description": "Ejercitario - 2.B", "active": true}}, {"model": "exercises.exercise", "pk": 7, "fields": {"chapter_id": 7, "description": "Ejercitario - 2.C", "active": true}}, {"model": "exercises.exercise", "pk": 8, "fields": {"chapter_id": 8, "description": "Ejercitario - 3.A", "active": true}}, {"model": "exercises.exercise", "pk": 9, "fields": {"chapter_id": 9, "description": "Ejercitario - 3.B", "active": true}}, {"model": "exercises.exercise", "pk": 10, "fields": {"chapter_id": 10, "description": "Ejercitario - 3.C", "active": true}}, {"model": "exercises.exercise_detail", "pk": 1, "fields": {"exercise_id": 1, "reactive_id": 1, "exercise_id_Text_to_text": null, "exercise_id_Text_to_media": null, "exercise_id_Media_to_text": null, "exercise_id_Media_to_media": 1, "order": 1, "experience": 100, "active": true}}, {"model": "exercises.exercise_detail", "pk": 2, "fields": {"exercise_id": 1, "reactive_id": 1, "exercise_id_Text_to_text": null, "exercise_id_Text_to_media": null, "exercise_id_Media_to_text": null, "exercise_id_Media_to_media": 2, "order": 2, "experience": 100, "active": true}}, {"model": "exercises.exercise_detail", "pk": 3, "fields": {"exercise_id": 1, "reactive_id": 1, "exercise_id_Text_to_text": null, "exercise_id_Text_to_media": null, "exercise_id_Media_to_text": null, "exercise_id_Media_to_media": 3, "order": 3, "experience": 100, "active": true}}, {"model": "exercises.exercise_detail", "pk": 4, "fields": {"exercise_id": 1, "reactive_id": 1, "exercise_id_Text_to_text": null, "exercise_id_Text_to_media": null, "exercise_id_Media_to_text": null, "exercise_id_Media_to_media": 4, "order": 4, "experience": 100, "active": true}}, {"model": "exercises.exercise_detail", "pk": 5, "fields": {"exercise_id": 1, "reactive_id": 2, "exercise_id_Text_to_text": null, "exercise_id_Text_to_media": null, "exercise_id_Media_to_text": 1, "exercise_id_Media_to_media": null, "order": 5, "experience": 100, "active": true}}, {"model": "exercises.exercise_detail", "pk": 6, "fields": {"exercise_id": 1, "reactive_id": 3, "exercise_id_Text_to_text": null, "exercise_id_Text_to_media": null, "exercise_id_Media_to_text": 2, "exercise_id_Media_to_media": null, "order": 6, "experience": 100, "active": true}}, {"model": "exercises.exercise_detail", "pk": 7, "fields": {"exercise_id": 1, "reactive_id": 2, "exercise_id_Text_to_text": null, "exercise_id_Text_to_media": null, "exercise_id_Media_to_text": 3, "exercise_id_Media_to_media": null, "order": 7, "experience": 100, "active": true}}, {"model": "exercises.exercise_detail", "pk": 8, "fields": {"exercise_id": 1, "reactive_id": 4, "exercise_id_Text_to_text": null, "exercise_id_Text_to_media": null, "exercise_id_Media_to_text": null, "exercise_id_Media_to_media": 5, "order": 8, "experience": 100, "active": true}}, {"model": "exercises.exercise_detail", "pk": 9, "fields": {"exercise_id": 1, "reactive_id": 1, "exercise_id_Text_to_text": null, "exercise_id_Text_to_media": null, "exercise_id_Media_to_text": null, "exercise_id_Media_to_media": 6, "order": 9, "experience": 100, "active": true}}, {"model": "exercises.exercise_detail", "pk": 10, "fields": {"exercise_id": 1, "reactive_id": 1, "exercise_id_Text_to_text": null, "exercise_id_Text_to_media": null, "exercise_id_Media_to_text": null, "exercise_id_Media_to_media": 7, "order": 10, "experience": 100, "active": true}}, {"model": "exercises.exercise_detail", "pk": 11, "fields": {"exercise_id": 1, "reactive_id": 1, "exercise_id_Text_to_text": null, "exercise_id_Text_to_media": null, "exercise_id_Media_to_text": null, "exercise_id_Media_to_media": 8, "order": 11, "experience": 100, "active": true}}, {"model": "exercises.exercise_detail", "pk": 12, "fields": {"exercise_id": 1, "reactive_id": 3, "exercise_id_Text_to_text": null, "exercise_id_Text_to_media": null, "exercise_id_Media_to_text": 5, "exercise_id_Media_to_media": null, "order": 12, "experience": 100, "active": true}}, {"model": "exercises.exercise_detail", "pk": 15, "fields": {"exercise_id": 1, "reactive_id": 1, "exercise_id_Text_to_text": null, "exercise_id_Text_to_media": null, "exercise_id_Media_to_text": null, "exercise_id_Media_to_media": 14, "order": 13, "experience": 100, "active": true}}, {"model": "exercises.exercise_detail", "pk": 16, "fields": {"exercise_id": 1, "reactive_id": 1, "exercise_id_Text_to_text": null, "exercise_id_Text_to_media": null, "exercise_id_Media_to_text": null, "exercise_id_Media_to_media": 15, "order": 14, "experience": 100, "active": true}}, {"model": "exercises.exercise_detail", "pk": 17, "fields": {"exercise_id": 1, "reactive_id": 1, "exercise_id_Text_to_text": null, "exercise_id_Text_to_media": null, "exercise_id_Media_to_text": null, "exercise_id_Media_to_media": 16, "order": 15, "experience": 100, "active": true}}, {"model": "exercises.exercise_detail", "pk": 18, "fields": {"exercise_id": 1, "reactive_id": 1, "exercise_id_Text_to_text": null, "exercise_id_Text_to_media": null, "exercise_id_Media_to_text": null, "exercise_id_Media_to_media": 17, "order": 16, "experience": 100, "active": true}}, {"model": "exercises.exercise_detail", "pk": 19, "fields": {"exercise_id": 1, "reactive_id": 1, "exercise_id_Text_to_text": null, "exercise_id_Text_to_media": null, "exercise_id_Media_to_text": null, "exercise_id_Media_to_media": 18, "order": 17, "experience": 100, "active": true}}, {"model": "exercises.exercise_detail", "pk": 20, "fields": {"exercise_id": 1, "reactive_id": 1, "exercise_id_Text_to_text": null, "exercise_id_Text_to_media": null, "exercise_id_Media_to_text": null, "exercise_id_Media_to_media": 19, "order": 18, "experience": 100, "active": true}}, {"model": "exercises.exercise_detail", "pk": 21, "fields": {"exercise_id": 1, "reactive_id": 5, "exercise_id_Text_to_text": null, "exercise_id_Text_to_media": null, "exercise_id_Media_to_text": null, "exercise_id_Media_to_media": 9, "order": 19, "experience": 100, "active": true}}, {"model": "exercises.exercise_detail", "pk": 22, "fields": {"exercise_id": 1, "reactive_id": 4, "exercise_id_Text_to_text": null, "exercise_id_Text_to_media": null, "exercise_id_Media_to_text": null, "exercise_id_Media_to_media": 11, "order": 20, "experience": 100, "active": true}}, {"model": "exercises.exercise_detail", "pk": 25, "fields": {"exercise_id": 1, "reactive_id": 4, "exercise_id_Text_to_text": null, "exercise_id_Text_to_media": null, "exercise_id_Media_to_text": null, "exercise_id_Media_to_media": 12, "order": 21, "experience": 100, "active": true}}, {"model": "exercises.exercise_detail", "pk": 26, "fields": {"exercise_id": 1, "reactive_id": 4, "exercise_id_Text_to_text": null, "exercise_id_Text_to_media": null, "exercise_id_Media_to_text": null, "exercise_id_Media_to_media": 13, "order": 22, "experience": 100, "active": true}}, {"model": "exercises.exercise_detail", "pk": 27, "fields": {"exercise_id": 1, "reactive_id": 6, "exercise_id_Text_to_text": null, "exercise_id_Text_to_media": 1, "exercise_id_Media_to_text": null, "exercise_id_Media_to_media": null, "order": 23, "experience": 100, "active": true}}, {"model": "exercises.exercise_detail", "pk": 28, "fields": {"exercise_id": 1, "reactive_id": 7, "exercise_id_Text_to_text": 1, "exercise_id_Text_to_media": null, "exercise_id_Media_to_text": null, "exercise_id_Media_to_media": null, "order": 24, "experience": 100, "active": true}}, {"model": "exercises.exercise_detail", "pk": 29, "fields": {"exercise_id": 1, "reactive_id": 7, "exercise_id_Text_to_text": 2, "exercise_id_Text_to_media": null, "exercise_id_Media_to_text": null, "exercise_id_Media_to_media": null, "order": 25, "experience": 100, "active": true}}, {"model": "exercises.exercise_detail", "pk": 30, "fields": {"exercise_id": 1, "reactive_id": 7, "exercise_id_Text_to_text": 3, "exercise_id_Text_to_media": null, "exercise_id_Media_to_text": null, "exercise_id_Media_to_media": null, "order": 26, "experience": 100, "active": true}}, {"model": "exercises.exercise_detail", "pk": 31, "fields": {"exercise_id": 1, "reactive_id": 8, "exercise_id_Text_to_text": 4, "exercise_id_Text_to_media": null, "exercise_id_Media_to_text": null, "exercise_id_Media_to_media": null, "order": 27, "experience": 100, "active": true}}, {"model": "exercises.exercise_detail", "pk": 32, "fields": {"exercise_id": 1, "reactive_id": 8, "exercise_id_Text_to_text": 5, "exercise_id_Text_to_media": null, "exercise_id_Media_to_text": null, "exercise_id_Media_to_media": null, "order": 28, "experience": 100, "active": true}}, {"model": "exercises.exercise_detail", "pk": 33, "fields": {"exercise_id": 1, "reactive_id": 8, "exercise_id_Text_to_text": 6, "exercise_id_Text_to_media": null, "exercise_id_Media_to_text": null, "exercise_id_Media_to_media": null, "order": 29, "experience": 100, "active": true}}, {"model": "exercises.exercise_detail", "pk": 34, "fields": {"exercise_id": 1, "reactive_id": 8, "exercise_id_Text_to_text": 7, "exercise_id_Text_to_media": null, "exercise_id_Media_to_text": null, "exercise_id_Media_to_media": null, "order": 30, "experience": 100, "active": true}}, {"model": "exercises.exercise_detail", "pk": 35, "fields": {"exercise_id": 1, "reactive_id": 8, "exercise_id_Text_to_text": 8, "exercise_id_Text_to_media": null, "exercise_id_Media_to_text": null, "exercise_id_Media_to_media": null, "order": 31, "experience": 100, "active": true}}, {"model": "exercises.exercise_detail", "pk": 36, "fields": {"exercise_id": 1, "reactive_id": 7, "exercise_id_Text_to_text": 9, "exercise_id_Text_to_media": null, "exercise_id_Media_to_text": null, "exercise_id_Media_to_media": null, "order": 32, "experience": 100, "active": true}}, {"model": "exercises.exercise_detail", "pk": 37, "fields": {"exercise_id": 1, "reactive_id": 7, "exercise_id_Text_to_text": 10, "exercise_id_Text_to_media": null, "exercise_id_Media_to_text": null, "exercise_id_Media_to_media": null, "order": 33, "experience": 100, "active": true}}, {"model": "exercises.exercise_detail", "pk": 38, "fields": {"exercise_id": 1, "reactive_id": 7, "exercise_id_Text_to_text": 11, "exercise_id_Text_to_media": null, "exercise_id_Media_to_text": null, "exercise_id_Media_to_media": null, "order": 34, "experience": 100, "active": true}}, {"model": "exercises.exercise_detail", "pk": 39, "fields": {"exercise_id": 1, "reactive_id": 7, "exercise_id_Text_to_text": 12, "exercise_id_Text_to_media": null, "exercise_id_Media_to_text": null, "exercise_id_Media_to_media": null, "order": 35, "experience": 100, "active": true}}, {"model": "exercises.exercise_detail", "pk": 40, "fields": {"exercise_id": 3, "reactive_id": 7, "exercise_id_Text_to_text": 13, "exercise_id_Text_to_media": null, "exercise_id_Media_to_text": null, "exercise_id_Media_to_media": null, "order": 1, "experience": 100, "active": true}}, {"model": "exercises.exercise_detail", "pk": 41, "fields": {"exercise_id": 3, "reactive_id": 7, "exercise_id_Text_to_text": 14, "exercise_id_Text_to_media": null, "exercise_id_Media_to_text": null, "exercise_id_Media_to_media": null, "order": 2, "experience": 100, "active": true}}, {"model": "exercises.exercise_detail", "pk": 42, "fields": {"exercise_id": 3, "reactive_id": 7, "exercise_id_Text_to_text": 15, "exercise_id_Text_to_media": null, "exercise_id_Media_to_text": null, "exercise_id_Media_to_media": null, "order": 3, "experience": 100, "active": true}}, {"model": "exercises.exercise_detail", "pk": 43, "fields": {"exercise_id": 3, "reactive_id": 8, "exercise_id_Text_to_text": 16, "exercise_id_Text_to_media": null, "exercise_id_Media_to_text": null, "exercise_id_Media_to_media": null, "order": 4, "experience": 100, "active": true}}, {"model": "exercises.exercise_detail", "pk": 44, "fields": {"exercise_id": 3, "reactive_id": 8, "exercise_id_Text_to_text": 17, "exercise_id_Text_to_media": null, "exercise_id_Media_to_text": null, "exercise_id_Media_to_media": null, "order": 5, "experience": 100, "active": true}}, {"model": "exercises.exercise_detail", "pk": 45, "fields": {"exercise_id": 3, "reactive_id": 6, "exercise_id_Text_to_text": null, "exercise_id_Text_to_media": 2, "exercise_id_Media_to_text": null, "exercise_id_Media_to_media": null, "order": 6, "experience": 100, "active": true}}, {"model": "exercises.exercise_detail", "pk": 46, "fields": {"exercise_id": 3, "reactive_id": 6, "exercise_id_Text_to_text": null, "exercise_id_Text_to_media": 3, "exercise_id_Media_to_text": null, "exercise_id_Media_to_media": null, "order": 7, "experience": 100, "active": true}}, {"model": "exercises.exercise_detail", "pk": 47, "fields": {"exercise_id": 3, "reactive_id": 3, "exercise_id_Text_to_text": null, "exercise_id_Text_to_media": null, "exercise_id_Media_to_text": 13, "exercise_id_Media_to_media": null, "order": 8, "experience": 100, "active": true}}, {"model": "exercises.exercise_detail", "pk": 48, "fields": {"exercise_id": 3, "reactive_id": 5, "exercise_id_Text_to_text": null, "exercise_id_Text_to_media": null, "exercise_id_Media_to_text": null, "exercise_id_Media_to_media": 20, "order": 9, "experience": 100, "active": true}}, {"model": "exercises.exercise_detail", "pk": 49, "fields": {"exercise_id": 5, "reactive_id": 8, "exercise_id_Text_to_text": 18, "exercise_id_Text_to_media": null, "exercise_id_Media_to_text": null, "exercise_id_Media_to_media": null, "order": 1, "experience": 100, "active": true}}, {"model": "exercises.exercise_detail", "pk": 50, "fields": {"exercise_id": 5, "reactive_id": 3, "exercise_id_Text_to_text": null, "exercise_id_Text_to_media": null, "exercise_id_Media_to_text": 14, "exercise_id_Media_to_media": null, "order": 2, "experience": 100, "active": true}}, {"model": "exercises.exercise_detail", "pk": 51, "fields": {"exercise_id": 5, "reactive_id": 6, "exercise_id_Text_to_text": null, "exercise_id_Text_to_media": 5, "exercise_id_Media_to_text": null, "exercise_id_Media_to_media": null, "order": 3, "experience": 100, "active": true}}, {"model": "exercises.exercise_detail", "pk": 52, "fields": {"exercise_id": 5, "reactive_id": 4, "exercise_id_Text_to_text": null, "exercise_id_Text_to_media": null, "exercise_id_Media_to_text": null, "exercise_id_Media_to_media": 21, "order": 4, "experience": 100, "active": true}}, {"model": "exercises.exercise_detail", "pk": 53, "fields": {"exercise_id": 5, "reactive_id": 7, "exercise_id_Text_to_text": 19, "exercise_id_Text_to_media": null, "exercise_id_Media_to_text": null, "exercise_id_Media_to_media": null, "order": 5, "experience": 100, "active": true}}, {"model": "exercises.exercise_detail", "pk": 54, "fields": {"exercise_id": 5, "reactive_id": 2, "exercise_id_Text_to_text": null, "exercise_id_Text_to_media": null, "exercise_id_Media_to_text": 15, "exercise_id_Media_to_media": null, "order": 6, "experience": 100, "active": true}}, {"model": "exercises.exercise_detail", "pk": 55, "fields": {"exercise_id": 5, "reactive_id": 10, "exercise_id_Text_to_text": null, "exercise_id_Text_to_media": null, "exercise_id_Media_to_text": 16, "exercise_id_Media_to_media": null, "order": 7, "experience": 100, "active": true}}, {"model": "exercises.exercise_detail", "pk": 56, "fields": {"exercise_id": 5, "reactive_id": 7, "exercise_id_Text_to_text": 20, "exercise_id_Text_to_media": null, "exercise_id_Media_to_text": null, "exercise_id_Media_to_media": null, "order": 8, "experience": 100, "active": true}}, {"model": "exercises.exercise_detail", "pk": 57, "fields": {"exercise_id": 5, "reactive_id": 6, "exercise_id_Text_to_text": null, "exercise_id_Text_to_media": 7, "exercise_id_Media_to_text": null, "exercise_id_Media_to_media": null, "order": 9, "experience": 100, "active": true}}, {"model": "exercises.exercise_detail", "pk": 58, "fields": {"exercise_id": 5, "reactive_id": 4, "exercise_id_Text_to_text": null, "exercise_id_Text_to_media": null, "exercise_id_Media_to_text": null, "exercise_id_Media_to_media": 22, "order": 10, "experience": 100, "active": true}}, {"model": "exercises.exercise_detail", "pk": 59, "fields": {"exercise_id": 5, "reactive_id": 8, "exercise_id_Text_to_text": 21, "exercise_id_Text_to_media": null, "exercise_id_Media_to_text": null, "exercise_id_Media_to_media": null, "order": 11, "experience": 100, "active": true}}, {"model": "exercises.exercise_detail", "pk": 60, "fields": {"exercise_id": 5, "reactive_id": 3, "exercise_id_Text_to_text": null, "exercise_id_Text_to_media": null, "exercise_id_Media_to_text": 17, "exercise_id_Media_to_media": null, "order": 12, "experience": 100, "active": true}}, {"model": "exercises.exercise_detail", "pk": 61, "fields": {"exercise_id": 5, "reactive_id": 10, "exercise_id_Text_to_text": null, "exercise_id_Text_to_media": null, "exercise_id_Media_to_text": 18, "exercise_id_Media_to_media": null, "order": 13, "experience": 100, "active": true}}, {"model": "exercises.exercise_detail", "pk": 62, "fields": {"exercise_id": 5, "reactive_id": 6, "exercise_id_Text_to_text": null, "exercise_id_Text_to_media": 8, "exercise_id_Media_to_text": null, "exercise_id_Media_to_media": null, "order": 14, "experience": 100, "active": true}}, {"model": "exercises.exercise_detail", "pk": 63, "fields": {"exercise_id": 5, "reactive_id": 7, "exercise_id_Text_to_text": 22, "exercise_id_Text_to_media": null, "exercise_id_Media_to_text": null, "exercise_id_Media_to_media": null, "order": 15, "experience": 100, "active": true}}, {"model": "exercises.exercise_detail", "pk": 64, "fields": {"exercise_id": 5, "reactive_id": 10, "exercise_id_Text_to_text": null, "exercise_id_Text_to_media": null, "exercise_id_Media_to_text": 19, "exercise_id_Media_to_media": null, "order": 16, "experience": 100, "active": true}}, {"model": "exercises.exercise_detail", "pk": 65, "fields": {"exercise_id": 5, "reactive_id": 3, "exercise_id_Text_to_text": null, "exercise_id_Text_to_media": null, "exercise_id_Media_to_text": 20, "exercise_id_Media_to_media": null, "order": 17, "experience": 100, "active": true}}, {"model": "exercises.exercise_detail", "pk": 66, "fields": {"exercise_id": 5, "reactive_id": 5, "exercise_id_Text_to_text": null, "exercise_id_Text_to_media": null, "exercise_id_Media_to_text": null, "exercise_id_Media_to_media": 23, "order": 18, "experience": 100, "active": true}}, {"model": "exercises.exercise_detail", "pk": 67, "fields": {"exercise_id": 5, "reactive_id": 4, "exercise_id_Text_to_text": null, "exercise_id_Text_to_media": null, "exercise_id_Media_to_text": null, "exercise_id_Media_to_media": 24, "order": 19, "experience": 100, "active": true}}, {"model": "exercises.exercise_detail", "pk": 68, "fields": {"exercise_id": 5, "reactive_id": 3, "exercise_id_Text_to_text": null, "exercise_id_Text_to_media": null, "exercise_id_Media_to_text": 21, "exercise_id_Media_to_media": null, "order": 20, "experience": 100, "active": true}}, {"model": "reactives.text_to_text", "pk": 1, "fields": {"description": "", "question": "Mba’éichapa Sara.", "active": true}}, {"model": "reactives.text_to_text", "pk": 2, "fields": {"description": "", "question": "Tereguaheporaite", "active": true}}, {"model": "reactives.text_to_text", "pk": 3, "fields": {"description": "", "question": "Mba’éichapa Sara.", "active": true}}, {"model": "reactives.text_to_text", "pk": 4, "fields": {"description": "", "question": "Mba’eteko. INPUT cheréra Nicolas, ha INPUT", "active": true}}, {"model": "reactives.text_to_text", "pk": 5, "fields": {"description": "", "question": "INPUT cheréra Antonio.", "active": true}}, {"model": "reactives.text_to_text", "pk": 6, "fields": {"description": "", "question": "Maitei. INPUT piko Jazmín.", "active": true}}, {"model": "reactives.text_to_text", "pk": 7, "fields": {"description": "", "question": "Mba’éichapa INPUT réra Luis. Ha  INPUT  .", "active": true}}, {"model": "reactives.text_to_text", "pk": 8, "fields": {"description": "", "question": "Mba’eteko INPUT Kape. Mba’éicha  INPUT réra  .", "active": true}}, {"model": "reactives.text_to_text", "pk": 9, "fields": {"description": "", "question": "¿Cómo se dice “hola” en Guaraní? -  How do you say “hola” in gu", "active": true}}, {"model": "reactives.text_to_text", "pk": 10, "fields": {"description": "", "question": "¿Cómo se dice “muy bien” en Guaraní? -  How do you say “muy", "active": true}}, {"model": "reactives.text_to_text", "pk": 11, "fields": {"description": "", "question": "¿Cómo se dice “Cheréra Ana” en Castellano? -  How do yo", "active": true}}, {"model": "reactives.text_to_text", "pk": 12, "fields": {"description": "", "question": "¿Cómo se dice “Tu nombre es Ruth” en Guaraní? -  H", "active": true}}, {"model": "reactives.text_to_text", "pk": 13, "fields": {"description": "", "question": "Moôguápa nde? /De dónde eres?/Where are you from?", "active": true}}, {"model": "reactives.text_to_text", "pk": 14, "fields": {"description": "", "question": "Moõguápa ha'e /¿De dónde es él?/ Where is he from?", "active": true}}, {"model": "reactives.text_to_text", "pk": 15, "fields": {"description": "", "question": "Moõguápa ha'ekuéra/ ¿De dónde son ellos?/ Where are they from?", "active": true}}, {"model": "reactives.text_to_text", "pk": 16, "fields": {"description": "", "question": "Moõguapa José <br/>  INPUT España-gua", "active": true}}, {"model": "reactives.text_to_text", "pk": 17, "fields": {"description": "", "question": "Moõguápa Ruth <br/> INPUT Brasil-gua", "active": true}}, {"model": "reactives.text_to_text", "pk": 18, "fields": {"description": "", "question": "Mitã INPUT oho mbo’ehaópe.", "active": true}}, {"model": "reactives.text_to_text", "pk": 19, "fields": {"description": "", "question": "¿Cuál es el sustantivo que está pluralizado correctamente?", "active": true}}, {"model": "reactives.text_to_text", "pk": 20, "fields": {"description": "", "question": "¿Cómo se dice \"cocodrilo\" en guaraní?", "active": true}}, {"model": "reactives.text_to_text", "pk": 21, "fields": {"description": "", "question": "Nde reguereko ryguasu INPUT .", "active": true}}, {"model": "reactives.text_to_text", "pk": 22, "fields": {"description": "", "question": "Kóva iñakã.", "active": true}}, {"model": "reactives.text_to_text_detail", "pk": 1, "fields": {"text_to_text_id": 1, "answer": "Cheréra Lucía", "correct_answer": false}}, {"model": "reactives.text_to_text_detail", "pk": 2, "fields": {"text_to_text_id": 1, "answer": "Iporãnte", "correct_answer": true}}, {"model": "reactives.text_to_text_detail", "pk": 3, "fields": {"text_to_text_id": 1, "answer": "Aguyje", "correct_answer": false}}, {"model": "reactives.text_to_text_detail", "pk": 4, "fields": {"text_to_text_id": 2, "answer": "Maiteimi", "correct_answer": false}}, {"model": "reactives.text_to_text_detail", "pk": 5, "fields": {"text_to_text_id": 2, "answer": "Iporãnte", "correct_answer": false}}, {"model": "reactives.text_to_text_detail", "pk": 6, "fields": {"text_to_text_id": 2, "answer": "Aguyje.", "correct_answer": true}}, {"model": "reactives.text_to_text_detail", "pk": 7, "fields": {"text_to_text_id": 3, "answer": "Cheréra Lucía", "correct_answer": false}}, {"model": "reactives.text_to_text_detail", "pk": 8, "fields": {"text_to_text_id": 3, "answer": "Iporãnte", "correct_answer": true}}, {"model": "reactives.text_to_text_detail", "pk": 9, "fields": {"text_to_text_id": 3, "answer": "Aguyje", "correct_answer": false}}, {"model": "reactives.text_to_text_detail", "pk": 10, "fields": {"text_to_text_id": 4, "answer": "Che", "correct_answer": true}}, {"model": "reactives.text_to_text_detail", "pk": 11, "fields": {"text_to_text_id": 4, "answer": "nde", "correct_answer": true}}, {"model": "reactives.text_to_text_detail", "pk": 12, "fields": {"text_to_text_id": 5, "answer": "Che", "correct_answer": true}}, {"model": "reactives.text_to_text_detail", "pk": 13, "fields": {"text_to_text_id": 6, "answer": "nde", "correct_answer": true}}, {"model": "reactives.text_to_text_detail", "pk": 14, "fields": {"text_to_text_id": 7, "answer": "che", "correct_answer": true}}, {"model": "reactives.text_to_text_detail", "pk": 15, "fields": {"text_to_text_id": 7, "answer": "nde", "correct_answer": true}}, {"model": "reactives.text_to_text_detail", "pk": 16, "fields": {"text_to_text_id": 8, "answer": "che", "correct_answer": true}}, {"model": "reactives.text_to_text_detail", "pk": 17, "fields": {"text_to_text_id": 8, "answer": "nde", "correct_answer": true}}, {"model": "reactives.text_to_text_detail", "pk": 18, "fields": {"text_to_text_id": 9, "answer": "Maitei/ mba’eteko", "correct_answer": true}}, {"model": "reactives.text_to_text_detail", "pk": 19, "fields": {"text_to_text_id": 9, "answer": "Iporãnte", "correct_answer": false}}, {"model": "reactives.text_to_text_detail", "pk": 20, "fields": {"text_to_text_id": 9, "answer": "Aguyje", "correct_answer": false}}, {"model": "reactives.text_to_text_detail", "pk": 21, "fields": {"text_to_text_id": 10, "answer": "Mbaeteko", "correct_answer": false}}, {"model": "reactives.text_to_text_detail", "pk": 22, "fields": {"text_to_text_id": 10, "answer": "Aguyje", "correct_answer": false}}, {"model": "reactives.text_to_text_detail", "pk": 23, "fields": {"text_to_text_id": 10, "answer": "Iporã /  Iporãnte / Iporãiterei / Iporãmínte.", "correct_answer": true}}, {"model": "reactives.text_to_text_detail", "pk": 24, "fields": {"text_to_text_id": 11, "answer": "Gracias Ana", "correct_answer": false}}, {"model": "reactives.text_to_text_detail", "pk": 25, "fields": {"text_to_text_id": 11, "answer": "Mi nombre es Ana", "correct_answer": true}}, {"model": "reactives.text_to_text_detail", "pk": 26, "fields": {"text_to_text_id": 11, "answer": "Hola Ana", "correct_answer": false}}, {"model": "reactives.text_to_text_detail", "pk": 27, "fields": {"text_to_text_id": 12, "answer": "Aguyje Ruth", "correct_answer": false}}, {"model": "reactives.text_to_text_detail", "pk": 28, "fields": {"text_to_text_id": 12, "answer": "Maitei Ruth", "correct_answer": false}}, {"model": "reactives.text_to_text_detail", "pk": 29, "fields": {"text_to_text_id": 12, "answer": "Nderéra Ruth", "correct_answer": true}}, {"model": "reactives.text_to_text_detail", "pk": 30, "fields": {"text_to_text_id": 13, "answer": "Che Paraguáigua", "correct_answer": true}}, {"model": "reactives.text_to_text_detail", "pk": 31, "fields": {"text_to_text_id": 13, "answer": "Che Paraguáire", "correct_answer": false}}, {"model": "reactives.text_to_text_detail", "pk": 32, "fields": {"text_to_text_id": 13, "answer": "Che Paraguáirã", "correct_answer": false}}, {"model": "reactives.text_to_text_detail", "pk": 33, "fields": {"text_to_text_id": 14, "answer": "Ha´e Españare", "correct_answer": false}}, {"model": "reactives.text_to_text_detail", "pk": 34, "fields": {"text_to_text_id": 14, "answer": "Ha´e Españagua", "correct_answer": true}}, {"model": "reactives.text_to_text_detail", "pk": 35, "fields": {"text_to_text_id": 14, "answer": "Ha´e Españarã", "correct_answer": false}}, {"model": "reactives.text_to_text_detail", "pk": 36, "fields": {"text_to_text_id": 15, "answer": "Ha´ekuéra Franciarã", "correct_answer": false}}, {"model": "reactives.text_to_text_detail", "pk": 37, "fields": {"text_to_text_id": 15, "answer": "Ha´ekuéra Franciare", "correct_answer": false}}, {"model": "reactives.text_to_text_detail", "pk": 38, "fields": {"text_to_text_id": 15, "answer": "Ha´ekuéra Franciagua", "correct_answer": true}}, {"model": "reactives.text_to_text_detail", "pk": 39, "fields": {"text_to_text_id": 16, "answer": "Ha'e", "correct_answer": true}}, {"model": "reactives.text_to_text_detail", "pk": 41, "fields": {"text_to_text_id": 17, "answer": "Ha'e", "correct_answer": true}}, {"model": "reactives.text_to_text_detail", "pk": 42, "fields": {"text_to_text_id": 18, "answer": "nguéra", "correct_answer": true}}, {"model": "reactives.text_to_text_detail", "pk": 43, "fields": {"text_to_text_id": 19, "answer": "Kuñakuéra", "correct_answer": false}}, {"model": "reactives.text_to_text_detail", "pk": 44, "fields": {"text_to_text_id": 19, "answer": "Kuña'i", "correct_answer": false}}, {"model": "reactives.text_to_text_detail", "pk": 45, "fields": {"text_to_text_id": 19, "answer": "Kuñanguéra", "correct_answer": true}}, {"model": "reactives.text_to_text_detail", "pk": 46, "fields": {"text_to_text_id": 20, "answer": "Ka'i", "correct_answer": false}}, {"model": "reactives.text_to_text_detail", "pk": 47, "fields": {"text_to_text_id": 20, "answer": "Jakare", "correct_answer": true}}, {"model": "reactives.text_to_text_detail", "pk": 48, "fields": {"text_to_text_id": 20, "answer": "Tukã", "correct_answer": false}}, {"model": "reactives.text_to_text_detail", "pk": 49, "fields": {"text_to_text_id": 21, "answer": "eta", "correct_answer": true}}, {"model": "reactives.text_to_text_detail", "pk": 50, "fields": {"text_to_text_id": 22, "answer": "Esta es su mano.", "correct_answer": false}}, {"model": "reactives.text_to_text_detail", "pk": 51, "fields": {"text_to_text_id": 22, "answer": "Este es su pie.", "correct_answer": false}}, {"model": "reactives.text_to_text_detail", "pk": 52, "fields": {"text_to_text_id": 22, "answer": "Esta es su cabeza.", "correct_answer": true}}, {"model": "reactives.text_to_media", "pk": 1, "fields": {"question": "Mba’eteko. Cheréra Pedro. Mba’éichapa Cheréra Luis", "active": true}}, {"model": "reactives.text_to_media", "pk": 2, "fields": {"question": "Ha´e España-gua", "active": true}}, {"model": "reactives.text_to_media", "pk": 3, "fields": {"question": "Ha´ekuéra Argentina-gua", "active": true}}, {"model": "reactives.text_to_media", "pk": 4, "fields": {"question": "Mbarakajakuéra", "active": true}}, {"model": "reactives.text_to_media", "pk": 5, "fields": {"question": "Mbarakajakuéra", "active": true}}, {"model": "reactives.text_to_media", "pk": 6, "fields": {"question": "Jaguaita", "active": true}}, {"model": "reactives.text_to_media", "pk": 7, "fields": {"question": "Jaguaita", "active": true}}, {"model": "reactives.text_to_media", "pk": 8, "fields": {"question": "Kóva iñakã.", "active": true}}, {"model": "reactives.text_to_media_detail", "pk": 1, "fields": {"text_to_media_id": 1, "answer_filename": "text_to_media/1.jpg", "correct_answer": true, "description": ""}}, {"model": "reactives.text_to_media_detail", "pk": 2, "fields": {"text_to_media_id": 1, "answer_filename": "text_to_media/2.png", "correct_answer": false, "description": ""}}, {"model": "reactives.text_to_media_detail", "pk": 3, "fields": {"text_to_media_id": 1, "answer_filename": "text_to_media/3.jpg", "correct_answer": false, "description": ""}}, {"model": "reactives.text_to_media_detail", "pk": 4, "fields": {"text_to_media_id": 2, "answer_filename": "text_to_media/Ha_e_4.1_-7.1_7.2_rta_correcta._10_columna_A.png", "correct_answer": true, "description": ""}}, {"model": "reactives.text_to_media_detail", "pk": 5, "fields": {"text_to_media_id": 2, "answer_filename": "text_to_media/4._2-_7.2_y_7.4_Ha_ekuéra_y_columna_A.png", "correct_answer": false, "description": ""}}, {"model": "reactives.text_to_media_detail", "pk": 6, "fields": {"text_to_media_id": 2, "answer_filename": "text_to_media/Che_7.1-7.1-_opción_incorrecta_y_columna_A.png", "correct_answer": false, "description": ""}}, {"model": "reactives.text_to_media_detail", "pk": 7, "fields": {"text_to_media_id": 3, "answer_filename": "text_to_media/Che_7.1-7.1-_opción_incorrecta_y_columna_A_Sm3TeQ5.png", "correct_answer": false, "description": ""}}, {"model": "reactives.text_to_media_detail", "pk": 8, "fields": {"text_to_media_id": 3, "answer_filename": "text_to_media/4._2-_7.2_y_7.4_Ha_ekuéra_y_columna_A_YrDTE8w.png", "correct_answer": true, "description": ""}}, {"model": "reactives.text_to_media_detail", "pk": 9, "fields": {"text_to_media_id": 3, "answer_filename": "text_to_media/Ha_e_4.1_-7.1_7.2_rta_correcta._10_columna_A_rwgdYeB.png", "correct_answer": false, "description": ""}}, {"model": "reactives.text_to_media_detail", "pk": 10, "fields": {"text_to_media_id": 4, "answer_filename": "text_to_media/Gatos.png", "correct_answer": true, "description": ""}}, {"model": "reactives.text_to_media_detail", "pk": 11, "fields": {"text_to_media_id": 4, "answer_filename": "text_to_media/gallinas.png", "correct_answer": false, "description": ""}}, {"model": "reactives.text_to_media_detail", "pk": 12, "fields": {"text_to_media_id": 4, "answer_filename": "text_to_media/4_perros.png", "correct_answer": false, "description": ""}}, {"model": "reactives.text_to_media_detail", "pk": 13, "fields": {"text_to_media_id": 5, "answer_filename": "text_to_media/Gatos_gNahi9w.png", "correct_answer": true, "description": ""}}, {"model": "reactives.text_to_media_detail", "pk": 14, "fields": {"text_to_media_id": 5, "answer_filename": "text_to_media/gallinas_VAsdJ0s.png", "correct_answer": false, "description": ""}}, {"model": "reactives.text_to_media_detail", "pk": 15, "fields": {"text_to_media_id": 5, "answer_filename": "text_to_media/4_perros_TmzkEgu.png", "correct_answer": false, "description": ""}}, {"model": "reactives.text_to_media_detail", "pk": 16, "fields": {"text_to_media_id": 6, "answer_filename": "text_to_media/Gatos_ZpWDlRA.png", "correct_answer": false, "description": ""}}, {"model": "reactives.text_to_media_detail", "pk": 17, "fields": {"text_to_media_id": 6, "answer_filename": "text_to_media/4_perros_nIILxMt.png", "correct_answer": true, "description": ""}}, {"model": "reactives.text_to_media_detail", "pk": 18, "fields": {"text_to_media_id": 6, "answer_filename": "text_to_media/gallinas_k5DAhyz.png", "correct_answer": false, "description": ""}}, {"model": "reactives.text_to_media_detail", "pk": 19, "fields": {"text_to_media_id": 7, "answer_filename": "text_to_media/Gatos_8MTB50g.png", "correct_answer": false, "description": ""}}, {"model": "reactives.text_to_media_detail", "pk": 20, "fields": {"text_to_media_id": 7, "answer_filename": "text_to_media/4_perros_t4mAENy.png", "correct_answer": true, "description": ""}}, {"model": "reactives.text_to_media_detail", "pk": 21, "fields": {"text_to_media_id": 7, "answer_filename": "text_to_media/gallinas_DZVlbfv.png", "correct_answer": false, "description": ""}}, {"model": "reactives.text_to_media_detail", "pk": 22, "fields": {"text_to_media_id": 8, "answer_filename": "text_to_media/Mano.png", "correct_answer": false, "description": "Mano"}}, {"model": "reactives.text_to_media_detail", "pk": 23, "fields": {"text_to_media_id": 8, "answer_filename": "text_to_media/Cara.png", "correct_answer": true, "description": "Kóva iñakã."}}, {"model": "reactives.text_to_media_detail", "pk": 24, "fields": {"text_to_media_id": 8, "answer_filename": "text_to_media/pie.png", "correct_answer": false, "description": "Pie"}}, {"model": "reactives.media_to_text", "pk": 1, "fields": {"filename": "media_to_text/1.A.5.m4a", "description": "Maitei INPUT Sára.", "active": true}}, {"model": "reactives.media_to_text", "pk": 2, "fields": {"filename": "media_to_text/1.A.6.m4a", "description": "Mba’eteko. Cheréra Pedro", "active": true}}, {"model": "reactives.media_to_text", "pk": 3, "fields": {"filename": "media_to_text/1.A.7.m4a", "description": "Maiteimi. INPUT Sara.", "active": true}}, {"model": "reactives.media_to_text", "pk": 5, "fields": {"filename": "media_to_text/1.A.12.m4a", "description": "Maitei. Mba’éichapa nderéra.", "active": true}}, {"model": "reactives.media_to_text", "pk": 13, "fields": {"filename": "media_to_text/Maitei.m4a", "description": "Maitei Cheréra Belén ha che Paraguáigua", "active": true}}, {"model": "reactives.media_to_text", "pk": 14, "fields": {"filename": "media_to_text/2.a.2.Irũnguéra.mp3", "description": "Irũnguéra", "active": true}}, {"model": "reactives.media_to_text", "pk": 15, "fields": {"filename": "media_to_text/2.a.6_Okañy_che_kuatiakuéra.mp3", "description": "Okañy che INPUT .", "active": true}}, {"model": "reactives.media_to_text", "pk": 16, "fields": {"filename": "media_to_text/gallinas.png", "description": "Ryguasukuéra", "active": true}}, {"model": "reactives.media_to_text", "pk": 17, "fields": {"filename": "media_to_text/2.a.12.Mboieta.mp3", "description": "Mboieta", "active": true}}, {"model": "reactives.media_to_text", "pk": 18, "fields": {"filename": "media_to_text/papel.png", "description": "Kuatiaita", "active": true}}, {"model": "reactives.media_to_text", "pk": 19, "fields": {"filename": "media_to_text/Mano.png", "description": "Péva ipo.", "active": true}}, {"model": "reactives.media_to_text", "pk": 20, "fields": {"filename": "media_to_text/2.a.17.Péva_ipo.mp3", "description": "Péva ipo.", "active": true}}, {"model": "reactives.media_to_text", "pk": 21, "fields": {"filename": "media_to_text/2.a.20.Umíva_oñemoarandu.mp3", "description": "Umíva oñemoarandu.", "active": true}}, {"model": "reactives.media_to_text_detail", "pk": 1, "fields": {"media_to_text_id": 1, "answer": "Cheréra", "correct_answer": true}}, {"model": "reactives.media_to_text_detail", "pk": 4, "fields": {"media_to_text_id": 2, "answer": "Maitei", "correct_answer": false}}, {"model": "reactives.media_to_text_detail", "pk": 5, "fields": {"media_to_text_id": 2, "answer": "Mba’eteko", "correct_answer": true}}, {"model": "reactives.media_to_text_detail", "pk": 6, "fields": {"media_to_text_id": 2, "answer": "Mba’éichapa", "correct_answer": false}}, {"model": "reactives.media_to_text_detail", "pk": 7, "fields": {"media_to_text_id": 3, "answer": "Cheréra", "correct_answer": true}}, {"model": "reactives.media_to_text_detail", "pk": 11, "fields": {"media_to_text_id": 5, "answer": "Aguyje", "correct_answer": false}}, {"model": "reactives.media_to_text_detail", "pk": 12, "fields": {"media_to_text_id": 5, "answer": "Ha nde.", "correct_answer": false}}, {"model": "reactives.media_to_text_detail", "pk": 13, "fields": {"media_to_text_id": 5, "answer": "Cheréra Aldo", "correct_answer": true}}, {"model": "reactives.media_to_text_detail", "pk": 21, "fields": {"media_to_text_id": 13, "answer": "Hola, me llamo Belén  y soy de Paraguay", "correct_answer": true}}, {"model": "reactives.media_to_text_detail", "pk": 22, "fields": {"media_to_text_id": 13, "answer": "Yo vivo en Paraguay", "correct_answer": false}}, {"model": "reactives.media_to_text_detail", "pk": 23, "fields": {"media_to_text_id": 13, "answer": "Mi nombre es Belén y mi familia vive en Paraguay", "correct_answer": false}}, {"model": "reactives.media_to_text_detail", "pk": 24, "fields": {"media_to_text_id": 14, "answer": "Irũkuéra", "correct_answer": false}}, {"model": "reactives.media_to_text_detail", "pk": 25, "fields": {"media_to_text_id": 14, "answer": "Irúnguéra", "correct_answer": true}}, {"model": "reactives.media_to_text_detail", "pk": 26, "fields": {"media_to_text_id": 14, "answer": "Jaguakuéra", "correct_answer": false}}, {"model": "reactives.media_to_text_detail", "pk": 27, "fields": {"media_to_text_id": 15, "answer": "kuatiakuéra", "correct_answer": true}}, {"model": "reactives.media_to_text_detail", "pk": 28, "fields": {"media_to_text_id": 16, "answer": "Jaguakuéra", "correct_answer": false}}, {"model": "reactives.media_to_text_detail", "pk": 29, "fields": {"media_to_text_id": 16, "answer": "Ryguasukuéra", "correct_answer": true}}, {"model": "reactives.media_to_text_detail", "pk": 30, "fields": {"media_to_text_id": 16, "answer": "Mbarakajakuéra", "correct_answer": false}}, {"model": "reactives.media_to_text_detail", "pk": 31, "fields": {"media_to_text_id": 17, "answer": "Riguasueta", "correct_answer": false}}, {"model": "reactives.media_to_text_detail", "pk": 32, "fields": {"media_to_text_id": 17, "answer": "Jaguaita", "correct_answer": false}}, {"model": "reactives.media_to_text_detail", "pk": 33, "fields": {"media_to_text_id": 17, "answer": "Mboieta", "correct_answer": true}}, {"model": "reactives.media_to_text_detail", "pk": 34, "fields": {"media_to_text_id": 18, "answer": "Leõita", "correct_answer": false}}, {"model": "reactives.media_to_text_detail", "pk": 35, "fields": {"media_to_text_id": 18, "answer": "Kuatiaita", "correct_answer": true}}, {"model": "reactives.media_to_text_detail", "pk": 36, "fields": {"media_to_text_id": 18, "answer": "Aguaraita", "correct_answer": false}}, {"model": "reactives.media_to_text_detail", "pk": 37, "fields": {"media_to_text_id": 19, "answer": "Péva iñakã.", "correct_answer": false}}, {"model": "reactives.media_to_text_detail", "pk": 38, "fields": {"media_to_text_id": 19, "answer": "Péva ipy.", "correct_answer": false}}, {"model": "reactives.media_to_text_detail", "pk": 39, "fields": {"media_to_text_id": 19, "answer": "Péva ipo.", "correct_answer": true}}, {"model": "reactives.media_to_text_detail", "pk": 40, "fields": {"media_to_text_id": 20, "answer": "Este es su pie.", "correct_answer": false}}, {"model": "reactives.media_to_text_detail", "pk": 41, "fields": {"media_to_text_id": 20, "answer": "Esta es su mano.", "correct_answer": true}}, {"model": "reactives.media_to_text_detail", "pk": 42, "fields": {"media_to_text_id": 20, "answer": "Esta es su cabeza.", "correct_answer": false}}, {"model": "reactives.media_to_text_detail", "pk": 43, "fields": {"media_to_text_id": 21, "answer": "Aquel estudia.", "correct_answer": false}}, {"model": "reactives.media_to_text_detail", "pk": 44, "fields": {"media_to_text_id": 21, "answer": "Aquella estudia.", "correct_answer": false}}, {"model": "reactives.media_to_text_detail", "pk": 45, "fields": {"media_to_text_id": 21, "answer": "Aquellos estudian.", "correct_answer": true}}, {"model": "reactives.media_to_media", "pk": 1, "fields": {"filename": "media_to_media/1.a.1_aCVu5p3.jpg", "description": "", "active": true}}, {"model": "reactives.media_to_media", "pk": 2, "fields": {"filename": "media_to_media/1.a.2_Fg7GP8F.jpg", "description": "", "active": true}}, {"model": "reactives.media_to_media", "pk": 3, "fields": {"filename": "media_to_media/1.a.3_9sNjWzl.jpg", "description": "", "active": true}}, {"model": "reactives.media_to_media", "pk": 4, "fields": {"filename": "media_to_media/1.a.4_oJdUstq.jpg", "description": "", "active": true}}, {"model": "reactives.media_to_media", "pk": 5, "fields": {"filename": "media_to_media/1.A.1.m4a", "description": "Ejercicio-8", "active": true}}, {"model": "reactives.media_to_media", "pk": 6, "fields": {"filename": "media_to_media/1.a.9.jpg", "description": "", "active": true}}, {"model": "reactives.media_to_media", "pk": 7, "fields": {"filename": "media_to_media/1.a.10.jpg", "description": "", "active": true}}, {"model": "reactives.media_to_media", "pk": 8, "fields": {"filename": "media_to_media/1.a.11.jpg", "description": "", "active": true}}, {"model": "reactives.media_to_media", "pk": 9, "fields": {"filename": "media_to_media/1.A.19.aif", "description": "Lucía Paraguaigua", "active": true}}, {"model": "reactives.media_to_media", "pk": 10, "fields": {"filename": "media_to_media/1.A.19_v68Yrb6.aif", "description": "Lucía Paraguaigua", "active": true}}, {"model": "reactives.media_to_media", "pk": 11, "fields": {"filename": "media_to_media/1.A.20.aif", "description": "Mba’éichapa", "active": true}}, {"model": "reactives.media_to_media", "pk": 12, "fields": {"filename": "media_to_media/1.A.21_rta_correcta.m4a", "description": "Maiteimi. Cheréra Lucía", "active": true}}, {"model": "reactives.media_to_media", "pk": 13, "fields": {"filename": "media_to_media/1.A.22.aif", "description": "Ndépiko Aldo Vega.", "active": true}}, {"model": "reactives.media_to_media", "pk": 14, "fields": {"filename": "media_to_media/1.a.13.jpg", "description": "", "active": true}}, {"model": "reactives.media_to_media", "pk": 15, "fields": {"filename": "media_to_media/1.a.14.jpg", "description": "", "active": true}}, {"model": "reactives.media_to_media", "pk": 16, "fields": {"filename": "media_to_media/1.a.15.jpg", "description": "", "active": true}}, {"model": "reactives.media_to_media", "pk": 17, "fields": {"filename": "media_to_media/1.a.16.jpg", "description": "", "active": true}}, {"model": "reactives.media_to_media", "pk": 18, "fields": {"filename": "media_to_media/1.a.17.jpg", "description": "", "active": true}}, {"model": "reactives.media_to_media", "pk": 19, "fields": {"filename": "media_to_media/1.a.18.jpg", "description": "", "active": true}}, {"model": "reactives.media_to_media", "pk": 20, "fields": {"filename": "media_to_media/7._1_cap_1b.m4a", "description": "Ha'e", "active": true}}, {"model": "reactives.media_to_media", "pk": 21, "fields": {"filename": "media_to_media/2.a.4.Aguara.mp3", "description": "Aguara", "active": true}}, {"model": "reactives.media_to_media", "pk": 22, "fields": {"filename": "media_to_media/2.a.10.Rugido_de_león.mp3", "description": "Rugido de un león", "active": true}}, {"model": "reactives.media_to_media", "pk": 23, "fields": {"filename": "media_to_media/2.a.18.Koãva.mp3", "description": "", "active": true}}, {"model": "reactives.media_to_media", "pk": 24, "fields": {"filename": "media_to_media/2.a.19.Ko_kuimbae.mp3", "description": "Ko kiumba'e", "active": true}}, {"model": "reactives.media_to_media_detail", "pk": 1, "fields": {"media_to_media_id": 1, "answer_filename": "Media_to_media_details/1.A.1_rMsTuMJ.m4a", "correct_answer": true, "description": "Maitei. Che cheréra Sara."}}, {"model": "reactives.media_to_media_detail", "pk": 2, "fields": {"media_to_media_id": 2, "answer_filename": "Media_to_media_details/1.A.2_rYhbJfA.m4a", "correct_answer": true, "description": "Mba’éichapa. Che cheréra Daniel."}}, {"model": "reactives.media_to_media_detail", "pk": 3, "fields": {"media_to_media_id": 3, "answer_filename": "Media_to_media_details/1.A.3.7.10.21_o5YM27l.m4a", "correct_answer": true, "description": "Maiteimi. Cheréra Lucía."}}, {"model": "reactives.media_to_media_detail", "pk": 4, "fields": {"media_to_media_id": 4, "answer_filename": "Media_to_media_details/1.A.4.6_brAx8FS.aif", "correct_answer": true, "description": "Mba’eteko. Cheréra Pedro."}}, {"model": "reactives.media_to_media_detail", "pk": 5, "fields": {"media_to_media_id": 5, "answer_filename": "Media_to_media_details/1.A.1_Bng7d1v.m4a", "correct_answer": false, "description": ""}}, {"model": "reactives.media_to_media_detail", "pk": 6, "fields": {"media_to_media_id": 5, "answer_filename": "Media_to_media_details/1.A.2_NLspLFm.m4a", "correct_answer": true, "description": ""}}, {"model": "reactives.media_to_media_detail", "pk": 7, "fields": {"media_to_media_id": 5, "answer_filename": "Media_to_media_details/1.A.3.7.10.21_h2RlTyy.m4a", "correct_answer": false, "description": ""}}, {"model": "reactives.media_to_media_detail", "pk": 8, "fields": {"media_to_media_id": 6, "answer_filename": "Media_to_media_details/1.A.9.m4a", "correct_answer": true, "description": "Ruth: Maitei. Mba’éichapa nderéra. Aldo: Aldo."}}, {"model": "reactives.media_to_media_detail", "pk": 9, "fields": {"media_to_media_id": 7, "answer_filename": "Media_to_media_details/1.A.1_VvVWSim.m4a", "correct_answer": true, "description": "Maiteimi. Cheréra Lucía."}}, {"model": "reactives.media_to_media_detail", "pk": 10, "fields": {"media_to_media_id": 8, "answer_filename": "Media_to_media_details/1.A.11..m4a", "correct_answer": true, "description": "Mba’eteko. Cheréra Pedro. Mba’éichapa. Cheréra Luis."}}, {"model": "reactives.media_to_media_detail", "pk": 11, "fields": {"media_to_media_id": 9, "answer_filename": "Media_to_media_details/ENGLAND_FLAG.webp", "correct_answer": false, "description": ""}}, {"model": "reactives.media_to_media_detail", "pk": 12, "fields": {"media_to_media_id": 9, "answer_filename": "Media_to_media_details/PARAGUAY_FLAG.png", "correct_answer": true, "description": ""}}, {"model": "reactives.media_to_media_detail", "pk": 13, "fields": {"media_to_media_id": 9, "answer_filename": "Media_to_media_details/usaflag.png", "correct_answer": false, "description": ""}}, {"model": "reactives.media_to_media_detail", "pk": 14, "fields": {"media_to_media_id": 10, "answer_filename": "Media_to_media_details/ENGLAND_FLAG_zFYvaxA.webp", "correct_answer": false, "description": ""}}, {"model": "reactives.media_to_media_detail", "pk": 15, "fields": {"media_to_media_id": 10, "answer_filename": "Media_to_media_details/PARAGUAY_FLAG_RGUA1nk.png", "correct_answer": true, "description": ""}}, {"model": "reactives.media_to_media_detail", "pk": 16, "fields": {"media_to_media_id": 10, "answer_filename": "Media_to_media_details/US_FLAG_tyzjVhI.png", "correct_answer": false, "description": ""}}, {"model": "reactives.media_to_media_detail", "pk": 17, "fields": {"media_to_media_id": 11, "answer_filename": "Media_to_media_details/1.A.20.aguyje.aif", "correct_answer": false, "description": ""}}, {"model": "reactives.media_to_media_detail", "pk": 18, "fields": {"media_to_media_id": 11, "answer_filename": "Media_to_media_details/1.A.20.iporante.aif", "correct_answer": true, "description": ""}}, {"model": "reactives.media_to_media_detail", "pk": 19, "fields": {"media_to_media_id": 11, "answer_filename": "Media_to_media_details/1.A.20.hee.aif", "correct_answer": false, "description": ""}}, {"model": "reactives.media_to_media_detail", "pk": 20, "fields": {"media_to_media_id": 12, "answer_filename": "Media_to_media_details/1.A.21_rta_correcta.m4a", "correct_answer": true, "description": "Maitei. Che cheréra Sara"}}, {"model": "reactives.media_to_media_detail", "pk": 21, "fields": {"media_to_media_id": 12, "answer_filename": "Media_to_media_details/1.A.21_opción_2.m4a", "correct_answer": false, "description": "Aguyje"}}, {"model": "reactives.media_to_media_detail", "pk": 22, "fields": {"media_to_media_id": 12, "answer_filename": "Media_to_media_details/1.A.21_opción_3.m4a", "correct_answer": false, "description": "Paraguaigua"}}, {"model": "reactives.media_to_media_detail", "pk": 23, "fields": {"media_to_media_id": 13, "answer_filename": "Media_to_media_details/1.A.22.iporante.aif", "correct_answer": true, "description": "Iporãnte"}}, {"model": "reactives.media_to_media_detail", "pk": 24, "fields": {"media_to_media_id": 13, "answer_filename": "Media_to_media_details/1.A.22.mba_eteko.aif", "correct_answer": false, "description": "Mba’eteko"}}, {"model": "reactives.media_to_media_detail", "pk": 25, "fields": {"media_to_media_id": 13, "answer_filename": "Media_to_media_details/1.A.22.nahaniri._che_aldo_vera.aif", "correct_answer": false, "description": "Nahániri. Che Aldo Vera"}}, {"model": "reactives.media_to_media_detail", "pk": 26, "fields": {"media_to_media_id": 14, "answer_filename": "Media_to_media_details/1.A.13.m4a", "correct_answer": true, "description": "Ndépiko Aldo Vera. Nahániri. Che Aldo Vega."}}, {"model": "reactives.media_to_media_detail", "pk": 27, "fields": {"media_to_media_id": 15, "answer_filename": "Media_to_media_details/1.A.14.m4a", "correct_answer": true, "description": "Cheréra Ruth Pereira. <br/> Mba’éichapa Ruth. <br/> Iporãnte, ha nde. <br/> Iporãnte avei."}}, {"model": "reactives.media_to_media_detail", "pk": 28, "fields": {"media_to_media_id": 16, "answer_filename": "Media_to_media_details/1.A.15.m4a", "correct_answer": true, "description": "Tereg̃uahẽ porãite <br/> Aguyje"}}, {"model": "reactives.media_to_media_detail", "pk": 29, "fields": {"media_to_media_id": 17, "answer_filename": "Media_to_media_details/1.A.16.m4a", "correct_answer": true, "description": "Mba’eteko Carlos. <br/> Mba’éiko Carol."}}, {"model": "reactives.media_to_media_detail", "pk": 30, "fields": {"media_to_media_id": 18, "answer_filename": "Media_to_media_details/1.A.17.m4a", "correct_answer": true, "description": "Cheréra Ruth. <br/> Mba’éichapa Ruth. <br/> Iporãnte, ha nde. <br/>  Iporãnte avei."}}, {"model": "reactives.media_to_media_detail", "pk": 31, "fields": {"media_to_media_id": 19, "answer_filename": "Media_to_media_details/1.A.18.m4a", "correct_answer": true, "description": "Ha ndepiko Paraguaja. <br/> Heẽ . Upéicha"}}, {"model": "reactives.media_to_media_detail", "pk": 32, "fields": {"media_to_media_id": 20, "answer_filename": "Media_to_media_details/Ha_e_4.1_-7.1_7.2_rta_correcta._10_columna_A.png", "correct_answer": true, "description": ""}}, {"model": "reactives.media_to_media_detail", "pk": 33, "fields": {"media_to_media_id": 20, "answer_filename": "Media_to_media_details/4._2-_7.2_y_7.4_Ha_ekuéra_y_columna_A.png", "correct_answer": false, "description": ""}}, {"model": "reactives.media_to_media_detail", "pk": 34, "fields": {"media_to_media_id": 20, "answer_filename": "Media_to_media_details/Che_7.1-7.1-_opción_incorrecta_y_columna_A.png", "correct_answer": false, "description": ""}}, {"model": "reactives.media_to_media_detail", "pk": 35, "fields": {"media_to_media_id": 21, "answer_filename": "Media_to_media_details/2.a.4.Perro.mp3", "correct_answer": false, "description": "Perro"}}, {"model": "reactives.media_to_media_detail", "pk": 36, "fields": {"media_to_media_id": 21, "answer_filename": "Media_to_media_details/2.a.4.León.mp3", "correct_answer": false, "description": "León"}}, {"model": "reactives.media_to_media_detail", "pk": 37, "fields": {"media_to_media_id": 21, "answer_filename": "Media_to_media_details/2.a.4.Zorro.mp3", "correct_answer": true, "description": "Zorro"}}, {"model": "reactives.media_to_media_detail", "pk": 38, "fields": {"media_to_media_id": 22, "answer_filename": "Media_to_media_details/2.a.10.Jagua.mp3", "correct_answer": false, "description": "Jagua"}}, {"model": "reactives.media_to_media_detail", "pk": 39, "fields": {"media_to_media_id": 22, "answer_filename": "Media_to_media_details/2.a.10.Leõ.mp3", "correct_answer": true, "description": "Leõ"}}, {"model": "reactives.media_to_media_detail", "pk": 40, "fields": {"media_to_media_id": 22, "answer_filename": "Media_to_media_details/2.a.10.Aguara.mp3", "correct_answer": false, "description": "Aguara"}}, {"model": "reactives.media_to_media_detail", "pk": 41, "fields": {"media_to_media_id": 23, "answer_filename": "Media_to_media_details/pie.png", "correct_answer": false, "description": ""}}, {"model": "reactives.media_to_media_detail", "pk": 42, "fields": {"media_to_media_id": 23, "answer_filename": "Media_to_media_details/Cara.png", "correct_answer": false, "description": ""}}, {"model": "reactives.media_to_media_detail", "pk": 43, "fields": {"media_to_media_id": 23, "answer_filename": "Media_to_media_details/4_perros.png", "correct_answer": true, "description": ""}}, {"model": "reactives.media_to_media_detail", "pk": 44, "fields": {"media_to_media_id": 24, "answer_filename": "Media_to_media_details/2.a.19.Umíva.mp3", "correct_answer": false, "description": "Umíva"}}, {"model": "reactives.media_to_media_detail", "pk": 45, "fields": {"media_to_media_id": 24, "answer_filename": "Media_to_media_details/2.a.18.Koãva.mp3", "correct_answer": false, "description": ""}}, {"model": "reactives.media_to_media_detail", "pk": 46, "fields": {"media_to_media_id": 24, "answer_filename": "Media_to_media_details/2.a.19.Kóva.mp3", "correct_answer": true, "description": ""}}]