[  {
    "model": "exercises.exercise",
    "pk": 1,
    "fields": {
        "chapter_id": 1,
        "description": "Ejercicios - 1.A",
        "active": true
    }
}, {
    "model": "exercises.exercise",
    "pk": 2,
    "fields": {
        "chapter_id": 2,
        "description": "Ejercitario - 1.B",
        "active": true
    }
}, {
    "model": "exercises.exercise",
    "pk": 3,
    "fields": {
        "chapter_id": 3,
        "description": "Ejercitario - 1.C",
        "active": true
    }
}, {
    "model": "exercises.exercise",
    "pk": 4,
    "fields": {
        "chapter_id": 4,
        "description": "Ejercitario - 1.D",
        "active": true
    }
}, {
    "model": "exercises.exercise",
    "pk": 5,
    "fields": {
        "chapter_id": 5,
        "description": "Ejercitario - 2.A",
        "active": true
    }
}, {
    "model": "exercises.exercise",
    "pk": 6,
    "fields": {
        "chapter_id": 6,
        "description": "Ejercitario - 2.B",
        "active": true
    }
}, {
    "model": "exercises.exercise",
    "pk": 7,
    "fields": {
        "chapter_id": 7,
        "description": "Ejercitario - 2.C",
        "active": true
    }
}, {
    "model": "exercises.exercise",
    "pk": 8,
    "fields": {
        "chapter_id": 8,
        "description": "Ejercitario - 3.A",
        "active": true
    }
}, {
    "model": "exercises.exercise",
    "pk": 9,
    "fields": {
        "chapter_id": 9,
        "description": "Ejercitario - 3.B",
        "active": true
    }
}, {
    "model": "exercises.exercise",
    "pk": 10,
    "fields": {
        "chapter_id": 10,
        "description": "Ejercitario - 3.C",
        "active": true
    }
}, {
    "model": "exercises.exercise_detail",
    "pk": 1,
    "fields": {
        "exercise_id": 1,
        "reactive_id": 1,
        "exercise_id_Text_to_text": null,
        "exercise_id_Text_to_media": null,
        "exercise_id_Media_to_text": null,
        "exercise_id_Media_to_media": 1,
        "order": 1,
        "experience": 100,
        "active": true
    }
}, {
    "model": "exercises.exercise_detail",
    "pk": 2,
    "fields": {
        "exercise_id": 1,
        "reactive_id": 1,
        "exercise_id_Text_to_text": null,
        "exercise_id_Text_to_media": null,
        "exercise_id_Media_to_text": null,
        "exercise_id_Media_to_media": 2,
        "order": 2,
        "experience": 100,
        "active": true
    }
}, {
    "model": "exercises.exercise_detail",
    "pk": 3,
    "fields": {
        "exercise_id": 1,
        "reactive_id": 1,
        "exercise_id_Text_to_text": null,
        "exercise_id_Text_to_media": null,
        "exercise_id_Media_to_text": null,
        "exercise_id_Media_to_media": 3,
        "order": 3,
        "experience": 100,
        "active": true
    }
}, {
    "model": "exercises.exercise_detail",
    "pk": 4,
    "fields": {
        "exercise_id": 1,
        "reactive_id": 1,
        "exercise_id_Text_to_text": null,
        "exercise_id_Text_to_media": null,
        "exercise_id_Media_to_text": null,
        "exercise_id_Media_to_media": 4,
        "order": 4,
        "experience": 100,
        "active": true
    }
}, {
    "model": "exercises.exercise_detail",
    "pk": 5,
    "fields": {
        "exercise_id": 1,
        "reactive_id": 2,
        "exercise_id_Text_to_text": null,
        "exercise_id_Text_to_media": null,
        "exercise_id_Media_to_text": 1,
        "exercise_id_Media_to_media": null,
        "order": 5,
        "experience": 100,
        "active": true
    }
}, {
    "model": "exercises.exercise_detail",
    "pk": 6,
    "fields": {
        "exercise_id": 1,
        "reactive_id": 3,
        "exercise_id_Text_to_text": null,
        "exercise_id_Text_to_media": null,
        "exercise_id_Media_to_text": 2,
        "exercise_id_Media_to_media": null,
        "order": 6,
        "experience": 100,
        "active": true
    }
}, {
    "model": "exercises.exercise_detail",
    "pk": 7,
    "fields": {
        "exercise_id": 1,
        "reactive_id": 2,
        "exercise_id_Text_to_text": null,
        "exercise_id_Text_to_media": null,
        "exercise_id_Media_to_text": 3,
        "exercise_id_Media_to_media": null,
        "order": 7,
        "experience": 100,
        "active": true
    }
}, {
    "model": "exercises.exercise_detail",
    "pk": 8,
    "fields": {
        "exercise_id": 1,
        "reactive_id": 4,
        "exercise_id_Text_to_text": null,
        "exercise_id_Text_to_media": null,
        "exercise_id_Media_to_text": null,
        "exercise_id_Media_to_media": 5,
        "order": 8,
        "experience": 100,
        "active": true
    }
}, {
    "model": "exercises.exercise_detail",
    "pk": 9,
    "fields": {
        "exercise_id": 1,
        "reactive_id": 1,
        "exercise_id_Text_to_text": null,
        "exercise_id_Text_to_media": null,
        "exercise_id_Media_to_text": null,
        "exercise_id_Media_to_media": 6,
        "order": 9,
        "experience": 100,
        "active": true
    }
}, {
    "model": "exercises.exercise_detail",
    "pk": 10,
    "fields": {
        "exercise_id": 1,
        "reactive_id": 1,
        "exercise_id_Text_to_text": null,
        "exercise_id_Text_to_media": null,
        "exercise_id_Media_to_text": null,
        "exercise_id_Media_to_media": 7,
        "order": 10,
        "experience": 100,
        "active": true
    }
}, {
    "model": "exercises.exercise_detail",
    "pk": 11,
    "fields": {
        "exercise_id": 1,
        "reactive_id": 1,
        "exercise_id_Text_to_text": null,
        "exercise_id_Text_to_media": null,
        "exercise_id_Media_to_text": null,
        "exercise_id_Media_to_media": 8,
        "order": 11,
        "experience": 100,
        "active": true
    }
}, {
    "model": "exercises.exercise_detail",
    "pk": 12,
    "fields": {
        "exercise_id": 1,
        "reactive_id": 3,
        "exercise_id_Text_to_text": null,
        "exercise_id_Text_to_media": null,
        "exercise_id_Media_to_text": 5,
        "exercise_id_Media_to_media": null,
        "order": 12,
        "experience": 100,
        "active": true
    }
}, {
    "model": "exercises.exercise_detail",
    "pk": 15,
    "fields": {
        "exercise_id": 1,
        "reactive_id": 1,
        "exercise_id_Text_to_text": null,
        "exercise_id_Text_to_media": null,
        "exercise_id_Media_to_text": null,
        "exercise_id_Media_to_media": 14,
        "order": 13,
        "experience": 100,
        "active": true
    }
}, {
    "model": "exercises.exercise_detail",
    "pk": 16,
    "fields": {
        "exercise_id": 1,
        "reactive_id": 1,
        "exercise_id_Text_to_text": null,
        "exercise_id_Text_to_media": null,
        "exercise_id_Media_to_text": null,
        "exercise_id_Media_to_media": 15,
        "order": 14,
        "experience": 100,
        "active": true
    }
}, {
    "model": "exercises.exercise_detail",
    "pk": 17,
    "fields": {
        "exercise_id": 1,
        "reactive_id": 1,
        "exercise_id_Text_to_text": null,
        "exercise_id_Text_to_media": null,
        "exercise_id_Media_to_text": null,
        "exercise_id_Media_to_media": 16,
        "order": 15,
        "experience": 100,
        "active": true
    }
}, {
    "model": "exercises.exercise_detail",
    "pk": 18,
    "fields": {
        "exercise_id": 1,
        "reactive_id": 1,
        "exercise_id_Text_to_text": null,
        "exercise_id_Text_to_media": null,
        "exercise_id_Media_to_text": null,
        "exercise_id_Media_to_media": 17,
        "order": 16,
        "experience": 100,
        "active": true
    }
}, {
    "model": "exercises.exercise_detail",
    "pk": 19,
    "fields": {
        "exercise_id": 1,
        "reactive_id": 1,
        "exercise_id_Text_to_text": null,
        "exercise_id_Text_to_media": null,
        "exercise_id_Media_to_text": null,
        "exercise_id_Media_to_media": 18,
        "order": 17,
        "experience": 100,
        "active": true
    }
}, {
    "model": "exercises.exercise_detail",
    "pk": 20,
    "fields": {
        "exercise_id": 1,
        "reactive_id": 1,
        "exercise_id_Text_to_text": null,
        "exercise_id_Text_to_media": null,
        "exercise_id_Media_to_text": null,
        "exercise_id_Media_to_media": 19,
        "order": 18,
        "experience": 100,
        "active": true
    }
}, {
    "model": "exercises.exercise_detail",
    "pk": 21,
    "fields": {
        "exercise_id": 1,
        "reactive_id": 5,
        "exercise_id_Text_to_text": null,
        "exercise_id_Text_to_media": null,
        "exercise_id_Media_to_text": null,
        "exercise_id_Media_to_media": 9,
        "order": 19,
        "experience": 100,
        "active": true
    }
}, {
    "model": "exercises.exercise_detail",
    "pk": 22,
    "fields": {
        "exercise_id": 1,
        "reactive_id": 4,
        "exercise_id_Text_to_text": null,
        "exercise_id_Text_to_media": null,
        "exercise_id_Media_to_text": null,
        "exercise_id_Media_to_media": 11,
        "order": 20,
        "experience": 100,
        "active": true
    }
}, {
    "model": "exercises.exercise_detail",
    "pk": 25,
    "fields": {
        "exercise_id": 1,
        "reactive_id": 4,
        "exercise_id_Text_to_text": null,
        "exercise_id_Text_to_media": null,
        "exercise_id_Media_to_text": null,
        "exercise_id_Media_to_media": 12,
        "order": 21,
        "experience": 100,
        "active": true
    }
}, {
    "model": "exercises.exercise_detail",
    "pk": 26,
    "fields": {
        "exercise_id": 1,
        "reactive_id": 4,
        "exercise_id_Text_to_text": null,
        "exercise_id_Text_to_media": null,
        "exercise_id_Media_to_text": null,
        "exercise_id_Media_to_media": 13,
        "order": 22,
        "experience": 100,
        "active": true
    }
}, {
    "model": "exercises.exercise_detail",
    "pk": 27,
    "fields": {
        "exercise_id": 1,
        "reactive_id": 6,
        "exercise_id_Text_to_text": null,
        "exercise_id_Text_to_media": 1,
        "exercise_id_Media_to_text": null,
        "exercise_id_Media_to_media": null,
        "order": 23,
        "experience": 100,
        "active": true
    }
}, {
    "model": "exercises.exercise_detail",
    "pk": 28,
    "fields": {
        "exercise_id": 1,
        "reactive_id": 7,
        "exercise_id_Text_to_text": 1,
        "exercise_id_Text_to_media": null,
        "exercise_id_Media_to_text": null,
        "exercise_id_Media_to_media": null,
        "order": 24,
        "experience": 100,
        "active": true
    }
}, {
    "model": "exercises.exercise_detail",
    "pk": 29,
    "fields": {
        "exercise_id": 1,
        "reactive_id": 7,
        "exercise_id_Text_to_text": 2,
        "exercise_id_Text_to_media": null,
        "exercise_id_Media_to_text": null,
        "exercise_id_Media_to_media": null,
        "order": 25,
        "experience": 100,
        "active": true
    }
}, {
    "model": "exercises.exercise_detail",
    "pk": 30,
    "fields": {
        "exercise_id": 1,
        "reactive_id": 7,
        "exercise_id_Text_to_text": 3,
        "exercise_id_Text_to_media": null,
        "exercise_id_Media_to_text": null,
        "exercise_id_Media_to_media": null,
        "order": 26,
        "experience": 100,
        "active": true
    }
}, {
    "model": "exercises.exercise_detail",
    "pk": 31,
    "fields": {
        "exercise_id": 1,
        "reactive_id": 8,
        "exercise_id_Text_to_text": 4,
        "exercise_id_Text_to_media": null,
        "exercise_id_Media_to_text": null,
        "exercise_id_Media_to_media": null,
        "order": 27,
        "experience": 100,
        "active": true
    }
}, {
    "model": "exercises.exercise_detail",
    "pk": 32,
    "fields": {
        "exercise_id": 1,
        "reactive_id": 8,
        "exercise_id_Text_to_text": 5,
        "exercise_id_Text_to_media": null,
        "exercise_id_Media_to_text": null,
        "exercise_id_Media_to_media": null,
        "order": 28,
        "experience": 100,
        "active": true
    }
}, {
    "model": "exercises.exercise_detail",
    "pk": 33,
    "fields": {
        "exercise_id": 1,
        "reactive_id": 8,
        "exercise_id_Text_to_text": 6,
        "exercise_id_Text_to_media": null,
        "exercise_id_Media_to_text": null,
        "exercise_id_Media_to_media": null,
        "order": 29,
        "experience": 100,
        "active": true
    }
}, {
    "model": "exercises.exercise_detail",
    "pk": 34,
    "fields": {
        "exercise_id": 1,
        "reactive_id": 8,
        "exercise_id_Text_to_text": 7,
        "exercise_id_Text_to_media": null,
        "exercise_id_Media_to_text": null,
        "exercise_id_Media_to_media": null,
        "order": 30,
        "experience": 100,
        "active": true
    }
}, {
    "model": "exercises.exercise_detail",
    "pk": 35,
    "fields": {
        "exercise_id": 1,
        "reactive_id": 8,
        "exercise_id_Text_to_text": 8,
        "exercise_id_Text_to_media": null,
        "exercise_id_Media_to_text": null,
        "exercise_id_Media_to_media": null,
        "order": 31,
        "experience": 100,
        "active": true
    }
}, {
    "model": "exercises.exercise_detail",
    "pk": 36,
    "fields": {
        "exercise_id": 1,
        "reactive_id": 7,
        "exercise_id_Text_to_text": 9,
        "exercise_id_Text_to_media": null,
        "exercise_id_Media_to_text": null,
        "exercise_id_Media_to_media": null,
        "order": 32,
        "experience": 100,
        "active": true
    }
}, {
    "model": "exercises.exercise_detail",
    "pk": 37,
    "fields": {
        "exercise_id": 1,
        "reactive_id": 7,
        "exercise_id_Text_to_text": 10,
        "exercise_id_Text_to_media": null,
        "exercise_id_Media_to_text": null,
        "exercise_id_Media_to_media": null,
        "order": 33,
        "experience": 100,
        "active": true
    }
}, {
    "model": "exercises.exercise_detail",
    "pk": 38,
    "fields": {
        "exercise_id": 1,
        "reactive_id": 7,
        "exercise_id_Text_to_text": 11,
        "exercise_id_Text_to_media": null,
        "exercise_id_Media_to_text": null,
        "exercise_id_Media_to_media": null,
        "order": 34,
        "experience": 100,
        "active": true
    }
}, {
    "model": "exercises.exercise_detail",
    "pk": 39,
    "fields": {
        "exercise_id": 1,
        "reactive_id": 7,
        "exercise_id_Text_to_text": 12,
        "exercise_id_Text_to_media": null,
        "exercise_id_Media_to_text": null,
        "exercise_id_Media_to_media": null,
        "order": 35,
        "experience": 100,
        "active": true
    }
}, {
    "model": "exercises.exercise_detail",
    "pk": 40,
    "fields": {
        "exercise_id": 3,
        "reactive_id": 7,
        "exercise_id_Text_to_text": 13,
        "exercise_id_Text_to_media": null,
        "exercise_id_Media_to_text": null,
        "exercise_id_Media_to_media": null,
        "order": 1,
        "experience": 100,
        "active": true
    }
}, {
    "model": "exercises.exercise_detail",
    "pk": 41,
    "fields": {
        "exercise_id": 3,
        "reactive_id": 7,
        "exercise_id_Text_to_text": 14,
        "exercise_id_Text_to_media": null,
        "exercise_id_Media_to_text": null,
        "exercise_id_Media_to_media": null,
        "order": 2,
        "experience": 100,
        "active": true
    }
}, {
    "model": "exercises.exercise_detail",
    "pk": 42,
    "fields": {
        "exercise_id": 3,
        "reactive_id": 7,
        "exercise_id_Text_to_text": 15,
        "exercise_id_Text_to_media": null,
        "exercise_id_Media_to_text": null,
        "exercise_id_Media_to_media": null,
        "order": 3,
        "experience": 100,
        "active": true
    }
}, {
    "model": "exercises.exercise_detail",
    "pk": 43,
    "fields": {
        "exercise_id": 3,
        "reactive_id": 8,
        "exercise_id_Text_to_text": 16,
        "exercise_id_Text_to_media": null,
        "exercise_id_Media_to_text": null,
        "exercise_id_Media_to_media": null,
        "order": 4,
        "experience": 100,
        "active": true
    }
}, {
    "model": "exercises.exercise_detail",
    "pk": 44,
    "fields": {
        "exercise_id": 3,
        "reactive_id": 8,
        "exercise_id_Text_to_text": 17,
        "exercise_id_Text_to_media": null,
        "exercise_id_Media_to_text": null,
        "exercise_id_Media_to_media": null,
        "order": 5,
        "experience": 100,
        "active": true
    }
}, {
    "model": "exercises.exercise_detail",
    "pk": 45,
    "fields": {
        "exercise_id": 3,
        "reactive_id": 6,
        "exercise_id_Text_to_text": null,
        "exercise_id_Text_to_media": 2,
        "exercise_id_Media_to_text": null,
        "exercise_id_Media_to_media": null,
        "order": 6,
        "experience": 100,
        "active": true
    }
}, {
    "model": "exercises.exercise_detail",
    "pk": 46,
    "fields": {
        "exercise_id": 3,
        "reactive_id": 6,
        "exercise_id_Text_to_text": null,
        "exercise_id_Text_to_media": 3,
        "exercise_id_Media_to_text": null,
        "exercise_id_Media_to_media": null,
        "order": 7,
        "experience": 100,
        "active": true
    }
}, {
    "model": "exercises.exercise_detail",
    "pk": 47,
    "fields": {
        "exercise_id": 3,
        "reactive_id": 3,
        "exercise_id_Text_to_text": null,
        "exercise_id_Text_to_media": null,
        "exercise_id_Media_to_text": 13,
        "exercise_id_Media_to_media": null,
        "order": 8,
        "experience": 100,
        "active": true
    }
}, {
    "model": "exercises.exercise_detail",
    "pk": 48,
    "fields": {
        "exercise_id": 3,
        "reactive_id": 5,
        "exercise_id_Text_to_text": null,
        "exercise_id_Text_to_media": null,
        "exercise_id_Media_to_text": null,
        "exercise_id_Media_to_media": 20,
        "order": 9,
        "experience": 100,
        "active": true
    }
}, {
    "model": "exercises.exercise_detail",
    "pk": 49,
    "fields": {
        "exercise_id": 5,
        "reactive_id": 8,
        "exercise_id_Text_to_text": 18,
        "exercise_id_Text_to_media": null,
        "exercise_id_Media_to_text": null,
        "exercise_id_Media_to_media": null,
        "order": 1,
        "experience": 100,
        "active": true
    }
}, {
    "model": "exercises.exercise_detail",
    "pk": 50,
    "fields": {
        "exercise_id": 5,
        "reactive_id": 3,
        "exercise_id_Text_to_text": null,
        "exercise_id_Text_to_media": null,
        "exercise_id_Media_to_text": 14,
        "exercise_id_Media_to_media": null,
        "order": 2,
        "experience": 100,
        "active": true
    }
}, {
    "model": "exercises.exercise_detail",
    "pk": 51,
    "fields": {
        "exercise_id": 5,
        "reactive_id": 6,
        "exercise_id_Text_to_text": null,
        "exercise_id_Text_to_media": 5,
        "exercise_id_Media_to_text": null,
        "exercise_id_Media_to_media": null,
        "order": 3,
        "experience": 100,
        "active": true
    }
}, {
    "model": "exercises.exercise_detail",
    "pk": 52,
    "fields": {
        "exercise_id": 5,
        "reactive_id": 4,
        "exercise_id_Text_to_text": null,
        "exercise_id_Text_to_media": null,
        "exercise_id_Media_to_text": null,
        "exercise_id_Media_to_media": 21,
        "order": 4,
        "experience": 100,
        "active": true
    }
}, {
    "model": "exercises.exercise_detail",
    "pk": 53,
    "fields": {
        "exercise_id": 5,
        "reactive_id": 7,
        "exercise_id_Text_to_text": 19,
        "exercise_id_Text_to_media": null,
        "exercise_id_Media_to_text": null,
        "exercise_id_Media_to_media": null,
        "order": 5,
        "experience": 100,
        "active": true
    }
}, {
    "model": "exercises.exercise_detail",
    "pk": 54,
    "fields": {
        "exercise_id": 5,
        "reactive_id": 2,
        "exercise_id_Text_to_text": null,
        "exercise_id_Text_to_media": null,
        "exercise_id_Media_to_text": 15,
        "exercise_id_Media_to_media": null,
        "order": 6,
        "experience": 100,
        "active": true
    }
}, {
    "model": "exercises.exercise_detail",
    "pk": 55,
    "fields": {
        "exercise_id": 5,
        "reactive_id": 10,
        "exercise_id_Text_to_text": null,
        "exercise_id_Text_to_media": null,
        "exercise_id_Media_to_text": 16,
        "exercise_id_Media_to_media": null,
        "order": 7,
        "experience": 100,
        "active": true
    }
}, {
    "model": "exercises.exercise_detail",
    "pk": 56,
    "fields": {
        "exercise_id": 5,
        "reactive_id": 7,
        "exercise_id_Text_to_text": 20,
        "exercise_id_Text_to_media": null,
        "exercise_id_Media_to_text": null,
        "exercise_id_Media_to_media": null,
        "order": 8,
        "experience": 100,
        "active": true
    }
}, {
    "model": "exercises.exercise_detail",
    "pk": 57,
    "fields": {
        "exercise_id": 5,
        "reactive_id": 6,
        "exercise_id_Text_to_text": null,
        "exercise_id_Text_to_media": 7,
        "exercise_id_Media_to_text": null,
        "exercise_id_Media_to_media": null,
        "order": 9,
        "experience": 100,
        "active": true
    }
}, {
    "model": "exercises.exercise_detail",
    "pk": 58,
    "fields": {
        "exercise_id": 5,
        "reactive_id": 4,
        "exercise_id_Text_to_text": null,
        "exercise_id_Text_to_media": null,
        "exercise_id_Media_to_text": null,
        "exercise_id_Media_to_media": 22,
        "order": 10,
        "experience": 100,
        "active": true
    }
}, {
    "model": "exercises.exercise_detail",
    "pk": 59,
    "fields": {
        "exercise_id": 5,
        "reactive_id": 8,
        "exercise_id_Text_to_text": 21,
        "exercise_id_Text_to_media": null,
        "exercise_id_Media_to_text": null,
        "exercise_id_Media_to_media": null,
        "order": 11,
        "experience": 100,
        "active": true
    }
}, {
    "model": "exercises.exercise_detail",
    "pk": 60,
    "fields": {
        "exercise_id": 5,
        "reactive_id": 3,
        "exercise_id_Text_to_text": null,
        "exercise_id_Text_to_media": null,
        "exercise_id_Media_to_text": 17,
        "exercise_id_Media_to_media": null,
        "order": 12,
        "experience": 100,
        "active": true
    }
}, {
    "model": "exercises.exercise_detail",
    "pk": 61,
    "fields": {
        "exercise_id": 5,
        "reactive_id": 10,
        "exercise_id_Text_to_text": null,
        "exercise_id_Text_to_media": null,
        "exercise_id_Media_to_text": 18,
        "exercise_id_Media_to_media": null,
        "order": 13,
        "experience": 100,
        "active": true
    }
}, {
    "model": "exercises.exercise_detail",
    "pk": 62,
    "fields": {
        "exercise_id": 5,
        "reactive_id": 6,
        "exercise_id_Text_to_text": null,
        "exercise_id_Text_to_media": 8,
        "exercise_id_Media_to_text": null,
        "exercise_id_Media_to_media": null,
        "order": 14,
        "experience": 100,
        "active": true
    }
}, {
    "model": "exercises.exercise_detail",
    "pk": 63,
    "fields": {
        "exercise_id": 5,
        "reactive_id": 7,
        "exercise_id_Text_to_text": 22,
        "exercise_id_Text_to_media": null,
        "exercise_id_Media_to_text": null,
        "exercise_id_Media_to_media": null,
        "order": 15,
        "experience": 100,
        "active": true
    }
}, {
    "model": "exercises.exercise_detail",
    "pk": 64,
    "fields": {
        "exercise_id": 5,
        "reactive_id": 10,
        "exercise_id_Text_to_text": null,
        "exercise_id_Text_to_media": null,
        "exercise_id_Media_to_text": 19,
        "exercise_id_Media_to_media": null,
        "order": 16,
        "experience": 100,
        "active": true
    }
}, {
    "model": "exercises.exercise_detail",
    "pk": 65,
    "fields": {
        "exercise_id": 5,
        "reactive_id": 3,
        "exercise_id_Text_to_text": null,
        "exercise_id_Text_to_media": null,
        "exercise_id_Media_to_text": 20,
        "exercise_id_Media_to_media": null,
        "order": 17,
        "experience": 100,
        "active": true
    }
}, {
    "model": "exercises.exercise_detail",
    "pk": 66,
    "fields": {
        "exercise_id": 5,
        "reactive_id": 5,
        "exercise_id_Text_to_text": null,
        "exercise_id_Text_to_media": null,
        "exercise_id_Media_to_text": null,
        "exercise_id_Media_to_media": 23,
        "order": 18,
        "experience": 100,
        "active": true
    }
}, {
    "model": "exercises.exercise_detail",
    "pk": 67,
    "fields": {
        "exercise_id": 5,
        "reactive_id": 4,
        "exercise_id_Text_to_text": null,
        "exercise_id_Text_to_media": null,
        "exercise_id_Media_to_text": null,
        "exercise_id_Media_to_media": 24,
        "order": 19,
        "experience": 100,
        "active": true
    }
}, {
    "model": "exercises.exercise_detail",
    "pk": 68,
    "fields": {
        "exercise_id": 5,
        "reactive_id": 3,
        "exercise_id_Text_to_text": null,
        "exercise_id_Text_to_media": null,
        "exercise_id_Media_to_text": 21,
        "exercise_id_Media_to_media": null,
        "order": 20,
        "experience": 100,
        "active": true
    }
}, {
    "model": "reactives.text_to_text",
    "pk": 1,
    "fields": {
        "description": "",
        "question": "Mba’éichapa Sara.",
        "active": true
    }
}, {
    "model": "reactives.text_to_text",
    "pk": 2,
    "fields": {
        "description": "",
        "question": "Tereguaheporaite",
        "active": true
    }
}, {
    "model": "reactives.text_to_text",
    "pk": 3,
    "fields": {
        "description": "",
        "question": "Mba’éichapa Sara.",
        "active": true
    }
}, {
    "model": "reactives.text_to_text",
    "pk": 4,
    "fields": {
        "description": "",
        "question": "Mba’eteko. INPUT cheréra Nicolas, ha INPUT",
        "active": true
    }
}, {
    "model": "reactives.text_to_text",
    "pk": 5,
    "fields": {
        "description": "",
        "question": "INPUT cheréra Antonio.",
        "active": true
    }
}, {
    "model": "reactives.text_to_text",
    "pk": 6,
    "fields": {
        "description": "",
        "question": "Maitei. INPUT piko Jazmín.",
        "active": true
    }
}, {
    "model": "reactives.text_to_text",
    "pk": 7,
    "fields": {
        "description": "",
        "question": "Mba’éichapa INPUT réra Luis. Ha  INPUT  .",
        "active": true
    }
}, {
    "model": "reactives.text_to_text",
    "pk": 8,
    "fields": {
        "description": "",
        "question": "Mba’eteko INPUT Kape. Mba’éicha  INPUT réra  .",
        "active": true
    }
}, {
    "model": "reactives.text_to_text",
    "pk": 9,
    "fields": {
        "description": "",
        "question": "¿Cómo se dice “hola” en Guaraní? -  How do you say “hola” in gu",
        "active": true
    }
}, {
    "model": "reactives.text_to_text",
    "pk": 10,
    "fields": {
        "description": "",
        "question": "¿Cómo se dice “muy bien” en Guaraní? -  How do you say “muy",
        "active": true
    }
}, {
    "model": "reactives.text_to_text",
    "pk": 11,
    "fields": {
        "description": "",
        "question": "¿Cómo se dice “Cheréra Ana” en Castellano? -  How do yo",
        "active": true
    }
}, {
    "model": "reactives.text_to_text",
    "pk": 12,
    "fields": {
        "description": "",
        "question": "¿Cómo se dice “Tu nombre es Ruth” en Guaraní? -  H",
        "active": true
    }
}, {
    "model": "reactives.text_to_text",
    "pk": 13,
    "fields": {
        "description": "",
        "question": "Moôguápa nde? /De dónde eres?/Where are you from?",
        "active": true
    }
}, {
    "model": "reactives.text_to_text",
    "pk": 14,
    "fields": {
        "description": "",
        "question": "Moõguápa ha'e /¿De dónde es él?/ Where is he from?",
        "active": true
    }
}, {
    "model": "reactives.text_to_text",
    "pk": 15,
    "fields": {
        "description": "",
        "question": "Moõguápa ha'ekuéra/ ¿De dónde son ellos?/ Where are they from?",
        "active": true
    }
}, {
    "model": "reactives.text_to_text",
    "pk": 16,
    "fields": {
        "description": "",
        "question": "Moõguapa José <br/>  INPUT España-gua",
        "active": true
    }
}, {
    "model": "reactives.text_to_text",
    "pk": 17,
    "fields": {
        "description": "",
        "question": "Moõguápa Ruth <br/> INPUT Brasil-gua",
        "active": true
    }
}, {
    "model": "reactives.text_to_text",
    "pk": 18,
    "fields": {
        "description": "",
        "question": "Mitã INPUT oho mbo’ehaópe.",
        "active": true
    }
}, {
    "model": "reactives.text_to_text",
    "pk": 19,
    "fields": {
        "description": "",
        "question": "¿Cuál es el sustantivo que está pluralizado correctamente?",
        "active": true
    }
}, {
    "model": "reactives.text_to_text",
    "pk": 20,
    "fields": {
        "description": "",
        "question": "¿Cómo se dice \"cocodrilo\" en guaraní?",
        "active": true
    }
}, {
    "model": "reactives.text_to_text",
    "pk": 21,
    "fields": {
        "description": "",
        "question": "Nde reguereko ryguasu INPUT .",
        "active": true
    }
}, {
    "model": "reactives.text_to_text",
    "pk": 22,
    "fields": {
        "description": "",
        "question": "Kóva iñakã.",
        "active": true
    }
}, {
    "model": "reactives.text_to_text_detail",
    "pk": 1,
    "fields": {
        "text_to_text_id": 1,
        "answer": "Cheréra Lucía",
        "correct_answer": false
    }
}, {
    "model": "reactives.text_to_text_detail",
    "pk": 2,
    "fields": {
        "text_to_text_id": 1,
        "answer": "Iporãnte",
        "correct_answer": true
    }
}, {
    "model": "reactives.text_to_text_detail",
    "pk": 3,
    "fields": {
        "text_to_text_id": 1,
        "answer": "Aguyje",
        "correct_answer": false
    }
}, {
    "model": "reactives.text_to_text_detail",
    "pk": 4,
    "fields": {
        "text_to_text_id": 2,
        "answer": "Maiteimi",
        "correct_answer": false
    }
}, {
    "model": "reactives.text_to_text_detail",
    "pk": 5,
    "fields": {
        "text_to_text_id": 2,
        "answer": "Iporãnte",
        "correct_answer": false
    }
}, {
    "model": "reactives.text_to_text_detail",
    "pk": 6,
    "fields": {
        "text_to_text_id": 2,
        "answer": "Aguyje.",
        "correct_answer": true
    }
}, {
    "model": "reactives.text_to_text_detail",
    "pk": 7,
    "fields": {
        "text_to_text_id": 3,
        "answer": "Cheréra Lucía",
        "correct_answer": false
    }
}, {
    "model": "reactives.text_to_text_detail",
    "pk": 8,
    "fields": {
        "text_to_text_id": 3,
        "answer": "Iporãnte",
        "correct_answer": true
    }
}, {
    "model": "reactives.text_to_text_detail",
    "pk": 9,
    "fields": {
        "text_to_text_id": 3,
        "answer": "Aguyje",
        "correct_answer": false
    }
}, {
    "model": "reactives.text_to_text_detail",
    "pk": 10,
    "fields": {
        "text_to_text_id": 4,
        "answer": "Che",
        "correct_answer": true
    }
}, {
    "model": "reactives.text_to_text_detail",
    "pk": 11,
    "fields": {
        "text_to_text_id": 4,
        "answer": "nde",
        "correct_answer": true
    }
}, {
    "model": "reactives.text_to_text_detail",
    "pk": 12,
    "fields": {
        "text_to_text_id": 5,
        "answer": "Che",
        "correct_answer": true
    }
}, {
    "model": "reactives.text_to_text_detail",
    "pk": 13,
    "fields": {
        "text_to_text_id": 6,
        "answer": "nde",
        "correct_answer": true
    }
}, {
    "model": "reactives.text_to_text_detail",
    "pk": 14,
    "fields": {
        "text_to_text_id": 7,
        "answer": "che",
        "correct_answer": true
    }
}, {
    "model": "reactives.text_to_text_detail",
    "pk": 15,
    "fields": {
        "text_to_text_id": 7,
        "answer": "nde",
        "correct_answer": true
    }
}, {
    "model": "reactives.text_to_text_detail",
    "pk": 16,
    "fields": {
        "text_to_text_id": 8,
        "answer": "che",
        "correct_answer": true
    }
}, {
    "model": "reactives.text_to_text_detail",
    "pk": 17,
    "fields": {
        "text_to_text_id": 8,
        "answer": "nde",
        "correct_answer": true
    }
}, {
    "model": "reactives.text_to_text_detail",
    "pk": 18,
    "fields": {
        "text_to_text_id": 9,
        "answer": "Maitei/ mba’eteko",
        "correct_answer": true
    }
}, {
    "model": "reactives.text_to_text_detail",
    "pk": 19,
    "fields": {
        "text_to_text_id": 9,
        "answer": "Iporãnte",
        "correct_answer": false
    }
}, {
    "model": "reactives.text_to_text_detail",
    "pk": 20,
    "fields": {
        "text_to_text_id": 9,
        "answer": "Aguyje",
        "correct_answer": false
    }
}, {
    "model": "reactives.text_to_text_detail",
    "pk": 21,
    "fields": {
        "text_to_text_id": 10,
        "answer": "Mbaeteko",
        "correct_answer": false
    }
}, {
    "model": "reactives.text_to_text_detail",
    "pk": 22,
    "fields": {
        "text_to_text_id": 10,
        "answer": "Aguyje",
        "correct_answer": false
    }
}, {
    "model": "reactives.text_to_text_detail",
    "pk": 23,
    "fields": {
        "text_to_text_id": 10,
        "answer": "Iporã /  Iporãnte / Iporãiterei / Iporãmínte.",
        "correct_answer": true
    }
}, {
    "model": "reactives.text_to_text_detail",
    "pk": 24,
    "fields": {
        "text_to_text_id": 11,
        "answer": "Gracias Ana",
        "correct_answer": false
    }
}, {
    "model": "reactives.text_to_text_detail",
    "pk": 25,
    "fields": {
        "text_to_text_id": 11,
        "answer": "Mi nombre es Ana",
        "correct_answer": true
    }
}, {
    "model": "reactives.text_to_text_detail",
    "pk": 26,
    "fields": {
        "text_to_text_id": 11,
        "answer": "Hola Ana",
        "correct_answer": false
    }
}, {
    "model": "reactives.text_to_text_detail",
    "pk": 27,
    "fields": {
        "text_to_text_id": 12,
        "answer": "Aguyje Ruth",
        "correct_answer": false
    }
}, {
    "model": "reactives.text_to_text_detail",
    "pk": 28,
    "fields": {
        "text_to_text_id": 12,
        "answer": "Maitei Ruth",
        "correct_answer": false
    }
}, {
    "model": "reactives.text_to_text_detail",
    "pk": 29,
    "fields": {
        "text_to_text_id": 12,
        "answer": "Nderéra Ruth",
        "correct_answer": true
    }
}, {
    "model": "reactives.text_to_text_detail",
    "pk": 30,
    "fields": {
        "text_to_text_id": 13,
        "answer": "Che Paraguáigua",
        "correct_answer": true
    }
}, {
    "model": "reactives.text_to_text_detail",
    "pk": 31,
    "fields": {
        "text_to_text_id": 13,
        "answer": "Che Paraguáire",
        "correct_answer": false
    }
}, {
    "model": "reactives.text_to_text_detail",
    "pk": 32,
    "fields": {
        "text_to_text_id": 13,
        "answer": "Che Paraguáirã",
        "correct_answer": false
    }
}, {
    "model": "reactives.text_to_text_detail",
    "pk": 33,
    "fields": {
        "text_to_text_id": 14,
        "answer": "Ha´e Españare",
        "correct_answer": false
    }
}, {
    "model": "reactives.text_to_text_detail",
    "pk": 34,
    "fields": {
        "text_to_text_id": 14,
        "answer": "Ha´e Españagua",
        "correct_answer": true
    }
}, {
    "model": "reactives.text_to_text_detail",
    "pk": 35,
    "fields": {
        "text_to_text_id": 14,
        "answer": "Ha´e Españarã",
        "correct_answer": false
    }
}, {
    "model": "reactives.text_to_text_detail",
    "pk": 36,
    "fields": {
        "text_to_text_id": 15,
        "answer": "Ha´ekuéra Franciarã",
        "correct_answer": false
    }
}, {
    "model": "reactives.text_to_text_detail",
    "pk": 37,
    "fields": {
        "text_to_text_id": 15,
        "answer": "Ha´ekuéra Franciare",
        "correct_answer": false
    }
}, {
    "model": "reactives.text_to_text_detail",
    "pk": 38,
    "fields": {
        "text_to_text_id": 15,
        "answer": "Ha´ekuéra Franciagua",
        "correct_answer": true
    }
}, {
    "model": "reactives.text_to_text_detail",
    "pk": 39,
    "fields": {
        "text_to_text_id": 16,
        "answer": "Ha'e",
        "correct_answer": true
    }
}, {
    "model": "reactives.text_to_text_detail",
    "pk": 41,
    "fields": {
        "text_to_text_id": 17,
        "answer": "Ha'e",
        "correct_answer": true
    }
}, {
    "model": "reactives.text_to_text_detail",
    "pk": 42,
    "fields": {
        "text_to_text_id": 18,
        "answer": "nguéra",
        "correct_answer": true
    }
}, {
    "model": "reactives.text_to_text_detail",
    "pk": 43,
    "fields": {
        "text_to_text_id": 19,
        "answer": "Kuñakuéra",
        "correct_answer": false
    }
}, {
    "model": "reactives.text_to_text_detail",
    "pk": 44,
    "fields": {
        "text_to_text_id": 19,
        "answer": "Kuña'i",
        "correct_answer": false
    }
}, {
    "model": "reactives.text_to_text_detail",
    "pk": 45,
    "fields": {
        "text_to_text_id": 19,
        "answer": "Kuñanguéra",
        "correct_answer": true
    }
}, {
    "model": "reactives.text_to_text_detail",
    "pk": 46,
    "fields": {
        "text_to_text_id": 20,
        "answer": "Ka'i",
        "correct_answer": false
    }
}, {
    "model": "reactives.text_to_text_detail",
    "pk": 47,
    "fields": {
        "text_to_text_id": 20,
        "answer": "Jakare",
        "correct_answer": true
    }
}, {
    "model": "reactives.text_to_text_detail",
    "pk": 48,
    "fields": {
        "text_to_text_id": 20,
        "answer": "Tukã",
        "correct_answer": false
    }
}, {
    "model": "reactives.text_to_text_detail",
    "pk": 49,
    "fields": {
        "text_to_text_id": 21,
        "answer": "eta",
        "correct_answer": true
    }
}, {
    "model": "reactives.text_to_text_detail",
    "pk": 50,
    "fields": {
        "text_to_text_id": 22,
        "answer": "Esta es su mano.",
        "correct_answer": false
    }
}, {
    "model": "reactives.text_to_text_detail",
    "pk": 51,
    "fields": {
        "text_to_text_id": 22,
        "answer": "Este es su pie.",
        "correct_answer": false
    }
}, {
    "model": "reactives.text_to_text_detail",
    "pk": 52,
    "fields": {
        "text_to_text_id": 22,
        "answer": "Esta es su cabeza.",
        "correct_answer": true
    }
}, {
    "model": "reactives.text_to_media",
    "pk": 1,
    "fields": {
        "question": "Mba’eteko. Cheréra Pedro. Mba’éichapa Cheréra Luis",
        "active": true
    }
}, {
    "model": "reactives.text_to_media",
    "pk": 2,
    "fields": {
        "question": "Ha´e España-gua",
        "active": true
    }
}, {
    "model": "reactives.text_to_media",
    "pk": 3,
    "fields": {
        "question": "Ha´ekuéra Argentina-gua",
        "active": true
    }
}, {
    "model": "reactives.text_to_media",
    "pk": 4,
    "fields": {
        "question": "Mbarakajakuéra",
        "active": true
    }
}, {
    "model": "reactives.text_to_media",
    "pk": 5,
    "fields": {
        "question": "Mbarakajakuéra",
        "active": true
    }
}, {
    "model": "reactives.text_to_media",
    "pk": 6,
    "fields": {
        "question": "Jaguaita",
        "active": true
    }
}, {
    "model": "reactives.text_to_media",
    "pk": 7,
    "fields": {
        "question": "Jaguaita",
        "active": true
    }
}, {
    "model": "reactives.text_to_media",
    "pk": 8,
    "fields": {
        "question": "Kóva iñakã.",
        "active": true
    }
}, {
    "model": "reactives.text_to_media_detail",
    "pk": 1,
    "fields": {
        "text_to_media_id": 1,
        "answer_filename": "text_to_media/1.jpg",
        "correct_answer": true,
        "description": ""
    }
}, {
    "model": "reactives.text_to_media_detail",
    "pk": 2,
    "fields": {
        "text_to_media_id": 1,
        "answer_filename": "text_to_media/2.png",
        "correct_answer": false,
        "description": ""
    }
}, {
    "model": "reactives.text_to_media_detail",
    "pk": 3,
    "fields": {
        "text_to_media_id": 1,
        "answer_filename": "text_to_media/3.jpg",
        "correct_answer": false,
        "description": ""
    }
}, {
    "model": "reactives.text_to_media_detail",
    "pk": 4,
    "fields": {
        "text_to_media_id": 2,
        "answer_filename": "text_to_media/Ha_e_4.1_-7.1_7.2_rta_correcta._10_columna_A.png",
        "correct_answer": true,
        "description": ""
    }
}, {
    "model": "reactives.text_to_media_detail",
    "pk": 5,
    "fields": {
        "text_to_media_id": 2,
        "answer_filename": "text_to_media/4._2-_7.2_y_7.4_Ha_ekuéra_y_columna_A.png",
        "correct_answer": false,
        "description": ""
    }
}, {
    "model": "reactives.text_to_media_detail",
    "pk": 6,
    "fields": {
        "text_to_media_id": 2,
        "answer_filename": "text_to_media/Che_7.1-7.1-_opción_incorrecta_y_columna_A.png",
        "correct_answer": false,
        "description": ""
    }
}, {
    "model": "reactives.text_to_media_detail",
    "pk": 7,
    "fields": {
        "text_to_media_id": 3,
        "answer_filename": "text_to_media/Che_7.1-7.1-_opción_incorrecta_y_columna_A_Sm3TeQ5.png",
        "correct_answer": false,
        "description": ""
    }
}, {
    "model": "reactives.text_to_media_detail",
    "pk": 8,
    "fields": {
        "text_to_media_id": 3,
        "answer_filename": "text_to_media/4._2-_7.2_y_7.4_Ha_ekuéra_y_columna_A_YrDTE8w.png",
        "correct_answer": true,
        "description": ""
    }
}, {
    "model": "reactives.text_to_media_detail",
    "pk": 9,
    "fields": {
        "text_to_media_id": 3,
        "answer_filename": "text_to_media/Ha_e_4.1_-7.1_7.2_rta_correcta._10_columna_A_rwgdYeB.png",
        "correct_answer": false,
        "description": ""
    }
}, {
    "model": "reactives.text_to_media_detail",
    "pk": 10,
    "fields": {
        "text_to_media_id": 4,
        "answer_filename": "text_to_media/Gatos.png",
        "correct_answer": true,
        "description": ""
    }
}, {
    "model": "reactives.text_to_media_detail",
    "pk": 11,
    "fields": {
        "text_to_media_id": 4,
        "answer_filename": "text_to_media/gallinas.png",
        "correct_answer": false,
        "description": ""
    }
}, {
    "model": "reactives.text_to_media_detail",
    "pk": 12,
    "fields": {
        "text_to_media_id": 4,
        "answer_filename": "text_to_media/4_perros.png",
        "correct_answer": false,
        "description": ""
    }
}, {
    "model": "reactives.text_to_media_detail",
    "pk": 13,
    "fields": {
        "text_to_media_id": 5,
        "answer_filename": "text_to_media/Gatos_gNahi9w.png",
        "correct_answer": true,
        "description": ""
    }
}, {
    "model": "reactives.text_to_media_detail",
    "pk": 14,
    "fields": {
        "text_to_media_id": 5,
        "answer_filename": "text_to_media/gallinas_VAsdJ0s.png",
        "correct_answer": false,
        "description": ""
    }
}, {
    "model": "reactives.text_to_media_detail",
    "pk": 15,
    "fields": {
        "text_to_media_id": 5,
        "answer_filename": "text_to_media/4_perros_TmzkEgu.png",
        "correct_answer": false,
        "description": ""
    }
}, {
    "model": "reactives.text_to_media_detail",
    "pk": 16,
    "fields": {
        "text_to_media_id": 6,
        "answer_filename": "text_to_media/Gatos_ZpWDlRA.png",
        "correct_answer": false,
        "description": ""
    }
}, {
    "model": "reactives.text_to_media_detail",
    "pk": 17,
    "fields": {
        "text_to_media_id": 6,
        "answer_filename": "text_to_media/4_perros_nIILxMt.png",
        "correct_answer": true,
        "description": ""
    }
}, {
    "model": "reactives.text_to_media_detail",
    "pk": 18,
    "fields": {
        "text_to_media_id": 6,
        "answer_filename": "text_to_media/gallinas_k5DAhyz.png",
        "correct_answer": false,
        "description": ""
    }
}, {
    "model": "reactives.text_to_media_detail",
    "pk": 19,
    "fields": {
        "text_to_media_id": 7,
        "answer_filename": "text_to_media/Gatos_8MTB50g.png",
        "correct_answer": false,
        "description": ""
    }
}, {
    "model": "reactives.text_to_media_detail",
    "pk": 20,
    "fields": {
        "text_to_media_id": 7,
        "answer_filename": "text_to_media/4_perros_t4mAENy.png",
        "correct_answer": true,
        "description": ""
    }
}, {
    "model": "reactives.text_to_media_detail",
    "pk": 21,
    "fields": {
        "text_to_media_id": 7,
        "answer_filename": "text_to_media/gallinas_DZVlbfv.png",
        "correct_answer": false,
        "description": ""
    }
}, {
    "model": "reactives.text_to_media_detail",
    "pk": 22,
    "fields": {
        "text_to_media_id": 8,
        "answer_filename": "text_to_media/Mano.png",
        "correct_answer": false,
        "description": "Mano"
    }
}, {
    "model": "reactives.text_to_media_detail",
    "pk": 23,
    "fields": {
        "text_to_media_id": 8,
        "answer_filename": "text_to_media/Cara.png",
        "correct_answer": true,
        "description": "Kóva iñakã."
    }
}, {
    "model": "reactives.text_to_media_detail",
    "pk": 24,
    "fields": {
        "text_to_media_id": 8,
        "answer_filename": "text_to_media/pie.png",
        "correct_answer": false,
        "description": "Pie"
    }
}, {
    "model": "reactives.media_to_text",
    "pk": 1,
    "fields": {
        "filename": "media_to_text/1.A.5.m4a",
        "description": "Maitei INPUT Sára.",
        "active": true
    }
}, {
    "model": "reactives.media_to_text",
    "pk": 2,
    "fields": {
        "filename": "media_to_text/1.A.6.m4a",
        "description": "Mba’eteko. Cheréra Pedro",
        "active": true
    }
}, {
    "model": "reactives.media_to_text",
    "pk": 3,
    "fields": {
        "filename": "media_to_text/1.A.7.m4a",
        "description": "Maiteimi. INPUT Sara.",
        "active": true
    }
}, {
    "model": "reactives.media_to_text",
    "pk": 5,
    "fields": {
        "filename": "media_to_text/1.A.12.m4a",
        "description": "Maitei. Mba’éichapa nderéra.",
        "active": true
    }
}, {
    "model": "reactives.media_to_text",
    "pk": 13,
    "fields": {
        "filename": "media_to_text/Maitei.m4a",
        "description": "Maitei Cheréra Belén ha che Paraguáigua",
        "active": true
    }
}, {
    "model": "reactives.media_to_text",
    "pk": 14,
    "fields": {
        "filename": "media_to_text/2.a.2.Irũnguéra.mp3",
        "description": "Irũnguéra",
        "active": true
    }
}, {
    "model": "reactives.media_to_text",
    "pk": 15,
    "fields": {
        "filename": "media_to_text/2.a.6_Okañy_che_kuatiakuéra.mp3",
        "description": "Okañy che INPUT .",
        "active": true
    }
}, {
    "model": "reactives.media_to_text",
    "pk": 16,
    "fields": {
        "filename": "media_to_text/gallinas.png",
        "description": "Ryguasukuéra",
        "active": true
    }
}, {
    "model": "reactives.media_to_text",
    "pk": 17,
    "fields": {
        "filename": "media_to_text/2.a.12.Mboieta.mp3",
        "description": "Mboieta",
        "active": true
    }
}, {
    "model": "reactives.media_to_text",
    "pk": 18,
    "fields": {
        "filename": "media_to_text/papel.png",
        "description": "Kuatiaita",
        "active": true
    }
}, {
    "model": "reactives.media_to_text",
    "pk": 19,
    "fields": {
        "filename": "media_to_text/Mano.png",
        "description": "Péva ipo.",
        "active": true
    }
}, {
    "model": "reactives.media_to_text",
    "pk": 20,
    "fields": {
        "filename": "media_to_text/2.a.17.Péva_ipo.mp3",
        "description": "Péva ipo.",
        "active": true
    }
}, {
    "model": "reactives.media_to_text",
    "pk": 21,
    "fields": {
        "filename": "media_to_text/2.a.20.Umíva_oñemoarandu.mp3",
        "description": "Umíva oñemoarandu.",
        "active": true
    }
}, {
    "model": "reactives.media_to_text_detail",
    "pk": 1,
    "fields": {
        "media_to_text_id": 1,
        "answer": "Cheréra",
        "correct_answer": true
    }
}, {
    "model": "reactives.media_to_text_detail",
    "pk": 4,
    "fields": {
        "media_to_text_id": 2,
        "answer": "Maitei",
        "correct_answer": false
    }
}, {
    "model": "reactives.media_to_text_detail",
    "pk": 5,
    "fields": {
        "media_to_text_id": 2,
        "answer": "Mba’eteko",
        "correct_answer": true
    }
}, {
    "model": "reactives.media_to_text_detail",
    "pk": 6,
    "fields": {
        "media_to_text_id": 2,
        "answer": "Mba’éichapa",
        "correct_answer": false
    }
}, {
    "model": "reactives.media_to_text_detail",
    "pk": 7,
    "fields": {
        "media_to_text_id": 3,
        "answer": "Cheréra",
        "correct_answer": true
    }
}, {
    "model": "reactives.media_to_text_detail",
    "pk": 11,
    "fields": {
        "media_to_text_id": 5,
        "answer": "Aguyje",
        "correct_answer": false
    }
}, {
    "model": "reactives.media_to_text_detail",
    "pk": 12,
    "fields": {
        "media_to_text_id": 5,
        "answer": "Ha nde.",
        "correct_answer": false
    }
}, {
    "model": "reactives.media_to_text_detail",
    "pk": 13,
    "fields": {
        "media_to_text_id": 5,
        "answer": "Cheréra Aldo",
        "correct_answer": true
    }
}, {
    "model": "reactives.media_to_text_detail",
    "pk": 21,
    "fields": {
        "media_to_text_id": 13,
        "answer": "Hola, me llamo Belén  y soy de Paraguay",
        "correct_answer": true
    }
}, {
    "model": "reactives.media_to_text_detail",
    "pk": 22,
    "fields": {
        "media_to_text_id": 13,
        "answer": "Yo vivo en Paraguay",
        "correct_answer": false
    }
}, {
    "model": "reactives.media_to_text_detail",
    "pk": 23,
    "fields": {
        "media_to_text_id": 13,
        "answer": "Mi nombre es Belén y mi familia vive en Paraguay",
        "correct_answer": false
    }
}, {
    "model": "reactives.media_to_text_detail",
    "pk": 24,
    "fields": {
        "media_to_text_id": 14,
        "answer": "Irũkuéra",
        "correct_answer": false
    }
}, {
    "model": "reactives.media_to_text_detail",
    "pk": 25,
    "fields": {
        "media_to_text_id": 14,
        "answer": "Irúnguéra",
        "correct_answer": true
    }
}, {
    "model": "reactives.media_to_text_detail",
    "pk": 26,
    "fields": {
        "media_to_text_id": 14,
        "answer": "Jaguakuéra",
        "correct_answer": false
    }
}, {
    "model": "reactives.media_to_text_detail",
    "pk": 27,
    "fields": {
        "media_to_text_id": 15,
        "answer": "kuatiakuéra",
        "correct_answer": true
    }
}, {
    "model": "reactives.media_to_text_detail",
    "pk": 28,
    "fields": {
        "media_to_text_id": 16,
        "answer": "Jaguakuéra",
        "correct_answer": false
    }
}, {
    "model": "reactives.media_to_text_detail",
    "pk": 29,
    "fields": {
        "media_to_text_id": 16,
        "answer": "Ryguasukuéra",
        "correct_answer": true
    }
}, {
    "model": "reactives.media_to_text_detail",
    "pk": 30,
    "fields": {
        "media_to_text_id": 16,
        "answer": "Mbarakajakuéra",
        "correct_answer": false
    }
}, {
    "model": "reactives.media_to_text_detail",
    "pk": 31,
    "fields": {
        "media_to_text_id": 17,
        "answer": "Riguasueta",
        "correct_answer": false
    }
}, {
    "model": "reactives.media_to_text_detail",
    "pk": 32,
    "fields": {
        "media_to_text_id": 17,
        "answer": "Jaguaita",
        "correct_answer": false
    }
}, {
    "model": "reactives.media_to_text_detail",
    "pk": 33,
    "fields": {
        "media_to_text_id": 17,
        "answer": "Mboieta",
        "correct_answer": true
    }
}, {
    "model": "reactives.media_to_text_detail",
    "pk": 34,
    "fields": {
        "media_to_text_id": 18,
        "answer": "Leõita",
        "correct_answer": false
    }
}, {
    "model": "reactives.media_to_text_detail",
    "pk": 35,
    "fields": {
        "media_to_text_id": 18,
        "answer": "Kuatiaita",
        "correct_answer": true
    }
}, {
    "model": "reactives.media_to_text_detail",
    "pk": 36,
    "fields": {
        "media_to_text_id": 18,
        "answer": "Aguaraita",
        "correct_answer": false
    }
}, {
    "model": "reactives.media_to_text_detail",
    "pk": 37,
    "fields": {
        "media_to_text_id": 19,
        "answer": "Péva iñakã.",
        "correct_answer": false
    }
}, {
    "model": "reactives.media_to_text_detail",
    "pk": 38,
    "fields": {
        "media_to_text_id": 19,
        "answer": "Péva ipy.",
        "correct_answer": false
    }
}, {
    "model": "reactives.media_to_text_detail",
    "pk": 39,
    "fields": {
        "media_to_text_id": 19,
        "answer": "Péva ipo.",
        "correct_answer": true
    }
}, {
    "model": "reactives.media_to_text_detail",
    "pk": 40,
    "fields": {
        "media_to_text_id": 20,
        "answer": "Este es su pie.",
        "correct_answer": false
    }
}, {
    "model": "reactives.media_to_text_detail",
    "pk": 41,
    "fields": {
        "media_to_text_id": 20,
        "answer": "Esta es su mano.",
        "correct_answer": true
    }
}, {
    "model": "reactives.media_to_text_detail",
    "pk": 42,
    "fields": {
        "media_to_text_id": 20,
        "answer": "Esta es su cabeza.",
        "correct_answer": false
    }
}, {
    "model": "reactives.media_to_text_detail",
    "pk": 43,
    "fields": {
        "media_to_text_id": 21,
        "answer": "Aquel estudia.",
        "correct_answer": false
    }
}, {
    "model": "reactives.media_to_text_detail",
    "pk": 44,
    "fields": {
        "media_to_text_id": 21,
        "answer": "Aquella estudia.",
        "correct_answer": false
    }
}, {
    "model": "reactives.media_to_text_detail",
    "pk": 45,
    "fields": {
        "media_to_text_id": 21,
        "answer": "Aquellos estudian.",
        "correct_answer": true
    }
}, {
    "model": "reactives.media_to_media",
    "pk": 1,
    "fields": {
        "filename": "media_to_media/1.a.1_aCVu5p3.jpg",
        "description": "",
        "active": true
    }
}, {
    "model": "reactives.media_to_media",
    "pk": 2,
    "fields": {
        "filename": "media_to_media/1.a.2_Fg7GP8F.jpg",
        "description": "",
        "active": true
    }
}, {
    "model": "reactives.media_to_media",
    "pk": 3,
    "fields": {
        "filename": "media_to_media/1.a.3_9sNjWzl.jpg",
        "description": "",
        "active": true
    }
}, {
    "model": "reactives.media_to_media",
    "pk": 4,
    "fields": {
        "filename": "media_to_media/1.a.4_oJdUstq.jpg",
        "description": "",
        "active": true
    }
}, {
    "model": "reactives.media_to_media",
    "pk": 5,
    "fields": {
        "filename": "media_to_media/1.A.1.m4a",
        "description": "Ejercicio-8",
        "active": true
    }
}, {
    "model": "reactives.media_to_media",
    "pk": 6,
    "fields": {
        "filename": "media_to_media/1.a.9.jpg",
        "description": "",
        "active": true
    }
}, {
    "model": "reactives.media_to_media",
    "pk": 7,
    "fields": {
        "filename": "media_to_media/1.a.10.jpg",
        "description": "",
        "active": true
    }
}, {
    "model": "reactives.media_to_media",
    "pk": 8,
    "fields": {
        "filename": "media_to_media/1.a.11.jpg",
        "description": "",
        "active": true
    }
}, {
    "model": "reactives.media_to_media",
    "pk": 9,
    "fields": {
        "filename": "media_to_media/1.A.19.aif",
        "description": "Lucía Paraguaigua",
        "active": true
    }
}, {
    "model": "reactives.media_to_media",
    "pk": 10,
    "fields": {
        "filename": "media_to_media/1.A.19_v68Yrb6.aif",
        "description": "Lucía Paraguaigua",
        "active": true
    }
}, {
    "model": "reactives.media_to_media",
    "pk": 11,
    "fields": {
        "filename": "media_to_media/1.A.20.aif",
        "description": "Mba’éichapa",
        "active": true
    }
}, {
    "model": "reactives.media_to_media",
    "pk": 12,
    "fields": {
        "filename": "media_to_media/1.A.21_rta_correcta.m4a",
        "description": "Maiteimi. Cheréra Lucía",
        "active": true
    }
}, {
    "model": "reactives.media_to_media",
    "pk": 13,
    "fields": {
        "filename": "media_to_media/1.A.22.aif",
        "description": "Ndépiko Aldo Vega.",
        "active": true
    }
}, {
    "model": "reactives.media_to_media",
    "pk": 14,
    "fields": {
        "filename": "media_to_media/1.a.13.jpg",
        "description": "",
        "active": true
    }
}, {
    "model": "reactives.media_to_media",
    "pk": 15,
    "fields": {
        "filename": "media_to_media/1.a.14.jpg",
        "description": "",
        "active": true
    }
}, {
    "model": "reactives.media_to_media",
    "pk": 16,
    "fields": {
        "filename": "media_to_media/1.a.15.jpg",
        "description": "",
        "active": true
    }
}, {
    "model": "reactives.media_to_media",
    "pk": 17,
    "fields": {
        "filename": "media_to_media/1.a.16.jpg",
        "description": "",
        "active": true
    }
}, {
    "model": "reactives.media_to_media",
    "pk": 18,
    "fields": {
        "filename": "media_to_media/1.a.17.jpg",
        "description": "",
        "active": true
    }
}, {
    "model": "reactives.media_to_media",
    "pk": 19,
    "fields": {
        "filename": "media_to_media/1.a.18.jpg",
        "description": "",
        "active": true
    }
}, {
    "model": "reactives.media_to_media",
    "pk": 20,
    "fields": {
        "filename": "media_to_media/7._1_cap_1b.m4a",
        "description": "Ha'e",
        "active": true
    }
}, {
    "model": "reactives.media_to_media",
    "pk": 21,
    "fields": {
        "filename": "media_to_media/2.a.4.Aguara.mp3",
        "description": "Aguara",
        "active": true
    }
}, {
    "model": "reactives.media_to_media",
    "pk": 22,
    "fields": {
        "filename": "media_to_media/2.a.10.Rugido_de_león.mp3",
        "description": "Rugido de un león",
        "active": true
    }
}, {
    "model": "reactives.media_to_media",
    "pk": 23,
    "fields": {
        "filename": "media_to_media/2.a.18.Koãva.mp3",
        "description": "",
        "active": true
    }
}, {
    "model": "reactives.media_to_media",
    "pk": 24,
    "fields": {
        "filename": "media_to_media/2.a.19.Ko_kuimbae.mp3",
        "description": "Ko kiumba'e",
        "active": true
    }
}, {
    "model": "reactives.media_to_media_detail",
    "pk": 1,
    "fields": {
        "media_to_media_id": 1,
        "answer_filename": "Media_to_media_details/1.A.1_rMsTuMJ.m4a",
        "correct_answer": true,
        "description": "Maitei. Che cheréra Sara."
    }
}, {
    "model": "reactives.media_to_media_detail",
    "pk": 2,
    "fields": {
        "media_to_media_id": 2,
        "answer_filename": "Media_to_media_details/1.A.2_rYhbJfA.m4a",
        "correct_answer": true,
        "description": "Mba’éichapa. Che cheréra Daniel."
    }
}, {
    "model": "reactives.media_to_media_detail",
    "pk": 3,
    "fields": {
        "media_to_media_id": 3,
        "answer_filename": "Media_to_media_details/1.A.3.7.10.21_o5YM27l.m4a",
        "correct_answer": true,
        "description": "Maiteimi. Cheréra Lucía."
    }
}, {
    "model": "reactives.media_to_media_detail",
    "pk": 4,
    "fields": {
        "media_to_media_id": 4,
        "answer_filename": "Media_to_media_details/1.A.4.6_brAx8FS.aif",
        "correct_answer": true,
        "description": "Mba’eteko. Cheréra Pedro."
    }
}, {
    "model": "reactives.media_to_media_detail",
    "pk": 5,
    "fields": {
        "media_to_media_id": 5,
        "answer_filename": "Media_to_media_details/1.A.1_Bng7d1v.m4a",
        "correct_answer": false,
        "description": ""
    }
}, {
    "model": "reactives.media_to_media_detail",
    "pk": 6,
    "fields": {
        "media_to_media_id": 5,
        "answer_filename": "Media_to_media_details/1.A.2_NLspLFm.m4a",
        "correct_answer": true,
        "description": ""
    }
}, {
    "model": "reactives.media_to_media_detail",
    "pk": 7,
    "fields": {
        "media_to_media_id": 5,
        "answer_filename": "Media_to_media_details/1.A.3.7.10.21_h2RlTyy.m4a",
        "correct_answer": false,
        "description": ""
    }
}, {
    "model": "reactives.media_to_media_detail",
    "pk": 8,
    "fields": {
        "media_to_media_id": 6,
        "answer_filename": "Media_to_media_details/1.A.9.m4a",
        "correct_answer": true,
        "description": "Ruth: Maitei. Mba’éichapa nderéra. Aldo: Aldo."
    }
}, {
    "model": "reactives.media_to_media_detail",
    "pk": 9,
    "fields": {
        "media_to_media_id": 7,
        "answer_filename": "Media_to_media_details/1.A.1_VvVWSim.m4a",
        "correct_answer": true,
        "description": "Maiteimi. Cheréra Lucía."
    }
}, {
    "model": "reactives.media_to_media_detail",
    "pk": 10,
    "fields": {
        "media_to_media_id": 8,
        "answer_filename": "Media_to_media_details/1.A.11..m4a",
        "correct_answer": true,
        "description": "Mba’eteko. Cheréra Pedro. Mba’éichapa. Cheréra Luis."
    }
}, {
    "model": "reactives.media_to_media_detail",
    "pk": 11,
    "fields": {
        "media_to_media_id": 9,
        "answer_filename": "Media_to_media_details/ENGLAND_FLAG.webp",
        "correct_answer": false,
        "description": ""
    }
}, {
    "model": "reactives.media_to_media_detail",
    "pk": 12,
    "fields": {
        "media_to_media_id": 9,
        "answer_filename": "Media_to_media_details/PARAGUAY_FLAG.png",
        "correct_answer": true,
        "description": ""
    }
}, {
    "model": "reactives.media_to_media_detail",
    "pk": 13,
    "fields": {
        "media_to_media_id": 9,
        "answer_filename": "Media_to_media_details/usaflag.png",
        "correct_answer": false,
        "description": ""
    }
}, {
    "model": "reactives.media_to_media_detail",
    "pk": 14,
    "fields": {
        "media_to_media_id": 10,
        "answer_filename": "Media_to_media_details/ENGLAND_FLAG_zFYvaxA.webp",
        "correct_answer": false,
        "description": ""
    }
}, {
    "model": "reactives.media_to_media_detail",
    "pk": 15,
    "fields": {
        "media_to_media_id": 10,
        "answer_filename": "Media_to_media_details/PARAGUAY_FLAG_RGUA1nk.png",
        "correct_answer": true,
        "description": ""
    }
}, {
    "model": "reactives.media_to_media_detail",
    "pk": 16,
    "fields": {
        "media_to_media_id": 10,
        "answer_filename": "Media_to_media_details/US_FLAG_tyzjVhI.png",
        "correct_answer": false,
        "description": ""
    }
}, {
    "model": "reactives.media_to_media_detail",
    "pk": 17,
    "fields": {
        "media_to_media_id": 11,
        "answer_filename": "Media_to_media_details/1.A.20.aguyje.aif",
        "correct_answer": false,
        "description": ""
    }
}, {
    "model": "reactives.media_to_media_detail",
    "pk": 18,
    "fields": {
        "media_to_media_id": 11,
        "answer_filename": "Media_to_media_details/1.A.20.iporante.aif",
        "correct_answer": true,
        "description": ""
    }
}, {
    "model": "reactives.media_to_media_detail",
    "pk": 19,
    "fields": {
        "media_to_media_id": 11,
        "answer_filename": "Media_to_media_details/1.A.20.hee.aif",
        "correct_answer": false,
        "description": ""
    }
}, {
    "model": "reactives.media_to_media_detail",
    "pk": 20,
    "fields": {
        "media_to_media_id": 12,
        "answer_filename": "Media_to_media_details/1.A.21_rta_correcta.m4a",
        "correct_answer": true,
        "description": "Maitei. Che cheréra Sara"
    }
}, {
    "model": "reactives.media_to_media_detail",
    "pk": 21,
    "fields": {
        "media_to_media_id": 12,
        "answer_filename": "Media_to_media_details/1.A.21_opción_2.m4a",
        "correct_answer": false,
        "description": "Aguyje"
    }
}, {
    "model": "reactives.media_to_media_detail",
    "pk": 22,
    "fields": {
        "media_to_media_id": 12,
        "answer_filename": "Media_to_media_details/1.A.21_opción_3.m4a",
        "correct_answer": false,
        "description": "Paraguaigua"
    }
}, {
    "model": "reactives.media_to_media_detail",
    "pk": 23,
    "fields": {
        "media_to_media_id": 13,
        "answer_filename": "Media_to_media_details/1.A.22.iporante.aif",
        "correct_answer": true,
        "description": "Iporãnte"
    }
}, {
    "model": "reactives.media_to_media_detail",
    "pk": 24,
    "fields": {
        "media_to_media_id": 13,
        "answer_filename": "Media_to_media_details/1.A.22.mba_eteko.aif",
        "correct_answer": false,
        "description": "Mba’eteko"
    }
}, {
    "model": "reactives.media_to_media_detail",
    "pk": 25,
    "fields": {
        "media_to_media_id": 13,
        "answer_filename": "Media_to_media_details/1.A.22.nahaniri._che_aldo_vera.aif",
        "correct_answer": false,
        "description": "Nahániri. Che Aldo Vera"
    }
}, {
    "model": "reactives.media_to_media_detail",
    "pk": 26,
    "fields": {
        "media_to_media_id": 14,
        "answer_filename": "Media_to_media_details/1.A.13.m4a",
        "correct_answer": true,
        "description": "Ndépiko Aldo Vera. Nahániri. Che Aldo Vega."
    }
}, {
    "model": "reactives.media_to_media_detail",
    "pk": 27,
    "fields": {
        "media_to_media_id": 15,
        "answer_filename": "Media_to_media_details/1.A.14.m4a",
        "correct_answer": true,
        "description": "Cheréra Ruth Pereira. <br/> Mba’éichapa Ruth. <br/> Iporãnte, ha nde. <br/> Iporãnte avei."
    }
}, {
    "model": "reactives.media_to_media_detail",
    "pk": 28,
    "fields": {
        "media_to_media_id": 16,
        "answer_filename": "Media_to_media_details/1.A.15.m4a",
        "correct_answer": true,
        "description": "Tereg̃uahẽ porãite <br/> Aguyje"
    }
}, {
    "model": "reactives.media_to_media_detail",
    "pk": 29,
    "fields": {
        "media_to_media_id": 17,
        "answer_filename": "Media_to_media_details/1.A.16.m4a",
        "correct_answer": true,
        "description": "Mba’eteko Carlos. <br/> Mba’éiko Carol."
    }
}, {
    "model": "reactives.media_to_media_detail",
    "pk": 30,
    "fields": {
        "media_to_media_id": 18,
        "answer_filename": "Media_to_media_details/1.A.17.m4a",
        "correct_answer": true,
        "description": "Cheréra Ruth. <br/> Mba’éichapa Ruth. <br/> Iporãnte, ha nde. <br/>  Iporãnte avei."
    }
}, {
    "model": "reactives.media_to_media_detail",
    "pk": 31,
    "fields": {
        "media_to_media_id": 19,
        "answer_filename": "Media_to_media_details/1.A.18.m4a",
        "correct_answer": true,
        "description": "Ha ndepiko Paraguaja. <br/> Heẽ . Upéicha"
    }
}, {
    "model": "reactives.media_to_media_detail",
    "pk": 32,
    "fields": {
        "media_to_media_id": 20,
        "answer_filename": "Media_to_media_details/Ha_e_4.1_-7.1_7.2_rta_correcta._10_columna_A.png",
        "correct_answer": true,
        "description": ""
    }
}, {
    "model": "reactives.media_to_media_detail",
    "pk": 33,
    "fields": {
        "media_to_media_id": 20,
        "answer_filename": "Media_to_media_details/4._2-_7.2_y_7.4_Ha_ekuéra_y_columna_A.png",
        "correct_answer": false,
        "description": ""
    }
}, {
    "model": "reactives.media_to_media_detail",
    "pk": 34,
    "fields": {
        "media_to_media_id": 20,
        "answer_filename": "Media_to_media_details/Che_7.1-7.1-_opción_incorrecta_y_columna_A.png",
        "correct_answer": false,
        "description": ""
    }
}, {
    "model": "reactives.media_to_media_detail",
    "pk": 35,
    "fields": {
        "media_to_media_id": 21,
        "answer_filename": "Media_to_media_details/2.a.4.Perro.mp3",
        "correct_answer": false,
        "description": "Perro"
    }
}, {
    "model": "reactives.media_to_media_detail",
    "pk": 36,
    "fields": {
        "media_to_media_id": 21,
        "answer_filename": "Media_to_media_details/2.a.4.León.mp3",
        "correct_answer": false,
        "description": "León"
    }
}, {
    "model": "reactives.media_to_media_detail",
    "pk": 37,
    "fields": {
        "media_to_media_id": 21,
        "answer_filename": "Media_to_media_details/2.a.4.Zorro.mp3",
        "correct_answer": true,
        "description": "Zorro"
    }
}, {
    "model": "reactives.media_to_media_detail",
    "pk": 38,
    "fields": {
        "media_to_media_id": 22,
        "answer_filename": "Media_to_media_details/2.a.10.Jagua.mp3",
        "correct_answer": false,
        "description": "Jagua"
    }
}, {
    "model": "reactives.media_to_media_detail",
    "pk": 39,
    "fields": {
        "media_to_media_id": 22,
        "answer_filename": "Media_to_media_details/2.a.10.Leõ.mp3",
        "correct_answer": true,
        "description": "Leõ"
    }
}, {
    "model": "reactives.media_to_media_detail",
    "pk": 40,
    "fields": {
        "media_to_media_id": 22,
        "answer_filename": "Media_to_media_details/2.a.10.Aguara.mp3",
        "correct_answer": false,
        "description": "Aguara"
    }
}, {
    "model": "reactives.media_to_media_detail",
    "pk": 41,
    "fields": {
        "media_to_media_id": 23,
        "answer_filename": "Media_to_media_details/pie.png",
        "correct_answer": false,
        "description": ""
    }
}, {
    "model": "reactives.media_to_media_detail",
    "pk": 42,
    "fields": {
        "media_to_media_id": 23,
        "answer_filename": "Media_to_media_details/Cara.png",
        "correct_answer": false,
        "description": ""
    }
}, {
    "model": "reactives.media_to_media_detail",
    "pk": 43,
    "fields": {
        "media_to_media_id": 23,
        "answer_filename": "Media_to_media_details/4_perros.png",
        "correct_answer": true,
        "description": ""
    }
}, {
    "model": "reactives.media_to_media_detail",
    "pk": 44,
    "fields": {
        "media_to_media_id": 24,
        "answer_filename": "Media_to_media_details/2.a.19.Umíva.mp3",
        "correct_answer": false,
        "description": "Umíva"
    }
}, {
    "model": "reactives.media_to_media_detail",
    "pk": 45,
    "fields": {
        "media_to_media_id": 24,
        "answer_filename": "Media_to_media_details/2.a.18.Koãva.mp3",
        "correct_answer": false,
        "description": ""
    }
}, {
    "model": "reactives.media_to_media_detail",
    "pk": 46,
    "fields": {
        "media_to_media_id": 24,
        "answer_filename": "Media_to_media_details/2.a.19.Kóva.mp3",
        "correct_answer": true,
        "description": ""
    }
}]